<?xml version="1.0" encoding="UTF-8"?>
<root>
  <language id="english">
    <entry id="str_and"><![CDATA[and]]></entry>
    <entry id="str_week"><![CDATA[Week %d]]></entry>
    <entry id="str_level"><![CDATA[Lvl.]]></entry>
    <entry id="str_in_the"><![CDATA[in the]]></entry>
    <entry id="str_party_members_1"><![CDATA[%s]]></entry>
    <entry id="str_party_members_2"><![CDATA[%s and %s]]></entry>
    <entry id="str_party_members_3"><![CDATA[%s, %s and %s]]></entry>
    <entry id="str_party_members_4"><![CDATA[%s, %s, %s and %s]]></entry>
    <entry id="str_difficulty_1"><![CDATA[Lvl. 1]]></entry>
    <entry id="str_difficulty_3"><![CDATA[Lvl. 3]]></entry>
    <entry id="str_difficulty_5"><![CDATA[Lvl. 5]]></entry>
    <entry id="str_difficulty_6"><![CDATA[Lvl. 6]]></entry>
    <entry id="str_perished"><![CDATA[%s met their final fate during the quest.]]></entry>
    <entry id="str_allperished"><![CDATA[%s joined each other in a heroic demise. There were no survivors.]]></entry>
    <entry id="str_perished_from_darkest_dungeon_exit"><![CDATA[%s died ensuring others could escape from the Darkest Dungeon.]]></entry>
    <entry id="str_embarked_on_explore_crypts"><![CDATA[{?hero_names}%s set forth to explore the Ruins. ({?difficulty}%s {?length}%s)]]></entry>
    <entry id="str_embarked_on_explore_weald"><![CDATA[{?hero_names}%s set forth to explore the Weald. ({?difficulty}%s {?length}%s)]]></entry>
    <entry id="str_embarked_on_explore_warrens"><![CDATA[{?hero_names}%s set forth to explore the Warrens. ({?difficulty}%s {?length}%s)]]></entry>
    <entry id="str_embarked_on_explore_cove"><![CDATA[{?hero_names}%s set forth to explore the Cove. ({?difficulty}%s {?length}%s)]]></entry>
    <entry id="str_embarked_on_cleanse_crypts"><![CDATA[{?hero_names}%s embarked to slay evil in the Ruins. ({?difficulty}%s {?length}%s)]]></entry>
    <entry id="str_embarked_on_cleanse_weald"><![CDATA[{?hero_names}%s embarked to slay evil in the Weald. ({?difficulty}%s {?length}%s)]]></entry>
    <entry id="str_embarked_on_cleanse_warrens"><![CDATA[{?hero_names}%s embarked to slay evil in the Warrens. ({?difficulty}%s {?length}%s)]]></entry>
    <entry id="str_embarked_on_cleanse_cove"><![CDATA[{?hero_names}%s embarked to slay evil in the Cove. ({?difficulty}%s {?length}%s)]]></entry>
    <entry id="str_embarked_on_kill_boss_crypts"><![CDATA[{?hero_names}%s set forth to purge our ancestral Ruins of the Necromancer. ({?difficulty}%s {?length}%s)]]></entry>
    <entry id="str_embarked_on_kill_boss_weald"><![CDATA[{?hero_names}%s embarked to the Weald, determined to hunt and slay a foul cannibalistic Hag. ({?difficulty}%s {?length}%s)]]></entry>
    <entry id="str_embarked_on_kill_boss_warrens"><![CDATA[{?hero_names}%s delved deep into the Warrens, bent on destruction of the gargantuan Swine Prince. ({?difficulty}%s {?length}%s)]]></entry>
    <entry id="str_embarked_on_plot_kill_necromancer_1"><![CDATA[{?hero_names}%s set forth to purge our ancestral Ruins of the Necromancer. ({?difficulty}%s {?length}%s)]]></entry>
    <entry id="str_embarked_on_plot_kill_necromancer_2"><![CDATA[{?hero_names}%s set forth to purge our ancestral Ruins of the Necromancer. ({?difficulty}%s {?length}%s)]]></entry>
    <entry id="str_embarked_on_plot_kill_necromancer_3"><![CDATA[{?hero_names}%s set forth to purge our ancestral Ruins of the Necromancer. ({?difficulty}%s {?length}%s)]]></entry>
    <entry id="str_embarked_on_plot_kill_hag_1"><![CDATA[{?hero_names}%s embarked to the Weald, determined to hunt and slay a foul cannibalistic Hag. ({?difficulty}%s {?length}%s)]]></entry>
    <entry id="str_embarked_on_plot_kill_hag_2"><![CDATA[{?hero_names}%s embarked to the Weald, determined to hunt and slay a foul cannibalistic Hag. ({?difficulty}%s {?length}%s)]]></entry>
    <entry id="str_embarked_on_plot_kill_hag_3"><![CDATA[{?hero_names}%s embarked to the Weald, determined to hunt and slay a foul cannibalistic Hag. ({?difficulty}%s {?length}%s)]]></entry>
    <entry id="str_embarked_on_plot_kill_swine_prince_1"><![CDATA[{?hero_names}%s delved deep into the Warrens, bent on destruction of the gargantuan Swine Prince. ({?difficulty}%s {?length}%s)]]></entry>
    <entry id="str_embarked_on_plot_kill_swine_prince_2"><![CDATA[{?hero_names}%s delved deep into the Warrens, bent on destruction of the gargantuan Swine Prince. ({?difficulty}%s {?length}%s)]]></entry>
    <entry id="str_embarked_on_plot_kill_swine_prince_3"><![CDATA[{?hero_names}%s delved deep into the Warrens, bent on destruction of the gargantuan Swine Prince. ({?difficulty}%s {?length}%s)]]></entry>
    <entry id="str_embarked_on_plot_kill_prophet_1"><![CDATA[{?hero_names}%s set out to silence the Prophet. ({?difficulty}%s {?length}%s)]]></entry>
    <entry id="str_embarked_on_plot_kill_prophet_2"><![CDATA[{?hero_names}%s set out to silence the Prophet. ({?difficulty}%s {?length}%s)]]></entry>
    <entry id="str_embarked_on_plot_kill_prophet_3"><![CDATA[{?hero_names}%s set out to silence the Prophet. ({?difficulty}%s {?length}%s)]]></entry>
    <entry id="str_embarked_on_plot_kill_brigand_cannon_1"><![CDATA[{?hero_names}%s left to find and scuttle the Brigand's Cannon. ({?difficulty}%s {?length}%s)]]></entry>
    <entry id="str_embarked_on_plot_kill_brigand_cannon_2"><![CDATA[{?hero_names}%s left to find and scuttle the Brigand's Cannon. ({?difficulty}%s {?length}%s)]]></entry>
    <entry id="str_embarked_on_plot_kill_brigand_cannon_3"><![CDATA[{?hero_names}%s left to find and scuttle the Brigand's Cannon. ({?difficulty}%s {?length}%s)]]></entry>
    <entry id="str_embarked_on_plot_kill_formless_flesh_1"><![CDATA[{?hero_names}%s embarked to put the Flesh out of its unnatural life. ({?difficulty}%s {?length}%s)]]></entry>
    <entry id="str_embarked_on_plot_kill_formless_flesh_2"><![CDATA[{?hero_names}%s embarked to put the Flesh out of its unnatural life. ({?difficulty}%s {?length}%s)]]></entry>
    <entry id="str_embarked_on_plot_kill_formless_flesh_3"><![CDATA[{?hero_names}%s embarked to put the Flesh out of its unnatural life. ({?difficulty}%s {?length}%s)]]></entry>
    <entry id="str_embarked_on_plot_kill_siren_1"><![CDATA[{?hero_names}%s set out to return the Siren to unfathomable deeps. ({?difficulty}%s {?length}%s)]]></entry>
    <entry id="str_embarked_on_plot_kill_siren_2"><![CDATA[{?hero_names}%s set out to return the Siren to unfathomable deeps. ({?difficulty}%s {?length}%s)]]></entry>
    <entry id="str_embarked_on_plot_kill_siren_3"><![CDATA[{?hero_names}%s set out to return the Siren to unfathomable deeps. ({?difficulty}%s {?length}%s)]]></entry>
    <entry id="str_embarked_on_plot_kill_drowned_crew_1"><![CDATA[{?hero_names}%s set sail to strike a final bargain with the Drowned Crew. ({?difficulty}%s {?length}%s)]]></entry>
    <entry id="str_embarked_on_plot_kill_drowned_crew_2"><![CDATA[{?hero_names}%s set sail to strike a final bargain with the Drowned Crew. ({?difficulty}%s {?length}%s)]]></entry>
    <entry id="str_embarked_on_plot_kill_drowned_crew_3"><![CDATA[{?hero_names}%s set sail to strike a final bargain with the Drowned Crew. ({?difficulty}%s {?length}%s)]]></entry>
    <entry id="str_embarked_on_gather_crypts"><![CDATA[{?hero_names}%s set off to reclaim Holy Relics buried deep in the ruined vaults of the ancestral home. ({?difficulty}%s {?length}%s)]]></entry>
    <entry id="str_embarked_on_gather_weald"><![CDATA[{?hero_names}%s embarked in search of vital medicines lost along the Old Road in the Weald. ({?difficulty}%s {?length}%s)]]></entry>
    <entry id="str_embarked_on_gather_warrens"><![CDATA[{?hero_names}%s went to recover foodstuffs that the Swine have stolen and stashed in the Warrens. ({?difficulty}%s {?length}%s)]]></entry>
    <entry id="str_embarked_on_gather_cove"><![CDATA[{?hero_names}%s went to reclaim some of the Ancestor's most prized relics. ({?difficulty}%s {?length}%s)]]></entry>
    <entry id="str_embarked_on_inventory_activate_crypts"><![CDATA[{?hero_names}%s went on a mission of reclamation in the Ruins, to restore holy altars in the name of Light. ({?difficulty}%s {?length}%s)]]></entry>
    <entry id="str_embarked_on_inventory_activate_weald"><![CDATA[{?hero_names}%s set off on a mission to stave off growing disease in the Weald. ({?difficulty}%s {?length}%s)]]></entry>
    <entry id="str_embarked_on_inventory_activate_warrens"><![CDATA[{?hero_names}%s embarked to settle a score with the Swine, tearing down their shrines in the Warrens. ({?difficulty}%s {?length}%s)]]></entry>
    <entry id="str_embarked_on_inventory_activate_cove"><![CDATA[{?hero_names}%s set out to light the protective wards and drive off the Eldritch fish creatures. ({?difficulty}%s {?length}%s)]]></entry>
    <entry id="str_returned_from_explore_crypts_success"><![CDATA[{?hero_names}%s were successful in exploring the Ruins. ({?difficulty}%s {?length}%s)]]></entry>
    <entry id="str_returned_from_explore_weald_success"><![CDATA[{?hero_names}%s returned from successfully scouting the Weald. ({?difficulty}%s {?length}%s)]]></entry>
    <entry id="str_returned_from_explore_warrens_success"><![CDATA[{?hero_names}%s delved into the Warrens and returned successfully. ({?difficulty}%s {?length}%s)]]></entry>
    <entry id="str_returned_from_explore_cove_success"><![CDATA[{?hero_names}%s descended into the Cove and returned successfully. ({?difficulty}%s {?length}%s)]]></entry>
    <entry id="str_returned_from_cleanse_crypts_success"><![CDATA[{?hero_names}%s vanquished many monsters in the Ruins. ({?difficulty}%s {?length}%s)]]></entry>
    <entry id="str_returned_from_cleanse_weald_success"><![CDATA[{?hero_names}%s successfully brought the battle to the Weald and returned. ({?difficulty}%s {?length}%s)]]></entry>
    <entry id="str_returned_from_cleanse_warrens_success"><![CDATA[{?hero_names}%s left many a Swine slain in the bloody Warrens. ({?difficulty}%s {?length}%s)]]></entry>
    <entry id="str_returned_from_cleanse_cove_success"><![CDATA[{?hero_names}%s left many a fishman slain in the depths of the Cove. ({?difficulty}%s {?length}%s)]]></entry>
    <entry id="str_returned_from_gather_crypts_success"><![CDATA[{?hero_names}%s returned from the Ruins with the Holy Relics! ({?difficulty}%s {?length}%s)]]></entry>
    <entry id="str_returned_from_gather_weald_success"><![CDATA[{?hero_names}%s returned from the Weald with the lost medicines! ({?difficulty}%s {?length}%s)]]></entry>
    <entry id="str_returned_from_gather_warrens_success"><![CDATA[{?hero_names}%s returned from the Warrens with the stolen grain! ({?difficulty}%s {?length}%s)]]></entry>
    <entry id="str_returned_from_gather_cove_success"><![CDATA[{?hero_names}%s collected the long-abandoned relics scattered in the Cove! ({?difficulty}%s {?length}%s)]]></entry>
    <entry id="str_returned_from_inventory_activate_crypts_success"><![CDATA[{?hero_names}%s successfully restored Holy Altars in the Ruins back to the way of Light. ({?difficulty}%s {?length}%s)]]></entry>
    <entry id="str_returned_from_inventory_activate_weald_success"><![CDATA[{?hero_names}%s purified the diseased corpses strewn about the Weald. ({?difficulty}%s {?length}%s)]]></entry>
    <entry id="str_returned_from_inventory_activate_warrens_success"><![CDATA[{?hero_names}%s tore down the Swine's shrines in the Warrens. ({?difficulty}%s {?length}%s)]]></entry>
    <entry id="str_returned_from_inventory_activate_cove_success"><![CDATA[{?hero_names}%s lit the protective wards, robbing the fishfolk of their prenatural strength. ({?difficulty}%s {?length}%s)]]></entry>
    <entry id="str_returned_from_explore_crypts_failure"><![CDATA[{?hero_names}%s could not finish exploring the Ruins. ({?difficulty}%s {?length}%s)]]></entry>
    <entry id="str_returned_from_explore_weald_failure"><![CDATA[{?hero_names}%s could not finish exploring the Weald. ({?difficulty}%s {?length}%s)]]></entry>
    <entry id="str_returned_from_explore_warrens_failure"><![CDATA[{?hero_names}%s could not finish exploring the Warrens. ({?difficulty}%s {?length}%s)]]></entry>
    <entry id="str_returned_from_explore_cove_failure"><![CDATA[{?hero_names}%s could not finish exploring the Cove. ({?difficulty}%s {?length}%s)]]></entry>
    <entry id="str_returned_from_cleanse_crypts_failure"><![CDATA[{?hero_names}%s had to flee the unholy abominations in the Ruins. ({?difficulty}%s {?length}%s)]]></entry>
    <entry id="str_returned_from_cleanse_weald_failure"><![CDATA[{?hero_names}%s did not measure up to the fierce creatures arrayed against them in the Weald. ({?difficulty}%s {?length}%s)]]></entry>
    <entry id="str_returned_from_cleanse_warrens_failure"><![CDATA[{?hero_names}%s retreated from the might of the Swine in the Warrens. ({?difficulty}%s {?length}%s)]]></entry>
    <entry id="str_returned_from_cleanse_cove_failure"><![CDATA[{?hero_names}%s were overwhelmed by the flopping aquatic horrors in the Cove. ({?difficulty}%s {?length}%s)]]></entry>
    <entry id="str_returned_from_kill_boss_crypts_success"><![CDATA[{?hero_names}%s disposed of the terrible Necromancer! ({?difficulty}%s {?length}%s)]]></entry>
    <entry id="str_returned_from_kill_boss_weald_success"><![CDATA[{?hero_names}%s put a stop to the cannibalistic ways of the evil Hag! ({?difficulty}%s {?length}%s)]]></entry>
    <entry id="str_returned_from_kill_boss_warrens_success"><![CDATA[{?hero_names}%s sent the Swine Prince back into the hells from which it came! ({?difficulty}%s {?length}%s)]]></entry>
    <entry id="str_returned_from_kill_boss_crypts_failure"><![CDATA[{?hero_names}%s were unable to stop the Necromancer. ({?difficulty}%s {?length}%s)]]></entry>
    <entry id="str_returned_from_kill_boss_weald_failure"><![CDATA[{?hero_names}%s were unable to stop the Hag. ({?difficulty}%s {?length}%s)]]></entry>
    <entry id="str_returned_from_kill_boss_warrens_failure"><![CDATA[{?hero_names}%s were unable to stop the Swine Prince. ({?difficulty}%s {?length}%s)]]></entry>
    <entry id="str_returned_from_plot_kill_necromancer_1_success"><![CDATA[{?hero_names}%s disposed of the terrible Necromancer Apprentice! ({?difficulty}%s {?length}%s)]]></entry>
    <entry id="str_returned_from_plot_kill_necromancer_2_success"><![CDATA[{?hero_names}%s disposed of the terrible Necromancer! ({?difficulty}%s {?length}%s)]]></entry>
    <entry id="str_returned_from_plot_kill_necromancer_3_success"><![CDATA[{?hero_names}%s disposed of the terrible Necromancer Lord! ({?difficulty}%s {?length}%s)]]></entry>
    <entry id="str_returned_from_plot_kill_prophet_1_success"><![CDATA[{?hero_names}%s silenced the Sonorous Prophet! ({?difficulty}%s {?length}%s)]]></entry>
    <entry id="str_returned_from_plot_kill_prophet_2_success"><![CDATA[{?hero_names}%s silenced the Fulminating Prophet! ({?difficulty}%s {?length}%s)]]></entry>
    <entry id="str_returned_from_plot_kill_prophet_3_success"><![CDATA[{?hero_names}%s silenced the Gibbering Prophet! ({?difficulty}%s {?length}%s)]]></entry>
    <entry id="str_returned_from_plot_kill_hag_1_success"><![CDATA[{?hero_names}%s put a stop to the cannibalistic ways of the evil Wizened Hag! ({?difficulty}%s {?length}%s)]]></entry>
    <entry id="str_returned_from_plot_kill_hag_2_success"><![CDATA[{?hero_names}%s put a stop to the cannibalistic ways of the evil Hag! ({?difficulty}%s {?length}%s)]]></entry>
    <entry id="str_returned_from_plot_kill_hag_3_success"><![CDATA[{?hero_names}%s put a stop to the cannibalistic ways of the evil Hag Witch! ({?difficulty}%s {?length}%s)]]></entry>
    <entry id="str_returned_from_plot_kill_brigand_cannon_1_success"><![CDATA[{?hero_names}%s spiked the foul Brigand 8 Pounder! ({?difficulty}%s {?length}%s)]]></entry>
    <entry id="str_returned_from_plot_kill_brigand_cannon_2_success"><![CDATA[{?hero_names}%s spiked the foul Brigand 12 Pounder! ({?difficulty}%s {?length}%s)]]></entry>
    <entry id="str_returned_from_plot_kill_brigand_cannon_3_success"><![CDATA[{?hero_names}%s spiked the foul Brigand 16 Pounder! ({?difficulty}%s {?length}%s)]]></entry>
    <entry id="str_returned_from_plot_kill_swine_prince_1_success"><![CDATA[{?hero_names}%s sent the Swine Prince back into the hells from which it came! ({?difficulty}%s {?length}%s)]]></entry>
    <entry id="str_returned_from_plot_kill_swine_prince_2_success"><![CDATA[{?hero_names}%s sent the Swine King back into the hells from which it came! ({?difficulty}%s {?length}%s)]]></entry>
    <entry id="str_returned_from_plot_kill_swine_prince_3_success"><![CDATA[{?hero_names}%s sent the Swine God back into the hells from which it came! ({?difficulty}%s {?length}%s)]]></entry>
    <entry id="str_returned_from_plot_kill_formless_flesh_1_success"><![CDATA[{?hero_names}%s stilled the heartbeat of the Inchoate Flesh! ({?difficulty}%s {?length}%s)]]></entry>
    <entry id="str_returned_from_plot_kill_formless_flesh_2_success"><![CDATA[{?hero_names}%s stilled the heartbeat of the Unstable Flesh! ({?difficulty}%s {?length}%s)]]></entry>
    <entry id="str_returned_from_plot_kill_formless_flesh_3_success"><![CDATA[{?hero_names}%s stilled the heartbeat of the Formless Flesh! ({?difficulty}%s {?length}%s)]]></entry>
    <entry id="str_returned_from_plot_kill_siren_1_success"><![CDATA[{?hero_names}%s silenced the Siren's call. ({?difficulty}%s {?length}%s)]]></entry>
    <entry id="str_returned_from_plot_kill_siren_2_success"><![CDATA[{?hero_names}%s silenced the Siren's call. ({?difficulty}%s {?length}%s)]]></entry>
    <entry id="str_returned_from_plot_kill_siren_3_success"><![CDATA[{?hero_names}%s silenced the Siren's call. ({?difficulty}%s {?length}%s)]]></entry>
    <entry id="str_returned_from_plot_kill_drowned_crew_1_success"><![CDATA[{?hero_names}%s returned the Drowned Crew to eternal rest. ({?difficulty}%s {?length}%s)]]></entry>
    <entry id="str_returned_from_plot_kill_drowned_crew_2_success"><![CDATA[{?hero_names}%s returned the Drowned Crew to eternal rest. ({?difficulty}%s {?length}%s)]]></entry>
    <entry id="str_returned_from_plot_kill_drowned_crew_3_success"><![CDATA[{?hero_names}%s returned the Drowned Crew to eternal rest. ({?difficulty}%s {?length}%s)]]></entry>
    <entry id="str_returned_from_plot_kill_necromancer_1_failure"><![CDATA[{?hero_names}%s were unable to stop the Necromancer Apprentice. ({?difficulty}%s {?length}%s)]]></entry>
    <entry id="str_returned_from_plot_kill_necromancer_2_failure"><![CDATA[{?hero_names}%s were unable to stop the Necromancer. ({?difficulty}%s {?length}%s)]]></entry>
    <entry id="str_returned_from_plot_kill_necromancer_3_failure"><![CDATA[{?hero_names}%s were unable to stop the Necromancer Lord. ({?difficulty}%s {?length}%s)]]></entry>
    <entry id="str_returned_from_plot_kill_prophet_1_failure"><![CDATA[{?hero_names}%s were unable to stop the Sonorous Prophet. ({?difficulty}%s {?length}%s)]]></entry>
    <entry id="str_returned_from_plot_kill_prophet_2_failure"><![CDATA[{?hero_names}%s were unable to stop the Fulminating Prophet. ({?difficulty}%s {?length}%s)]]></entry>
    <entry id="str_returned_from_plot_kill_prophet_3_failure"><![CDATA[{?hero_names}%s were unable to stop the Gibbering Prophet. ({?difficulty}%s {?length}%s)]]></entry>
    <entry id="str_returned_from_plot_kill_hag_1_failure"><![CDATA[{?hero_names}%s were unable to stop the Wizened Hag. ({?difficulty}%s {?length}%s)]]></entry>
    <entry id="str_returned_from_plot_kill_hag_2_failure"><![CDATA[{?hero_names}%s were unable to stop the Hag. ({?difficulty}%s {?length}%s)]]></entry>
    <entry id="str_returned_from_plot_kill_hag_3_failure"><![CDATA[{?hero_names}%s were unable to stop the Hag Witch. ({?difficulty}%s {?length}%s)]]></entry>
    <entry id="str_returned_from_plot_kill_brigand_cannon_1_failure"><![CDATA[{?hero_names}%s were unable to stop the Brigand 8 Pounder. ({?difficulty}%s {?length}%s)]]></entry>
    <entry id="str_returned_from_plot_kill_brigand_cannon_2_failure"><![CDATA[{?hero_names}%s were unable to stop the Brigand 12 Pounder. ({?difficulty}%s {?length}%s)]]></entry>
    <entry id="str_returned_from_plot_kill_brigand_cannon_3_failure"><![CDATA[{?hero_names}%s were unable to stop the Brigand 16 Pounder. ({?difficulty}%s {?length}%s)]]></entry>
    <entry id="str_returned_from_plot_kill_swine_prince_1_failure"><![CDATA[{?hero_names}%s were unable to stop the Swine Prince. ({?difficulty}%s {?length}%s)]]></entry>
    <entry id="str_returned_from_plot_kill_swine_prince_2_failure"><![CDATA[{?hero_names}%s were unable to stop the Swine King. ({?difficulty}%s {?length}%s)]]></entry>
    <entry id="str_returned_from_plot_kill_swine_prince_3_failure"><![CDATA[{?hero_names}%s were unable to stop the Swine God. ({?difficulty}%s {?length}%s)]]></entry>
    <entry id="str_returned_from_plot_kill_formless_flesh_1_failure"><![CDATA[{?hero_names}%s were unable to stop the Inchoate Flesh. ({?difficulty}%s {?length}%s)]]></entry>
    <entry id="str_returned_from_plot_kill_formless_flesh_2_failure"><![CDATA[{?hero_names}%s were unable to stop the Unstable Flesh. ({?difficulty}%s {?length}%s)]]></entry>
    <entry id="str_returned_from_plot_kill_formless_flesh_3_failure"><![CDATA[{?hero_names}%s were unable to stop the Formless Flesh. ({?difficulty}%s {?length}%s)]]></entry>
    <entry id="str_returned_from_plot_kill_siren_1_failure"><![CDATA[{?hero_names}%s failed to silence the Siren. ({?difficulty}%s {?length}%s)]]></entry>
    <entry id="str_returned_from_plot_kill_siren_2_failure"><![CDATA[{?hero_names}%s failed to silence the Siren. ({?difficulty}%s {?length}%s)]]></entry>
    <entry id="str_returned_from_plot_kill_siren_3_failure"><![CDATA[{?hero_names}%s failed to silence the Siren. ({?difficulty}%s {?length}%s)]]></entry>
    <entry id="str_returned_from_plot_kill_drowned_crew_1_failure"><![CDATA[{?hero_names}%s could not release the Drowned Crew from their plight. ({?difficulty}%s {?length}%s)]]></entry>
    <entry id="str_returned_from_plot_kill_drowned_crew_2_failure"><![CDATA[{?hero_names}%s could not release the Drowned Crew from their plight. ({?difficulty}%s {?length}%s)]]></entry>
    <entry id="str_returned_from_plot_kill_drowned_crew_3_failure"><![CDATA[{?hero_names}%s could not release the Drowned Crew from their plight. ({?difficulty}%s {?length}%s)]]></entry>
    <entry id="str_returned_from_gather_crypts_failure"><![CDATA[{?hero_names}%s did not locate the lost relics in the Ruins. ({?difficulty}%s {?length}%s)]]></entry>
    <entry id="str_returned_from_gather_weald_failure"><![CDATA[{?hero_names}%s did not locate the missing medicines in the Weald. ({?difficulty}%s {?length}%s)]]></entry>
    <entry id="str_returned_from_gather_warrens_failure"><![CDATA[{?hero_names}%s did not locate the stolen foodstuffs in the Warrens. ({?difficulty}%s {?length}%s)]]></entry>
    <entry id="str_returned_from_gather_cove_failure"><![CDATA[{?hero_names}%s did not locate the Ancestor's relics in the Cove. ({?difficulty}%s {?length}%s)]]></entry>
    <entry id="str_returned_from_inventory_activate_crypts_failure"><![CDATA[{?hero_names}%s could not restore the Holy Altars in the Ruins. ({?difficulty}%s {?length}%s)]]></entry>
    <entry id="str_returned_from_inventory_activate_weald_failure"><![CDATA[{?hero_names}%s could not find and purify the corpses in the Weald. ({?difficulty}%s {?length}%s)]]></entry>
    <entry id="str_returned_from_inventory_activate_warrens_failure"><![CDATA[{?hero_names}%s could not tear down the Swine shrines in the Warrens. ({?difficulty}%s {?length}%s)]]></entry>
    <entry id="str_returned_from_inventory_activate_cove_failure"><![CDATA[{?hero_names}%s failed to light the protective wards in the Cove. ({?difficulty}%s {?length}%s)]]></entry>
    <entry id="str_upper_the_[BUILDING]"><![CDATA[The]]></entry>
    <entry id="str_upgrade_level"><![CDATA[Level: {?level}%d]]></entry>
    <entry id="str_tutorial_all_alive"><![CDATA[{?hero_names}%s successfully escorted you to the Hamlet.]]></entry>
    <entry id="str_tutorial_all_perished"><![CDATA[{?hero_names}%s perished on the Old Road, but you escaped through the trees and made it to the Hamlet.]]></entry>
    <entry id="str_tutorial_alive_perished_mixed"><![CDATA[{?survivor}%s successfully escorted you to the Hamlet, but {?fallen_hero}%s met his end on the Old Road.]]></entry>
    <entry id="str_caretaker_goal_plot_kill_necromancer_1"><![CDATA[Defeat the Apprentice Necromancer]]></entry>
    <entry id="str_caretaker_goal_plot_kill_necromancer_2"><![CDATA[Defeat the Necromancer]]></entry>
    <entry id="str_caretaker_goal_plot_kill_necromancer_3"><![CDATA[Defeat the Necromancer Lord]]></entry>
    <entry id="str_caretaker_goal_plot_kill_swine_prince_1"><![CDATA[Defeat the Swine Prince]]></entry>
    <entry id="str_caretaker_goal_plot_kill_swine_prince_2"><![CDATA[Defeat the Swine King]]></entry>
    <entry id="str_caretaker_goal_plot_kill_swine_prince_3"><![CDATA[Defeat the Swine God]]></entry>
    <entry id="str_caretaker_goal_plot_kill_hag_1"><![CDATA[Defeat the Wizened Hag]]></entry>
    <entry id="str_caretaker_goal_plot_kill_hag_2"><![CDATA[Defeat the Hag]]></entry>
    <entry id="str_caretaker_goal_plot_kill_hag_3"><![CDATA[Defeat the Hag Witch]]></entry>
    <entry id="str_caretaker_goal_plot_kill_prophet_1"><![CDATA[Defeat the Sonorous Prophet]]></entry>
    <entry id="str_caretaker_goal_plot_kill_prophet_2"><![CDATA[Defeat the Fulminating Prophet]]></entry>
    <entry id="str_caretaker_goal_plot_kill_prophet_3"><![CDATA[Defeat the Gibbering Prophet]]></entry>
    <entry id="str_caretaker_goal_plot_kill_brigand_cannon_1"><![CDATA[Defeat the Brigand 8 Pounder]]></entry>
    <entry id="str_caretaker_goal_plot_kill_brigand_cannon_2"><![CDATA[Defeat the Brigand 12 Pounder]]></entry>
    <entry id="str_caretaker_goal_plot_kill_brigand_cannon_3"><![CDATA[Defeat the Brigand 16 Pounder]]></entry>
    <entry id="str_caretaker_goal_plot_kill_formless_flesh_1"><![CDATA[Defeat the Inchoate Flesh]]></entry>
    <entry id="str_caretaker_goal_plot_kill_formless_flesh_2"><![CDATA[Defeat the Unstable Flesh]]></entry>
    <entry id="str_caretaker_goal_plot_kill_formless_flesh_3"><![CDATA[Defeat the Formless Flesh]]></entry>
    <entry id="str_caretaker_goal_plot_kill_siren_1"><![CDATA[Defeat the Siren]]></entry>
    <entry id="str_caretaker_goal_plot_kill_siren_2"><![CDATA[Defeat the Alluring Siren]]></entry>
    <entry id="str_caretaker_goal_plot_kill_siren_3"><![CDATA[Defeat the Beguiling Siren]]></entry>
    <entry id="str_caretaker_goal_plot_kill_drowned_crew_1"><![CDATA[Defeat the Sodden Crew]]></entry>
    <entry id="str_caretaker_goal_plot_kill_drowned_crew_2"><![CDATA[Defeat the Sunken Crew]]></entry>
    <entry id="str_caretaker_goal_plot_kill_drowned_crew_3"><![CDATA[Defeat the Drowned Crew]]></entry>
    <entry id="str_caretaker_goal_hero_resolve"><![CDATA[Raise a %s to Resolve Level 6]]></entry>
    <entry id="str_caretaker_goals_heading"><![CDATA[Caretaker Goals]]></entry>
    <entry id="str_caretaker_goals_quest_goals_heading"><![CDATA[Quest Goals]]></entry>
    <entry id="str_caretaker_goals_roster_goals_heading"><![CDATA[Roster Goals]]></entry>
    <entry id="str_stress"><![CDATA[{colour_start|stressNOT1}stress{colour_end}]]></entry>
    <entry id="str_new_quirk_colon"><![CDATA[New Quirk:]]></entry>
    <entry id="str_new_buff_colon"><![CDATA[New {colour_start|buffNOT1}Buff:{colour_end}]]></entry>
    <entry id="str_gained"><![CDATA[gained {?amount}%d gold]]></entry>
    <entry id="str_lost"><![CDATA[lost {?amount}%d gold]]></entry>
    <entry id="str_quirk_removed"><![CDATA[Quirk Removed:]]></entry>
    <entry id="str_disease_cured"><![CDATA[Disease Cured:]]></entry>
    <entry id="str_diseases_cured"><![CDATA[Diseases Cured:]]></entry>
    <entry id="str_no_affliction"><![CDATA[and is no longer]]></entry>
    <entry id="str_still_missing"><![CDATA[{colour_start|town_activity_log_building_name}{?building_name}%s:{colour_end} {colour_start|notable}{?hero_name}%s{colour_end} is still missing.]]></entry>
    <entry id="str_gold"><![CDATA[gold]]></entry>
    <entry id="str_treatment_remove_negative_quirk"><![CDATA[{colour_start|town_activity_log_building_name}{?building_name}%s:{colour_end} {colour_start|notable}{?hero_name}%s{colour_end} underwent effective quirk treatment. Quirk Removed: {?quirk_name}%s]]></entry>
    <entry id="str_disease_treatment_remove_negative_quirk"><![CDATA[{colour_start|town_activity_log_building_name}{?building_name}%s:{colour_end} {colour_start|notable}{?hero_name}%s{colour_end} underwent effective disease treatment. Disease Cured: {?disease_name}%s]]></entry>
    <entry id="str_disease_treatment_removed_diseases_crit_story"><![CDATA[{colour_start|town_activity_log_building_name}{?building_name}%s:{colour_end} {colour_start|notable}{?hero_name}%s{colour_end} underwent effective disease treatment: Diseases Cured. {?disease_name}%s]]></entry>
    <entry id="str_lock_quirk_story"><![CDATA[{colour_start|town_activity_log_building_name}{?building_name}%s:{colour_end} {colour_start|notable}{?hero_name}%s{colour_end} had reinforcement therapy to make a quirk permanent: {?quirk_name}%s]]></entry>
    <entry id="str_activity_log_quirk_replaces"><![CDATA[(Replaced: %s)]]></entry>
    <entry id="str_[activity]_stress_relief_story"><![CDATA[- [hero name][str_meditation_stress_relief_story] 28 [str_stress]]]></entry>
    <entry id="str_bar_stress_relief_story"><![CDATA[{colour_start|town_activity_log_building_name}{?building_name}%s:{colour_end} {colour_start|notable}{?hero_name}%s{colour_end} had a night on the town and recovered {colour_start|town_activity_log_positive_result}{?stress_amount}%d{colour_end} {colour_start|stressNOT1}stress.{colour_end}]]></entry>
    <entry id="str_gambling_stress_relief_story"><![CDATA[{colour_start|town_activity_log_building_name}{?building_name}%s:{colour_end} {colour_start|notable}{?hero_name}%s{colour_end} gambled and recovered {colour_start|town_activity_log_positive_result}{?stress_amount}%d{colour_end} {colour_start|stressNOT1}stress{colour_end}.]]></entry>
    <entry id="str_brothel_stress_relief_story"><![CDATA[{colour_start|town_activity_log_building_name}{?building_name}%s:{colour_end} {colour_start|notable}{?hero_name}%s{colour_end} engaged in pleasures of the flesh and recovered {colour_start|town_activity_log_positive_result}{?stress_amount}%d{colour_end} {colour_start|stressNOT1}stress{colour_end}.]]></entry>
    <entry id="str_meditation_stress_relief_story"><![CDATA[{colour_start|town_activity_log_building_name}{?building_name}%s:{colour_end} {colour_start|notable}{?hero_name}%s{colour_end} meditated and recovered {colour_start|town_activity_log_positive_result}{?stress_amount}%d{colour_end} {colour_start|stressNOT1}stress{colour_end}.]]></entry>
    <entry id="str_prayer_stress_relief_story"><![CDATA[{colour_start|town_activity_log_building_name}{?building_name}%s:{colour_end} {colour_start|notable}{?hero_name}%s{colour_end} prayed and recovered {colour_start|town_activity_log_positive_result}{?stress_amount}%d{colour_end} {colour_start|stressNOT1}stress{colour_end}.]]></entry>
    <entry id="str_flagellation_stress_relief_story"><![CDATA[{colour_start|town_activity_log_building_name}{?building_name}%s:{colour_end} {colour_start|notable}{?hero_name}%s{colour_end} engaged in flagellation and recovered {colour_start|town_activity_log_positive_result}{?stress_amount}%d{colour_end} {colour_start|stressNOT1}stress{colour_end}.]]></entry>
    <entry id="str_bar_stress_relief_affliction_cured_story"><![CDATA[{colour_start|town_activity_log_building_name}{?building_name}%s:{colour_end} {colour_start|notable}{?hero_name}%s{colour_end} had a night on the town and recovered {colour_start|town_activity_log_positive_result}{?stress_amount}%d{colour_end} {colour_start|stressNOT1}stress{colour_end} and is no longer {colour_start|town_activity_log_positive_result}{?affliction}%s{colour_end}.]]></entry>
    <entry id="str_gambling_stress_relief_affliction_cured_story"><![CDATA[{colour_start|town_activity_log_building_name}{?building_name}%s:{colour_end} {colour_start|notable}{?hero_name}%s{colour_end} gambled and recovered {colour_start|town_activity_log_positive_result}{?stress_amount}%d{colour_end} {colour_start|stressNOT1}stress{colour_end} and is no longer {colour_start|town_activity_log_positive_result}{?affliction}%s{colour_end}.]]></entry>
    <entry id="str_brothel_stress_relief_affliction_cured_story"><![CDATA[{colour_start|town_activity_log_building_name}{?building_name}%s:{colour_end} {colour_start|notable}{?hero_name}%s{colour_end} engaged in pleasures of the flesh and recovered {colour_start|town_activity_log_positive_result}{?stress_amount}%d{colour_end} {colour_start|stressNOT1}stress{colour_end} and is no longer {colour_start|town_activity_log_positive_result}{?affliction}%s{colour_end}.]]></entry>
    <entry id="str_meditation_stress_relief_affliction_cured_story"><![CDATA[{colour_start|town_activity_log_building_name}{?building_name}%s:{colour_end} {colour_start|notable}{?hero_name}%s{colour_end} meditated and recovered {colour_start|town_activity_log_positive_result}{?stress_amount}%d{colour_end} {colour_start|stressNOT1}stress{colour_end} and is no longer {colour_start|town_activity_log_positive_result}{?affliction}%s{colour_end}.]]></entry>
    <entry id="str_prayer_stress_relief_affliction_cured_story"><![CDATA[{colour_start|town_activity_log_building_name}{?building_name}%s:{colour_end} {colour_start|notable}{?hero_name}%s{colour_end} prayed and recovered {colour_start|town_activity_log_positive_result}{?stress_amount}%d{colour_end} {colour_start|stressNOT1}stress{colour_end} and is no longer {colour_start|town_activity_log_positive_result}{?affliction}%s{colour_end}.]]></entry>
    <entry id="str_flagellation_stress_relief_affliction_cured_story"><![CDATA[{colour_start|town_activity_log_building_name}{?building_name}%s:{colour_end} {colour_start|notable}{?hero_name}%s{colour_end} engaged in flagellation and recovered {colour_start|town_activity_log_positive_result}{?stress_amount}%d{colour_end} {colour_start|stressNOT1}stress{colour_end} and is no longer {colour_start|town_activity_log_positive_result}{?affliction}%s{colour_end}.]]></entry>
    <entry id="str_[activity]_go_missing_story"><![CDATA[- [hero name][str_meditation_go_missing_story]]]></entry>
    <entry id="str_bar_go_missing_story"><![CDATA[{colour_start|town_activity_log_building_name}{?building_name}%s:{colour_end} {colour_start|notable}{?hero_name}%s{colour_end} went on a drunken bender and hasn't been seen since the previous evening.]]></entry>
    <entry id="str_gambling_go_missing_story"><![CDATA[{colour_start|town_activity_log_building_name}{?building_name}%s:{colour_end} {colour_start|notable}{?hero_name}%s{colour_end} retired to a private dice game in unknown whereabouts.]]></entry>
    <entry id="str_brothel_go_missing_story"><![CDATA[{colour_start|town_activity_log_building_name}{?building_name}%s:{colour_end} {colour_start|notable}{?hero_name}%s{colour_end}'s debauchery has reached new heights - whereabouts unknown.]]></entry>
    <entry id="str_meditation_go_missing_story"><![CDATA[{colour_start|town_activity_log_building_name}{?building_name}%s:{colour_end} {colour_start|notable}{?hero_name}%s{colour_end} has gone on a personal vision quest to achieve enlightenment.]]></entry>
    <entry id="str_prayer_go_missing_story"><![CDATA[{colour_start|town_activity_log_building_name}{?building_name}%s:{colour_end} {colour_start|notable}{?hero_name}%s{colour_end} has left in search of a holy vision.]]></entry>
    <entry id="str_flagellation_go_missing_story"><![CDATA[{colour_start|town_activity_log_building_name}{?building_name}%s:{colour_end} {colour_start|notable}{?hero_name}%s{colour_end} has left on a quest of personal hardship and pain.]]></entry>
    <entry id="str_[activity]_go_missing_found_story"><![CDATA[- [hero name][str_meditation_go_missing_found_story]]]></entry>
    <entry id="str_bar_go_missing_found_story"><![CDATA[{colour_start|town_activity_log_building_name}{?building_name}%s:{colour_end} {colour_start|notable}{?hero_name}%s{colour_end} has returned from a drunken bender.]]></entry>
    <entry id="str_gambling_go_missing_found_story"><![CDATA[{colour_start|town_activity_log_building_name}{?building_name}%s:{colour_end} {colour_start|notable}{?hero_name}%s{colour_end} has returned after the private game broke up.]]></entry>
    <entry id="str_brothel_go_missing_found_story"><![CDATA[{colour_start|town_activity_log_building_name}{?building_name}%s:{colour_end} {colour_start|notable}{?hero_name}%s{colour_end} has returned from unknown pleasure houses.]]></entry>
    <entry id="str_meditation_go_missing_found_story"><![CDATA[{colour_start|town_activity_log_building_name}{?building_name}%s:{colour_end} {colour_start|notable}{?hero_name}%s{colour_end} has returned from their vision quest.]]></entry>
    <entry id="str_prayer_go_missing_found_story"><![CDATA[{colour_start|town_activity_log_building_name}{?building_name}%s:{colour_end} {colour_start|notable}{?hero_name}%s{colour_end} has returned from their search for holy meaning.]]></entry>
    <entry id="str_flagellation_go_missing_found_story"><![CDATA[{colour_start|town_activity_log_building_name}{?building_name}%s:{colour_end} {colour_start|notable}{?hero_name}%s{colour_end} has returned from their personal trial of the body.]]></entry>
    <entry id="str_[activity]_add_quirk_[quirk_name]_story"><![CDATA[- [hero name][str_meditation_add_quirk_selfish_story]]]></entry>
    <entry id="str_meditation_add_quirk_enlightened_story"><![CDATA[{colour_start|town_activity_log_building_name}{?building_name}%s:{colour_end} {colour_start|notable}{?hero_name}%s{colour_end} has achieved enlightenment. New Quirk: {?quirk_name}%s]]></entry>
    <entry id="str_meditation_add_quirk_improved_balance_story"><![CDATA[{colour_start|town_activity_log_building_name}{?building_name}%s:{colour_end} {colour_start|notable}{?hero_name}%s{colour_end} has used mediation to achieve resistance to the forces of the material world. New Quirk: {?quirk_name}%s]]></entry>
    <entry id="str_meditation_add_quirk_meditator_story"><![CDATA[{colour_start|town_activity_log_building_name}{?building_name}%s:{colour_end} {colour_start|notable}{?hero_name}%s{colour_end} has found meditation to be a perfect fit. New Quirk: {?quirk_name}%s]]></entry>
    <entry id="str_meditation_add_quirk_calm_story"><![CDATA[{colour_start|town_activity_log_building_name}{?building_name}%s:{colour_end} {colour_start|notable}{?hero_name}%s{colour_end} has achieved constant calm. New Quirk: {?quirk_name}%s]]></entry>
    <entry id="str_meditation_add_quirk_unquiet_mind_story"><![CDATA[{colour_start|town_activity_log_building_name}{?building_name}%s:{colour_end} {colour_start|notable}{?hero_name}%s{colour_end} could not achieve a meditative state and has become frustrated. New Quirk: {?quirk_name}%s]]></entry>
    <entry id="str_prayer_add_quirk_god_fearing_story"><![CDATA[{colour_start|town_activity_log_building_name}{?building_name}%s:{colour_end} {colour_start|notable}{?hero_name}%s{colour_end}, while praying, saw a glimpse of Greater Beings controlling destiny. New Quirk: {?quirk_name}%s]]></entry>
    <entry id="str_prayer_add_quirk_tither_story"><![CDATA[{colour_start|town_activity_log_building_name}{?building_name}%s:{colour_end} {colour_start|notable}{?hero_name}%s{colour_end} was overcome with purpose and wishes to contribute more to the operations of the Abbey. New Quirk: {?quirk_name}%s]]></entry>
    <entry id="str_prayer_add_quirk_witness_story"><![CDATA[{colour_start|town_activity_log_building_name}{?building_name}%s:{colour_end} {colour_start|notable}{?hero_name}%s{colour_end} observed ...unsavory... activities and refuses to take part in organized prayer again. New Quirk: {?quirk_name}%s]]></entry>
    <entry id="str_flagellation_add_quirk_flagellant_story"><![CDATA[{colour_start|town_activity_log_building_name}{?building_name}%s:{colour_end} {colour_start|notable}{?hero_name}%s{colour_end} has become addicted to the rush of pain. New Quirk: {?quirk_name}%s]]></entry>
    <entry id="str_flagellation_add_quirk_faithless_story"><![CDATA[{colour_start|town_activity_log_building_name}{?building_name}%s:{colour_end} {colour_start|notable}{?hero_name}%s{colour_end}, in a moment of pain and struggle, has lost faith. New Quirk: {?quirk_name}%s]]></entry>
    <entry id="str_bar_add_quirk_alcoholism_story"><![CDATA[{colour_start|town_activity_log_building_name}{?building_name}%s:{colour_end} {colour_start|notable}{?hero_name}%s{colour_end} has developed a reliance on spirits. New Quirk: {?quirk_name}%s]]></entry>
    <entry id="str_bar_add_quirk_resolution_story"><![CDATA[{colour_start|town_activity_log_building_name}{?building_name}%s:{colour_end} {colour_start|notable}{?hero_name}%s{colour_end} has sworn off liquor after a particular bad night of drinking. New Quirk: {?quirk_name}%s]]></entry>
    <entry id="str_gambling_add_quirk_gambler_story"><![CDATA[{colour_start|town_activity_log_building_name}{?building_name}%s:{colour_end} {colour_start|notable}{?hero_name}%s{colour_end} is addicted to the thrill of the dice. New Quirk: {?quirk_name}%s]]></entry>
    <entry id="str_gambling_add_quirk_bad_gambler_story"><![CDATA[{colour_start|town_activity_log_building_name}{?building_name}%s:{colour_end} {colour_start|notable}{?hero_name}%s{colour_end} doesn't know when to bet and when to fold. New Quirk: {?quirk_name}%s]]></entry>
    <entry id="str_gambling_add_quirk_known_cheat_story"><![CDATA[{colour_start|town_activity_log_building_name}{?building_name}%s:{colour_end} {colour_start|notable}{?hero_name}%s{colour_end} was caught marking cards. New Quirk: {?quirk_name}%s]]></entry>
    <entry id="str_brothel_add_quirk_love_interest_story"><![CDATA[{colour_start|town_activity_log_building_name}{?building_name}%s:{colour_end} {colour_start|notable}{?hero_name}%s{colour_end} had an unforgettable evening and has formed an "attachment." New Quirk: {?quirk_name}%s]]></entry>
    <entry id="str_brothel_add_quirk_syphilis_story"><![CDATA[{colour_start|town_activity_log_building_name}{?building_name}%s:{colour_end} {colour_start|notable}{?hero_name}%s{colour_end} brought more out of a night of debauchery than memories only. New Quirk: {?quirk_name}%s]]></entry>
    <entry id="str_brothel_add_quirk_deviant_tastes_story"><![CDATA[{colour_start|town_activity_log_building_name}{?building_name}%s:{colour_end} {colour_start|notable}{?hero_name}%s{colour_end} was caught making...strange...requests.]]></entry>
    <entry id="str_[activity]_add_buff_[buff_name]_story"><![CDATA[- [hero name][str_meditation_add_buff_buff_story]]></entry>
    <entry id="str_bar_add_buff_townHungoverAccDebuff_story"><![CDATA[{colour_start|town_activity_log_building_name}{?building_name}%s:{colour_end} {colour_start|notable}{?hero_name}%s{colour_end} is experiencing {colour_start|town_activity_log_negative_result}{?description}%s{colour_end} after a long night of drinking.]]></entry>
    <entry id="str_bar_add_buff_townHungoverAccDebuff_story_desc"><![CDATA[double vision]]></entry>
    <entry id="str_bar_add_buff_townHungoverDEFDebuff_story"><![CDATA[{colour_start|town_activity_log_building_name}{?building_name}%s:{colour_end} {colour_start|notable}{?hero_name}%s{colour_end} is moving {colour_start|town_activity_log_negative_result}{?description}%s{colour_end} after a long night of drinking.]]></entry>
    <entry id="str_bar_add_buff_townHungoverDEFDebuff_story_desc"><![CDATA[sluggishly]]></entry>
    <entry id="str_brothel_add_buff_townBrothelSPDBuff_story"><![CDATA[{colour_start|town_activity_log_building_name}{?building_name}%s:{colour_end} {colour_start|notable}{?hero_name}%s{colour_end} exits the Brothel with {colour_start|town_activity_log_positive_result}{?description}%s{colour_end} after a memorable evening.]]></entry>
    <entry id="str_brothel_add_buff_townBrothelSPDBuff_story_desc"><![CDATA[a skip in their step]]></entry>
    <entry id="str_brothel_add_buff_townBrothelSPDDebuff_story"><![CDATA[{colour_start|town_activity_log_building_name}{?building_name}%s:{colour_end} {colour_start|notable}{?hero_name}%s{colour_end} is {colour_start|town_activity_log_negative_result}{?description}%s{colour_end} after exertions in the Brothel.]]></entry>
    <entry id="str_brothel_add_buff_townBrothelSPDDebuff_story_desc"><![CDATA[exhausted]]></entry>
    <entry id="str_flagellation_add_buff_townFlagellationDMGLowBuff_story"><![CDATA[{colour_start|town_activity_log_building_name}{?building_name}%s:{colour_end} {colour_start|notable}{?hero_name}%s{colour_end} is feeling {colour_start|town_activity_log_positive_result}{?description}%s{colour_end} after challenging the flesh.]]></entry>
    <entry id="str_flagellation_add_buff_townFlagellationDMGLowBuff_story_desc"><![CDATA[strong and powerful]]></entry>
    <entry id="str_flagellation_add_buff_townFlagellationDMGLowDebuff_story"><![CDATA[{colour_start|town_activity_log_building_name}{?building_name}%s:{colour_end} {colour_start|notable}{?hero_name}%s{colour_end} is feeling {colour_start|town_activity_log_negative_result}{?description}%s{colour_end} after a vigorous round of flagellation.]]></entry>
    <entry id="str_flagellation_add_buff_townFlagellationDMGLowDebuff_story_desc"><![CDATA[weak with blood loss]]></entry>
    <entry id="str_[activity]_currency_[lost|gained]_story"><![CDATA[- [hero name][str_gained] $1234 [str_meditation_currency_gained_story]]]></entry>
    <entry id="str_bar_currency_lost_story"><![CDATA[{colour_start|town_activity_log_building_name}{?building_name}%s:{colour_end} {colour_start|notable}{?hero_name}%s{colour_end} {colour_start|town_activity_log_negative_result}lost {?amount}%d gold{colour_end} after becoming tipsy and buying a round for the house.]]></entry>
    <entry id="str_gambling_currency_gained_story"><![CDATA[{colour_start|town_activity_log_building_name}{?building_name}%s:{colour_end} {colour_start|notable}{?hero_name}%s{colour_end} {colour_start|town_activity_log_positive_result}gained {?amount}%d gold{colour_end} while gambling.]]></entry>
    <entry id="str_gambling_currency_lost_story"><![CDATA[{colour_start|town_activity_log_building_name}{?building_name}%s:{colour_end} {colour_start|notable}{?hero_name}%s{colour_end} {colour_start|town_activity_log_negative_result}lost {?amount}%d gold{colour_end} while gambling.]]></entry>
    <entry id="str_prayer_currency_lost_story"><![CDATA[{colour_start|town_activity_log_building_name}{?building_name}%s:{colour_end} {colour_start|notable}{?hero_name}%s{colour_end} {colour_start|town_activity_log_negative_result}lost {?amount}%d gold{colour_end} after becoming overcome with emotion and donating generously.]]></entry>
    <entry id="str_[activity]_activity_lock_story"><![CDATA[- [hero name][str_meditation_activity_lock_story]]]></entry>
    <entry id="str_bar_activity_lock_story"><![CDATA[{colour_start|town_activity_log_building_name}{?building_name}%s:{colour_end} {colour_start|notable}{?hero_name}%s{colour_end} is tying one on and refuses to leave the Bar yet.]]></entry>
    <entry id="str_gambling_activity_lock_story"><![CDATA[{colour_start|town_activity_log_building_name}{?building_name}%s:{colour_end} {colour_start|notable}{?hero_name}%s{colour_end} is on a hot streak and refuses to leave the Gambling Hall yet.]]></entry>
    <entry id="str_brothel_activity_lock_story"><![CDATA[{colour_start|town_activity_log_building_name}{?building_name}%s:{colour_end} {colour_start|notable}{?hero_name}%s{colour_end} has experienced undreamt of pleasures and refuses to leave the Brothel yet.]]></entry>
    <entry id="str_meditation_activity_lock_story"><![CDATA[{colour_start|town_activity_log_building_name}{?building_name}%s:{colour_end} {colour_start|notable}{?hero_name}%s{colour_end} has achieved a state of emptiness and refuses to stop meditating.]]></entry>
    <entry id="str_prayer_activity_lock_story"><![CDATA[{colour_start|town_activity_log_building_name}{?building_name}%s:{colour_end} {colour_start|notable}{?hero_name}%s{colour_end} has been inspired with holy worship and wishes to remain in Prayer.]]></entry>
    <entry id="str_flagellation_activity_lock_story"><![CDATA[{colour_start|town_activity_log_building_name}{?building_name}%s:{colour_end} {colour_start|notable}{?hero_name}%s{colour_end} has become one with pain and refuses to stop flagellating yet.]]></entry>
    <entry id="str_[activity]_add_trinket_story"><![CDATA[- [hero name][str_meditation_add_trinket_story][trinket name]]]></entry>
    <entry id="str_gambling_add_trinket_story"><![CDATA[{colour_start|town_activity_log_building_name}{?building_name}%s:{colour_end} {colour_start|notable}{?hero_name}%s{colour_end} gambled and won a trinket: {colour_start|town_activity_log_positive_result}{?trinket_name}%s{colour_end}]]></entry>
    <entry id="str_[activity]_remove_trinket_story"><![CDATA[- [hero name][str_meditation_remove_trinket_story][trinket name]]]></entry>
    <entry id="str_bar_remove_trinket_story"><![CDATA[{colour_start|town_activity_log_building_name}{?building_name}%s:{colour_end} {colour_start|notable}{?hero_name}%s{colour_end} blacked out and misplaced a trinket: {colour_start|town_activity_log_negative_result}{?trinket_name}%s{colour_end}]]></entry>
    <entry id="str_gambling_remove_trinket_story"><![CDATA[{colour_start|town_activity_log_building_name}{?building_name}%s:{colour_end} {colour_start|notable}{?hero_name}%s{colour_end} gambled and lost a trinket: {colour_start|town_activity_log_negative_result}{?trinket_name}%s{colour_end}]]></entry>
    <entry id="str_building_unlocked_format"><![CDATA[%s unlocked]]></entry>
    <entry id="str_stage_coach_unlocked"><![CDATA[{colour_start|town_activity_log_building_name}{?building_name}%s:{colour_end} The %s is now unlocked.]]></entry>
    <entry id="str_tavern_unlocked"><![CDATA[{colour_start|town_activity_log_building_name}{?building_name}%s:{colour_end} The %s is now unlocked.]]></entry>
    <entry id="str_abbey_unlocked"><![CDATA[{colour_start|town_activity_log_building_name}{?building_name}%s:{colour_end} The %s is now unlocked.]]></entry>
    <entry id="str_blacksmith_unlocked"><![CDATA[{colour_start|town_activity_log_building_name}{?building_name}%s:{colour_end} The %s is now unlocked.]]></entry>
    <entry id="str_guild_unlocked"><![CDATA[{colour_start|town_activity_log_building_name}{?building_name}%s:{colour_end} The %s is now unlocked.]]></entry>
    <entry id="str_camping_trainer_unlocked"><![CDATA[{colour_start|town_activity_log_building_name}{?building_name}%s:{colour_end} The %s is now unlocked.]]></entry>
    <entry id="str_sanitarium_unlocked"><![CDATA[{colour_start|town_activity_log_building_name}{?building_name}%s:{colour_end} The %s is now unlocked.]]></entry>
    <entry id="str_nomad_wagon_unlocked"><![CDATA[{colour_start|town_activity_log_building_name}{?building_name}%s:{colour_end} The %s is now unlocked.]]></entry>
    <entry id="str_graveyard_unlocked"><![CDATA[{colour_start|town_activity_log_building_name}{?building_name}%s:{colour_end} The %s is now unlocked.]]></entry>
    <entry id="str_building_upgraded_to_percent"><![CDATA[{colour_start|town_activity_log_building_name}{?building_name}%s{colour_end} has been leveled up to {colour_start|town_activity_log_positive_result}{?amount}%d%%{colour_end}]]></entry>
    <entry id="str_is_now_a"><![CDATA[{colour_start|notable}{?hero_name}%s{colour_end} is now {colour_start|town_activity_log_positive_result}{?level_name}%s {?class_name}%s (Lvl. {?level_number}%d){colour_end}.]]></entry>
    <entry id="str_stage_coach_numrecruits_upgrade_lvl_1"><![CDATA[More stagecoaches are coming to town. A larger selection of heroes will be available to recruit. {colour_start|town_activity_log_positive_result}Level: {?level}%d{colour_end}]]></entry>
    <entry id="str_stage_coach_numrecruits_upgrade_lvl_2"><![CDATA[More stagecoaches are coming to town. A larger selection of heroes will be available to recruit. {colour_start|town_activity_log_positive_result}Level: {?level}%d{colour_end}]]></entry>
    <entry id="str_stage_coach_numrecruits_upgrade_lvl_3"><![CDATA[More stagecoaches are coming to town. A larger selection of heroes will be available to recruit. {colour_start|town_activity_log_positive_result}Level: {?level}%d{colour_end}]]></entry>
    <entry id="str_stage_coach_numrecruits_upgrade_lvl_4"><![CDATA[More stagecoaches are coming to town. A larger selection of heroes will be available to recruit. {colour_start|town_activity_log_positive_result}Level: {?level}%d{colour_end}]]></entry>
    <entry id="str_stage_coach_numrecruits_upgrade_lvl_5"><![CDATA[More stagecoaches are coming to town. A larger selection of heroes will be available to recruit. {colour_start|town_activity_log_positive_result}Level: {?level}%d{colour_end}]]></entry>
    <entry id="str_stage_coach_rostersize_upgrade_lvl_1"><![CDATA[Additional hero barracks have been added! The roster size is increased. {colour_start|town_activity_log_positive_result}Level: {?level}%d{colour_end}]]></entry>
    <entry id="str_stage_coach_rostersize_upgrade_lvl_2"><![CDATA[Additional hero barracks have been added! The roster size is increased. {colour_start|town_activity_log_positive_result}Level: {?level}%d{colour_end}]]></entry>
    <entry id="str_stage_coach_rostersize_upgrade_lvl_3"><![CDATA[Additional hero barracks have been added! The roster size is increased. {colour_start|town_activity_log_positive_result}Level: {?level}%d{colour_end}]]></entry>
    <entry id="str_stage_coach_rostersize_upgrade_lvl_4"><![CDATA[Additional hero barracks have been added! The roster size is increased. {colour_start|town_activity_log_positive_result}Level: {?level}%d{colour_end}]]></entry>
    <entry id="str_stage_coach_rostersize_upgrade_lvl_5"><![CDATA[Additional hero barracks have been added! The roster size is increased. {colour_start|town_activity_log_positive_result}Level: {?level}%d{colour_end}]]></entry>
    <entry id="str_tavern_bar_upgrade_lvl_1"><![CDATA[The bar has been improved. {colour_start|town_activity_log_positive_result}Level: {?level}%d{colour_end}]]></entry>
    <entry id="str_tavern_bar_upgrade_lvl_2"><![CDATA[The bar has been improved. {colour_start|town_activity_log_positive_result}Level: {?level}%d{colour_end}]]></entry>
    <entry id="str_tavern_bar_upgrade_lvl_3"><![CDATA[The bar has been improved. {colour_start|town_activity_log_positive_result}Level: {?level}%d{colour_end}]]></entry>
    <entry id="str_tavern_bar_upgrade_lvl_4"><![CDATA[The bar has been improved. {colour_start|town_activity_log_positive_result}Level: {?level}%d{colour_end}]]></entry>
    <entry id="str_tavern_bar_upgrade_lvl_5"><![CDATA[The bar has been improved. {colour_start|town_activity_log_positive_result}Level: {?level}%d{colour_end}]]></entry>
    <entry id="str_tavern_bar_upgrade_lvl_6"><![CDATA[The bar has been improved. {colour_start|town_activity_log_positive_result}Level: {?level}%d{colour_end}]]></entry>
    <entry id="str_tavern_gambling_upgrade_lvl_1"><![CDATA[The gambling hall has been improved. {colour_start|town_activity_log_positive_result}Level: {?level}%d{colour_end}]]></entry>
    <entry id="str_tavern_gambling_upgrade_lvl_2"><![CDATA[The gambling hall has been improved. {colour_start|town_activity_log_positive_result}Level: {?level}%d{colour_end}]]></entry>
    <entry id="str_tavern_gambling_upgrade_lvl_3"><![CDATA[The gambling hall has been improved. {colour_start|town_activity_log_positive_result}Level: {?level}%d{colour_end}]]></entry>
    <entry id="str_tavern_gambling_upgrade_lvl_4"><![CDATA[The gambling hall has been improved. {colour_start|town_activity_log_positive_result}Level: {?level}%d{colour_end}]]></entry>
    <entry id="str_tavern_gambling_upgrade_lvl_5"><![CDATA[The gambling hall has been improved. {colour_start|town_activity_log_positive_result}Level: {?level}%d{colour_end}]]></entry>
    <entry id="str_tavern_gambling_upgrade_lvl_6"><![CDATA[The gambling hall has been improved. {colour_start|town_activity_log_positive_result}Level: {?level}%d{colour_end}]]></entry>
    <entry id="str_tavern_brothel_upgrade_lvl_1"><![CDATA[The brothel has been improved. {colour_start|town_activity_log_positive_result}Level: {?level}%d{colour_end}]]></entry>
    <entry id="str_tavern_brothel_upgrade_lvl_2"><![CDATA[The brothel has been improved. {colour_start|town_activity_log_positive_result}Level: {?level}%d{colour_end}]]></entry>
    <entry id="str_tavern_brothel_upgrade_lvl_3"><![CDATA[The brothel has been improved. {colour_start|town_activity_log_positive_result}Level: {?level}%d{colour_end}]]></entry>
    <entry id="str_tavern_brothel_upgrade_lvl_4"><![CDATA[The brothel has been improved. {colour_start|town_activity_log_positive_result}Level: {?level}%d{colour_end}]]></entry>
    <entry id="str_tavern_brothel_upgrade_lvl_5"><![CDATA[The brothel has been improved. {colour_start|town_activity_log_positive_result}Level: {?level}%d{colour_end}]]></entry>
    <entry id="str_tavern_brothel_upgrade_lvl_6"><![CDATA[The brothel has been improved. {colour_start|town_activity_log_positive_result}Level: {?level}%d{colour_end}]]></entry>
    <entry id="str_abbey_meditation_upgrade_lvl_1"><![CDATA[The meditation facilities have been improved. {colour_start|town_activity_log_positive_result}Level: {?level}%d{colour_end}]]></entry>
    <entry id="str_abbey_meditation_upgrade_lvl_2"><![CDATA[The meditation facilities have been improved. {colour_start|town_activity_log_positive_result}Level: {?level}%d{colour_end}]]></entry>
    <entry id="str_abbey_meditation_upgrade_lvl_3"><![CDATA[The meditation facilities have been improved. {colour_start|town_activity_log_positive_result}Level: {?level}%d{colour_end}]]></entry>
    <entry id="str_abbey_meditation_upgrade_lvl_4"><![CDATA[The meditation facilities have been improved. {colour_start|town_activity_log_positive_result}Level: {?level}%d{colour_end}]]></entry>
    <entry id="str_abbey_meditation_upgrade_lvl_5"><![CDATA[The meditation facilities have been improved. {colour_start|town_activity_log_positive_result}Level: {?level}%d{colour_end}]]></entry>
    <entry id="str_abbey_meditation_upgrade_lvl_6"><![CDATA[The meditation facilities have been improved. {colour_start|town_activity_log_positive_result}Level: {?level}%d{colour_end}]]></entry>
    <entry id="str_abbey_prayer_upgrade_lvl_1"><![CDATA[The prayer section has been improved. {colour_start|town_activity_log_positive_result}Level: {?level}%d{colour_end}]]></entry>
    <entry id="str_abbey_prayer_upgrade_lvl_2"><![CDATA[The prayer section has been improved. {colour_start|town_activity_log_positive_result}Level: {?level}%d{colour_end}]]></entry>
    <entry id="str_abbey_prayer_upgrade_lvl_3"><![CDATA[The prayer section has been improved. {colour_start|town_activity_log_positive_result}Level: {?level}%d{colour_end}]]></entry>
    <entry id="str_abbey_prayer_upgrade_lvl_4"><![CDATA[The prayer section has been improved. {colour_start|town_activity_log_positive_result}Level: {?level}%d{colour_end}]]></entry>
    <entry id="str_abbey_prayer_upgrade_lvl_5"><![CDATA[The prayer section has been improved. {colour_start|town_activity_log_positive_result}Level: {?level}%d{colour_end}]]></entry>
    <entry id="str_abbey_prayer_upgrade_lvl_6"><![CDATA[The prayer section has been improved. {colour_start|town_activity_log_positive_result}Level: {?level}%d{colour_end}]]></entry>
    <entry id="str_abbey_flagellation_upgrade_lvl_1"><![CDATA[The flagellation facilities have been improved. {colour_start|town_activity_log_positive_result}Level: {?level}%d{colour_end}]]></entry>
    <entry id="str_abbey_flagellation_upgrade_lvl_2"><![CDATA[The flagellation facilities have been improved. {colour_start|town_activity_log_positive_result}Level: {?level}%d{colour_end}]]></entry>
    <entry id="str_abbey_flagellation_upgrade_lvl_3"><![CDATA[The flagellation facilities have been improved. {colour_start|town_activity_log_positive_result}Level: {?level}%d{colour_end}]]></entry>
    <entry id="str_abbey_flagellation_upgrade_lvl_4"><![CDATA[The flagellation facilities have been improved. {colour_start|town_activity_log_positive_result}Level: {?level}%d{colour_end}]]></entry>
    <entry id="str_abbey_flagellation_upgrade_lvl_5"><![CDATA[The flagellation facilities have been improved. {colour_start|town_activity_log_positive_result}Level: {?level}%d{colour_end}]]></entry>
    <entry id="str_abbey_flagellation_upgrade_lvl_6"><![CDATA[The flagellation facilities have been improved. {colour_start|town_activity_log_positive_result}Level: {?level}%d{colour_end}]]></entry>
    <entry id="str_sanitarium_cost_upgrade_lvl_1"><![CDATA[The treatment library has been improved. {colour_start|town_activity_log_positive_result}Level: {?level}%d{colour_end}]]></entry>
    <entry id="str_sanitarium_cost_upgrade_lvl_2"><![CDATA[The treatment library has been improved. {colour_start|town_activity_log_positive_result}Level: {?level}%d{colour_end}]]></entry>
    <entry id="str_sanitarium_cost_upgrade_lvl_3"><![CDATA[The treatment library has been improved. {colour_start|town_activity_log_positive_result}Level: {?level}%d{colour_end}]]></entry>
    <entry id="str_sanitarium_cost_upgrade_lvl_4"><![CDATA[The treatment library has been improved. {colour_start|town_activity_log_positive_result}Level: {?level}%d{colour_end}]]></entry>
    <entry id="str_sanitarium_cost_upgrade_lvl_5"><![CDATA[The treatment library has been improved. {colour_start|town_activity_log_positive_result}Level: {?level}%d{colour_end}]]></entry>
    <entry id="str_sanitarium_disease_quirk_cost_upgrade_lvl_1"><![CDATA[The medical ward has been improved. {colour_start|town_activity_log_positive_result}Level: {?level}%d{colour_end}]]></entry>
    <entry id="str_sanitarium_disease_quirk_cost_upgrade_lvl_2"><![CDATA[The medical ward has been improved. {colour_start|town_activity_log_positive_result}Level: {?level}%d{colour_end}]]></entry>
    <entry id="str_sanitarium_disease_quirk_cost_upgrade_lvl_3"><![CDATA[The medical ward has been improved. {colour_start|town_activity_log_positive_result}Level: {?level}%d{colour_end}]]></entry>
    <entry id="str_sanitarium_disease_quirk_cost_upgrade_lvl_4"><![CDATA[The medical ward has been improved. {colour_start|town_activity_log_positive_result}Level: {?level}%d{colour_end}]]></entry>
    <entry id="str_sanitarium_disease_quirk_cost_upgrade_lvl_5"><![CDATA[The medical ward has been improved. {colour_start|town_activity_log_positive_result}Level: {?level}%d{colour_end}]]></entry>
    <entry id="str_sanitarium_slots_upgrade_lvl_1"><![CDATA[The sanitarium has added treatment rooms! {colour_start|town_activity_log_positive_result}Level: {?level}%d{colour_end}]]></entry>
    <entry id="str_sanitarium_slots_upgrade_lvl_2"><![CDATA[The sanitarium has added treatment rooms! {colour_start|town_activity_log_positive_result}Level: {?level}%d{colour_end}]]></entry>
    <entry id="str_sanitarium_slots_upgrade_lvl_3"><![CDATA[The sanitarium has added treatment rooms! {colour_start|town_activity_log_positive_result}Level: {?level}%d{colour_end}]]></entry>
    <entry id="str_sanitarium_slots_upgrade_lvl_4"><![CDATA[The sanitarium has added treatment rooms! {colour_start|town_activity_log_positive_result}Level: {?level}%d{colour_end}]]></entry>
    <entry id="str_blacksmith_weapon_upgrade_lvl_1"><![CDATA[Better weapons can now be forged. {colour_start|town_activity_log_positive_result}Level: {?level}%d{colour_end}]]></entry>
    <entry id="str_blacksmith_weapon_upgrade_lvl_2"><![CDATA[Better weapons can now be forged. {colour_start|town_activity_log_positive_result}Level: {?level}%d{colour_end}]]></entry>
    <entry id="str_blacksmith_weapon_upgrade_lvl_3"><![CDATA[Better weapons can now be forged. {colour_start|town_activity_log_positive_result}Level: {?level}%d{colour_end}]]></entry>
    <entry id="str_blacksmith_weapon_upgrade_lvl_4"><![CDATA[Better weapons can now be forged. {colour_start|town_activity_log_positive_result}Level: {?level}%d{colour_end}]]></entry>
    <entry id="str_blacksmith_armour_upgrade_lvl_1"><![CDATA[Better armor can now be crafted. {colour_start|town_activity_log_positive_result}Level: {?level}%d{colour_end}]]></entry>
    <entry id="str_blacksmith_armour_upgrade_lvl_2"><![CDATA[Better armor can now be crafted. {colour_start|town_activity_log_positive_result}Level: {?level}%d{colour_end}]]></entry>
    <entry id="str_blacksmith_armour_upgrade_lvl_3"><![CDATA[Better armor can now be crafted. {colour_start|town_activity_log_positive_result}Level: {?level}%d{colour_end}]]></entry>
    <entry id="str_blacksmith_armour_upgrade_lvl_4"><![CDATA[Better armor can now be crafted. {colour_start|town_activity_log_positive_result}Level: {?level}%d{colour_end}]]></entry>
    <entry id="str_blacksmith_cost_upgrade_lvl_1"><![CDATA[The blacksmith is now more efficient at his craft, making upgrades cheaper. {colour_start|town_activity_log_positive_result}Level: {?level}%d{colour_end}]]></entry>
    <entry id="str_blacksmith_cost_upgrade_lvl_2"><![CDATA[The blacksmith is now more efficient at his craft, making upgrades cheaper. {colour_start|town_activity_log_positive_result}Level: {?level}%d{colour_end}]]></entry>
    <entry id="str_blacksmith_cost_upgrade_lvl_3"><![CDATA[The blacksmith is now more efficient at his craft, making upgrades cheaper. {colour_start|town_activity_log_positive_result}Level: {?level}%d{colour_end}]]></entry>
    <entry id="str_blacksmith_cost_upgrade_lvl_4"><![CDATA[The blacksmith is now more efficient at his craft, making upgrades cheaper. {colour_start|town_activity_log_positive_result}Level: {?level}%d{colour_end}]]></entry>
    <entry id="str_blacksmith_cost_upgrade_lvl_5"><![CDATA[The blacksmith is now more efficient at his craft, making upgrades cheaper. {colour_start|town_activity_log_positive_result}Level: {?level}%d{colour_end}]]></entry>
    <entry id="str_guild_skill_levels_upgrade_lvl_1"><![CDATA[Better skill trainers have arrived, allowing for more advanced instruction. {colour_start|town_activity_log_positive_result}Level: {?level}%d{colour_end}]]></entry>
    <entry id="str_guild_skill_levels_upgrade_lvl_2"><![CDATA[Better skill trainers have arrived, allowing for more advanced instruction. {colour_start|town_activity_log_positive_result}Level: {?level}%d{colour_end}]]></entry>
    <entry id="str_guild_skill_levels_upgrade_lvl_3"><![CDATA[Better skill trainers have arrived, allowing for more advanced instruction. {colour_start|town_activity_log_positive_result}Level: {?level}%d{colour_end}]]></entry>
    <entry id="str_guild_skill_levels_upgrade_lvl_4"><![CDATA[Better skill trainers have arrived, allowing for more advanced instruction. {colour_start|town_activity_log_positive_result}Level: {?level}%d{colour_end}]]></entry>
    <entry id="str_guild_cost_upgrade_lvl_1"><![CDATA[The guild has been upgraded. Training is now less expensive. {colour_start|town_activity_log_positive_result}Level: {?level}%d{colour_end}]]></entry>
    <entry id="str_guild_cost_upgrade_lvl_2"><![CDATA[The guild has been upgraded. Training is now less expensive. {colour_start|town_activity_log_positive_result}Level: {?level}%d{colour_end}]]></entry>
    <entry id="str_guild_cost_upgrade_lvl_3"><![CDATA[The guild has been upgraded. Training is now less expensive. {colour_start|town_activity_log_positive_result}Level: {?level}%d{colour_end}]]></entry>
    <entry id="str_guild_cost_upgrade_lvl_4"><![CDATA[The guild has been upgraded. Training is now less expensive. {colour_start|town_activity_log_positive_result}Level: {?level}%d{colour_end}]]></entry>
    <entry id="str_guild_cost_upgrade_lvl_5"><![CDATA[The guild has been upgraded. Training is now less expensive. {colour_start|town_activity_log_positive_result}Level: {?level}%d{colour_end}]]></entry>
    <entry id="str_camping_trainer_cost_upgrade_lvl_1"><![CDATA[The survivalist network has been increased. Camping skill training is now less expensive. {colour_start|town_activity_log_positive_result}Level: {?level}%d{colour_end}]]></entry>
    <entry id="str_camping_trainer_cost_upgrade_lvl_2"><![CDATA[The survivalist network has been increased. Camping skill training is now less expensive. {colour_start|town_activity_log_positive_result}Level: {?level}%d{colour_end}]]></entry>
    <entry id="str_camping_trainer_cost_upgrade_lvl_3"><![CDATA[The survivalist network has been increased. Camping skill training is now less expensive. {colour_start|town_activity_log_positive_result}Level: {?level}%d{colour_end}]]></entry>
    <entry id="str_camping_trainer_cost_upgrade_lvl_4"><![CDATA[The survivalist network has been increased. Camping skill training is now less expensive. {colour_start|town_activity_log_positive_result}Level: {?level}%d{colour_end}]]></entry>
    <entry id="str_camping_trainer_cost_upgrade_lvl_5"><![CDATA[The survivalist network has been increased. Camping skill training is now less expensive. {colour_start|town_activity_log_positive_result}Level: {?level}%d{colour_end}]]></entry>
    <entry id="str_nomad_wagon_numitems_upgrade_lvl_1"><![CDATA[More merchants now come to town, increasing the selection of available trinkets. {colour_start|town_activity_log_positive_result}Level: {?level}%d{colour_end}]]></entry>
    <entry id="str_nomad_wagon_numitems_upgrade_lvl_2"><![CDATA[More merchants now come to town, increasing the selection of available trinkets. {colour_start|town_activity_log_positive_result}Level: {?level}%d{colour_end}]]></entry>
    <entry id="str_nomad_wagon_numitems_upgrade_lvl_3"><![CDATA[More merchants now come to town, increasing the selection of available trinkets. {colour_start|town_activity_log_positive_result}Level: {?level}%d{colour_end}]]></entry>
    <entry id="str_nomad_wagon_numitems_upgrade_lvl_4"><![CDATA[More merchants now come to town, increasing the selection of available trinkets. {colour_start|town_activity_log_positive_result}Level: {?level}%d{colour_end}]]></entry>
    <entry id="str_nomad_wagon_cost_upgrade_lvl_1"><![CDATA[The nomad now offers better pricing on trinkets. {colour_start|town_activity_log_positive_result}Level: {?level}%d{colour_end}]]></entry>
    <entry id="str_nomad_wagon_cost_upgrade_lvl_2"><![CDATA[The nomad now offers better pricing on trinkets. {colour_start|town_activity_log_positive_result}Level: {?level}%d{colour_end}]]></entry>
    <entry id="str_nomad_wagon_cost_upgrade_lvl_3"><![CDATA[The nomad now offers better pricing on trinkets. {colour_start|town_activity_log_positive_result}Level: {?level}%d{colour_end}]]></entry>
    <entry id="str_nomad_wagon_cost_upgrade_lvl_4"><![CDATA[The nomad now offers better pricing on trinkets. {colour_start|town_activity_log_positive_result}Level: {?level}%d{colour_end}]]></entry>
    <entry id="str_nomad_wagon_cost_upgrade_lvl_5"><![CDATA[The nomad now offers better pricing on trinkets. {colour_start|town_activity_log_positive_result}Level: {?level}%d{colour_end}]]></entry>
    <entry id="str_crypts_unlocked"><![CDATA[{colour_start|town_activity_log_positive_result}{?dungeon_name}%s:{colour_end} The Ruins has been unlocked.]]></entry>
    <entry id="str_weald_unlocked"><![CDATA[{colour_start|town_activity_log_positive_result}{?dungeon_name}%s:{colour_end} The Weald has been unlocked.]]></entry>
    <entry id="str_warrens_unlocked"><![CDATA[{colour_start|town_activity_log_positive_result}{?dungeon_name}%s:{colour_end} The Warrens has been unlocked.]]></entry>
    <entry id="str_cove_unlocked"><![CDATA[{colour_start|town_activity_log_positive_result}{?dungeon_name}%s:{colour_end} The Cove has been unlocked.]]></entry>
    <entry id="str_crypts_level_1_unlocked"><![CDATA[{colour_start|town_activity_log_positive_result}{?dungeon_name}%s:{colour_end} The Ruins has been advanced to Mastery 1.]]></entry>
    <entry id="str_crypts_level_2_unlocked"><![CDATA[{colour_start|town_activity_log_positive_result}{?dungeon_name}%s:{colour_end} The Ruins has been advanced to Mastery 2.]]></entry>
    <entry id="str_crypts_level_3_unlocked"><![CDATA[{colour_start|town_activity_log_positive_result}{?dungeon_name}%s:{colour_end} The Ruins has been advanced to Mastery 3.]]></entry>
    <entry id="str_crypts_level_4_unlocked"><![CDATA[{colour_start|town_activity_log_positive_result}{?dungeon_name}%s:{colour_end} The Ruins has been advanced to Mastery 4.]]></entry>
    <entry id="str_weald_level_1_unlocked"><![CDATA[{colour_start|town_activity_log_positive_result}{?dungeon_name}%s:{colour_end} The Weald has been advanced to Mastery 1.]]></entry>
    <entry id="str_weald_level_2_unlocked"><![CDATA[{colour_start|town_activity_log_positive_result}{?dungeon_name}%s:{colour_end} The Weald has been advanced to Mastery 2.]]></entry>
    <entry id="str_weald_level_3_unlocked"><![CDATA[{colour_start|town_activity_log_positive_result}{?dungeon_name}%s:{colour_end} The Weald has been advanced to Mastery 3.]]></entry>
    <entry id="str_weald_level_4_unlocked"><![CDATA[{colour_start|town_activity_log_positive_result}{?dungeon_name}%s:{colour_end} The Weald has been advanced to Mastery 4.]]></entry>
    <entry id="str_warrens_level_1_unlocked"><![CDATA[{colour_start|town_activity_log_positive_result}{?dungeon_name}%s:{colour_end} The Warrens has been advanced to Mastery 1.]]></entry>
    <entry id="str_warrens_level_2_unlocked"><![CDATA[{colour_start|town_activity_log_positive_result}{?dungeon_name}%s:{colour_end} The Warrens has been advanced to Mastery 2.]]></entry>
    <entry id="str_warrens_level_3_unlocked"><![CDATA[{colour_start|town_activity_log_positive_result}{?dungeon_name}%s:{colour_end} The Warrens has been advanced to Mastery 3.]]></entry>
    <entry id="str_warrens_level_4_unlocked"><![CDATA[{colour_start|town_activity_log_positive_result}{?dungeon_name}%s:{colour_end} The Warrens has been advanced to Mastery 4.]]></entry>
    <entry id="str_death_hunger_hunger"><![CDATA[perished of hunger.]]></entry>
    <entry id="str_death_trap_trap"><![CDATA[was skewered by a trap.]]></entry>
    <entry id="str_death_trap_obstacle"><![CDATA[collapsed permanently while clearing an obstacle.]]></entry>
    <entry id="str_death_obstacle_obstacle"><![CDATA[collapsed permanently while clearing an obstacle.]]></entry>
    <entry id="str_death_attack_monster"><![CDATA[was slain by a vile]]></entry>
    <entry id="str_death_attack_monster"><![CDATA[met their end against a]]></entry>
    <entry id="str_death_bleed_monster"><![CDATA[bled out.]]></entry>
    <entry id="str_death_poisoned_monster"><![CDATA[succumbed to Blight.]]></entry>
    <entry id="str_death_poisoned_hero"><![CDATA[succumbed to Blight.]]></entry>
    <entry id="str_death_attack_friendly"><![CDATA[fell to the hand of an ally.]]></entry>
    <entry id="str_death_bleed_friendly"><![CDATA[fell to the hand of an ally.]]></entry>
    <entry id="str_death_poisoned_friendly"><![CDATA[fell to the hand of an ally.]]></entry>
    <entry id="str_death_healing_friendly"><![CDATA[fell to the hand of an ally.]]></entry>
    <entry id="str_death_poisoned_unknown"><![CDATA[succumbed to Blight.]]></entry>
    <entry id="str_death_bleed_unknown"><![CDATA[bled out.]]></entry>
    <entry id="str_death_bleed_hero"><![CDATA[bled out due to a wound inflicted by a fellow hero.]]></entry>
    <entry id="str_death_unknown_unknown"><![CDATA[succumbed to an unknown peril.]]></entry>
    <entry id="str_death_captor_monster"><![CDATA[was boiled to death by the Hag.]]></entry>
    <entry id="str_death_heart_attack"><![CDATA[had a heart attack due to unsustainable {colour_start|stressNOT1}stress{colour_end}.]]></entry>
    <entry id="str_death_ddexit_unknown"><![CDATA[died ensuring others could escape from the Darkest Dungeon.]]></entry>
    <entry id="str_darkest_dungeon_success_stress_bonus"><![CDATA[Success in the Darkest Dungeon has inspired all heroes in the Hamlet. {colour_start|notable}Stress removed!{colour_end}]]></entry>
    <entry id="str_darkest_dungeon_failure_bonus"><![CDATA[Failure in the Darkest Dungeon has only strengthened the resolve of those left behind. ({colour_start|notable}x2 Resolve XP Bonus{colour_end} in the next quest.)]]></entry>
  </language>
</root>

