<?xml version="1.0" encoding="UTF-8"?>
<root>
  <language id="english">
    <entry id="buff_stat_tooltip_combat_stat_add_damage_low"><![CDATA[%+d DMG]]></entry>
    <entry id="buff_stat_tooltip_combat_stat_add_defense_rating"><![CDATA[%+d DODGE]]></entry>
    <entry id="buff_stat_tooltip_combat_stat_add_protection_rating"><![CDATA[%+d%% PROT]]></entry>
    <entry id="buff_stat_tooltip_actor_combat_stat_add_protection_rating"><![CDATA[%+d%% PROT]]></entry>
    <entry id="buff_stat_tooltip_combat_stat_add_speed_rating"><![CDATA[%+d SPD]]></entry>
    <entry id="buff_stat_tooltip_combat_stat_add_attack_rating"><![CDATA[%+d ACC]]></entry>
    <entry id="buff_stat_tooltip_combat_stat_add_crit_chance"><![CDATA[%+d%% CRT]]></entry>
    <entry id="buff_stat_tooltip_combat_stat_add_max_hp"><![CDATA[%+d MAX HP]]></entry>
    <entry id="buff_stat_tooltip_combat_stat_multiply_damage_low"><![CDATA[%+d%% DMG]]></entry>
    <entry id="buff_stat_tooltip_combat_stat_multiply_damage_high"><![CDATA[%+d%% DMG]]></entry>
    <entry id="buff_stat_tooltip_combat_stat_multiply_defense_rating"><![CDATA[%+d DODGE]]></entry>
    <entry id="buff_stat_tooltip_combat_stat_multiply_protection_rating"><![CDATA[%+d%% PROT]]></entry>
    <entry id="buff_stat_tooltip_combat_stat_multiply_speed_rating"><![CDATA[%+d%% SPD]]></entry>
    <entry id="buff_stat_tooltip_combat_stat_multiply_attack_rating"><![CDATA[%+d%% ACC]]></entry>
    <entry id="buff_stat_tooltip_combat_stat_multiply_crit_chance"><![CDATA[%+d%% CRT]]></entry>
    <entry id="buff_stat_tooltip_combat_stat_multiply_max_hp"><![CDATA[%+d%% MAX HP]]></entry>
    <entry id="buff_stat_tooltip_damage_received_percent"><![CDATA[%+d%% DMG]]></entry>
    <entry id="buff_stat_tooltip_hp_heal_amount"><![CDATA[%+d Additional HP {colour_start|healhp}Healed{colour_end}]]></entry>
    <entry id="buff_stat_tooltip_hp_heal_percent"><![CDATA[%+d%% {colour_start|healhp}Healing{colour_end} Skills]]></entry>
    <entry id="buff_stat_tooltip_hp_heal_received_percent"><![CDATA[%+d%% {colour_start|healhp}Healing{colour_end} Received]]></entry>
    <entry id="buff_stat_tooltip_stress_dmg_percent"><![CDATA[%+d%% {colour_start|stress}Stress{colour_end} Inflicted On Party]]></entry>
    <entry id="buff_stat_tooltip_stress_heal_percent"><![CDATA[%+d%% {colour_start|stress}Stress {colour_end}Healed]]></entry>
    <entry id="buff_stat_tooltip_stress_dmg_received_percent"><![CDATA[%+d%% {colour_start|stress}Stress {colour_end}]]></entry>
    <entry id="buff_stat_tooltip_stress_heal_received_percent"><![CDATA[%+d%% {colour_start|stress}Stress {colour_end}Healed]]></entry>
    <entry id="buff_stat_tooltip_stress_dmg_received_percent_mode"><![CDATA[%+d%% On Transformation {colour_start|stress}Stress{colour_end}]]></entry>
    <entry id="buff_stat_tooltip_resistance_stun"><![CDATA[%+d%% {colour_start|stun}Stun {colour_end}Resist]]></entry>
    <entry id="buff_stat_tooltip_resistance_move"><![CDATA[%+d%% {colour_start|move}Move{colour_end} Resist]]></entry>
    <entry id="buff_stat_tooltip_resistance_poison"><![CDATA[%+d%% {colour_start|blight}Blight{colour_end} Resist]]></entry>
    <entry id="buff_stat_tooltip_resistance_bleed"><![CDATA[%+d%% {colour_start|bleed}Bleed{colour_end} Resist]]></entry>
    <entry id="buff_stat_tooltip_resistance_disease"><![CDATA[%+d%% {colour_start|disease}Disease{colour_end} Resist]]></entry>
    <entry id="buff_stat_tooltip_resistance_debuff"><![CDATA[%+d%% {colour_start|debuff}Debuff{colour_end} Resist]]></entry>
    <entry id="buff_stat_tooltip_resistance_death_blow"><![CDATA[%+d%% {colour_start|deathblow}Death Blow{colour_end} Resist]]></entry>
    <entry id="buff_stat_tooltip_poison_chance"><![CDATA[%+d%% {colour_start|blight}Blight{colour_end} Skill Chance]]></entry>
    <entry id="buff_stat_tooltip_bleed_chance"><![CDATA[%+d%% {colour_start|bleed}Bleed{colour_end} Skill Chance]]></entry>
    <entry id="buff_stat_tooltip_stun_chance"><![CDATA[%+d%% {colour_start|stun}Stun{colour_end} Skill Chance]]></entry>
    <entry id="buff_stat_tooltip_debuff_chance"><![CDATA[%+d%% {colour_start|debuff}Debuff{colour_end} Skill Chance]]></entry>
    <entry id="buff_stat_tooltip_move_chance"><![CDATA[%+d%% {colour_start|move}Move{colour_end} Skill Chance]]></entry>
    <entry id="buff_stat_tooltip_resolve_check_percent"><![CDATA[%+d%% {colour_start|virtue}Virtue{colour_end} Chance]]></entry>
    <entry id="buff_stat_tooltip_scouting_chance"><![CDATA[%+d%% {colour_start|scouting}Scouting{colour_end} Chance]]></entry>
    <entry id="buff_stat_tooltip_remove_negative_quirk_chance"><![CDATA[%+d%% Remove Negative Quirk Chance]]></entry>
    <entry id="buff_stat_tooltip_food_consumption_percent"><![CDATA[%+d%% Food Consumed]]></entry>
    <entry id="buff_stat_tooltip_starving_damage_percent"><![CDATA[%+d%% HP DMG Inflicted When Starving]]></entry>
    <entry id="buff_stat_tooltip_resolve_xp_bonus_percent"><![CDATA[%+d%% Resolve XP]]></entry>
    <entry id="buff_stat_tooltip_resistance_trap"><![CDATA[%+d%% {colour_start|trap}Trap{colour_end} Disarm Chance]]></entry>
    <entry id="buff_stat_tooltip_upgrade_discount_weapon"><![CDATA[%-d%% Weapon Upgrade Cost]]></entry>
    <entry id="buff_stat_tooltip_upgrade_discount_armour"><![CDATA[%-d%% Armor Upgrade Cost]]></entry>
    <entry id="buff_stat_tooltip_party_surprise_chance"><![CDATA[%+d%% Chance Party {colour_start|surprised}Surprised{colour_end}]]></entry>
    <entry id="buff_stat_tooltip_monsters_surprise_chance"><![CDATA[%+d%% Chance Monsters {colour_start|surprised}Surprised{colour_end}]]></entry>
    <entry id="buff_rule_tooltip_always"><![CDATA[%s]]></entry>
    <entry id="buff_rule_tooltip_monsterSize"><![CDATA[%s vs size %d]]></entry>
    <entry id="buff_rule_tooltip_lightbelow"><![CDATA[%s if Torch below %d]]></entry>
    <entry id="buff_rule_tooltip_lightabove"><![CDATA[%s if Torch above %d]]></entry>
    <entry id="buff_rule_tooltip_hpbelow"><![CDATA[%s if HP below %d%%]]></entry>
    <entry id="buff_rule_tooltip_hpabove"><![CDATA[%s if HP above %d%%]]></entry>
    <entry id="buff_rule_tooltip_afflicted"><![CDATA[%s if {colour_start|afflicted}Afflicted{colour_end}]]></entry>
    <entry id="buff_rule_tooltip_virtued"><![CDATA[%s if {colour_start|virtue}Virtued{colour_end}]]></entry>
    <entry id="buff_rule_tooltip_meleeonly"><![CDATA[%s {colour_start|attacktype}Melee{colour_end} Skills]]></entry>
    <entry id="buff_rule_tooltip_rangedonly"><![CDATA[%s {colour_start|attacktype}Ranged{colour_end} Skills]]></entry>
    <entry id="buff_rule_tooltip_firstroundonly"><![CDATA[%s on First Round]]></entry>
    <entry id="buff_rule_tooltip_actorStatus"><![CDATA[%s vs %s]]></entry>
    <entry id="buff_rule_tooltip_monsterType"><![CDATA[%s vs %s]]></entry>
    <entry id="buff_rule_tooltip_at_deaths_door"><![CDATA[%s at {colour_start|deathdoor}Death's Door{colour_end}]]></entry>
    <entry id="buff_rule_tooltip_in_rank"><![CDATA[%s if in position %d]]></entry>
    <entry id="buff_rule_tooltip_in_camp"><![CDATA[%s while Camping]]></entry>
    <entry id="buff_rule_tooltip_in_dungeon"><![CDATA[%s in %s]]></entry>
    <entry id="buff_rule_tooltip_stress_above"><![CDATA[%s if {colour_start|stress}Stress {colour_end}above %d]]></entry>
    <entry id="buff_rule_tooltip_walking_backwards"><![CDATA[%s while walking backward]]></entry>
    <entry id="buff_rule_tooltip_in_activity"><![CDATA[%s in %s]]></entry>
    <entry id="buff_rule_tooltip_in_corridor"><![CDATA[%s in Hallways]]></entry>
    <entry id="buff_rule_tooltip_stress_below"><![CDATA[%s if {colour_start|stress}Stress {colour_end}below %d]]></entry>
    <entry id="buff_rule_tooltip_riposte"><![CDATA[%s when {colour_start|riposte}Riposte{colour_end}]]></entry>
    <entry id="buff_rule_tooltip_skill"><![CDATA[%s from skill %s]]></entry>
    <entry id="buff_rule_tooltip_in_mode"><![CDATA[%s if in mode %s]]></entry>
    <entry id="buff_rule_tooltip_always_false"><![CDATA[NOT %s]]></entry>
    <entry id="buff_rule_tooltip_monsterSize_false"><![CDATA[%s vs not size %d]]></entry>
    <entry id="buff_rule_tooltip_lightbelow_false"><![CDATA[%s if Torch not below %d]]></entry>
    <entry id="buff_rule_tooltip_lightabove_false"><![CDATA[%s if Torch not above %d]]></entry>
    <entry id="buff_rule_tooltip_hpbelow_false"><![CDATA[%s if HP not below %d%%]]></entry>
    <entry id="buff_rule_tooltip_hpabove_false"><![CDATA[%s if HP not above %d%%]]></entry>
    <entry id="buff_rule_tooltip_afflicted_false"><![CDATA[%s if not {colour_start|afflicted}Afflicted{colour_end}]]></entry>
    <entry id="buff_rule_tooltip_virtued_false"><![CDATA[%s if not {colour_start|virtue}Virtued{colour_end}]]></entry>
    <entry id="buff_rule_tooltip_meleeonly_false"><![CDATA[%s not {colour_start|attacktype}Melee{colour_end}]]></entry>
    <entry id="buff_rule_tooltip_rangedonly_false"><![CDATA[%s not {colour_start|attacktype}Ranged{colour_end}]]></entry>
    <entry id="buff_rule_tooltip_firstroundonly_false"><![CDATA[%s after First Round]]></entry>
    <entry id="buff_rule_tooltip_monsterStatus_false"><![CDATA[%s not vs %s]]></entry>
    <entry id="buff_rule_tooltip_monsterType_false"><![CDATA[%s not vs %s]]></entry>
    <entry id="buff_rule_tooltip_at_deaths_door_false"><![CDATA[%s if not at {colour_start|deathdoor}Death's Door{colour_end}]]></entry>
    <entry id="buff_rule_tooltip_in_rank_false"><![CDATA[%s if not in position %d]]></entry>
    <entry id="buff_rule_tooltip_in_camp_false"><![CDATA[%s while not Camping]]></entry>
    <entry id="buff_rule_data_tooltip_stunned"><![CDATA[{colour_start|stun}Stunned {colour_end}]]></entry>
    <entry id="buff_rule_data_tooltip_tagged"><![CDATA[{colour_start|mark}Marked{colour_end}]]></entry>
    <entry id="buff_rule_data_tooltip_poisoned"><![CDATA[{colour_start|blight}Blighted{colour_end}]]></entry>
    <entry id="buff_rule_data_tooltip_bleeding"><![CDATA[{colour_start|bleed}Bleeding{colour_end}]]></entry>
    <entry id="buff_rule_data_tooltip_unholy"><![CDATA[Unholy]]></entry>
    <entry id="buff_rule_data_tooltip_man"><![CDATA[Human]]></entry>
    <entry id="buff_rule_data_tooltip_beast"><![CDATA[Beast]]></entry>
    <entry id="buff_rule_data_tooltip_eldritch"><![CDATA[Eldritch]]></entry>
    <entry id="buff_rule_data_tooltip_crypts"><![CDATA[Ruins]]></entry>
    <entry id="buff_rule_data_tooltip_weald"><![CDATA[Weald]]></entry>
    <entry id="buff_rule_data_tooltip_warrens"><![CDATA[Warrens]]></entry>
    <entry id="buff_rule_data_tooltip_cove"><![CDATA[Cove]]></entry>
    <entry id="buff_rule_data_tooltip_bar"><![CDATA[Bar]]></entry>
    <entry id="buff_rule_data_tooltip_gambling"><![CDATA[Gambling]]></entry>
    <entry id="buff_rule_data_tooltip_brothel"><![CDATA[Brothel]]></entry>
    <entry id="buff_rule_data_tooltip_meditation"><![CDATA[Meditation]]></entry>
    <entry id="buff_rule_data_tooltip_prayer"><![CDATA[Prayer]]></entry>
    <entry id="buff_rule_data_tooltip_flagellation"><![CDATA[Flagellation]]></entry>
    <entry id="buff_rule_data_tooltip_hounds_rush"><![CDATA[Hound's Rush]]></entry>
    <entry id="buff_rule_data_tooltip_beast"><![CDATA[Beast]]></entry>
    <entry id="buff_rule_data_tooltip_rake"><![CDATA[Rake]]></entry>
    <entry id="buff_rule_data_tooltip_rage"><![CDATA[Rage]]></entry>
    <entry id="buff_rule_data_tooltip_transform"><![CDATA[Transform]]></entry>
    <entry id="buff_rule_data_tooltip_darkest_eye"><![CDATA[Revelation]]></entry>
    <entry id="buff_bsrc_skill"><![CDATA[Other Skill]]></entry>
    <entry id="buff_bsrc_instantSkill"><![CDATA[Selected Skill]]></entry>
    <entry id="buff_bsrc_affliction"><![CDATA[{colour_start|afflicted}Affliction{colour_end}]]></entry>
    <entry id="buff_bsrc_virtue"><![CDATA[{colour_start|virtue}Virtue{colour_end}]]></entry>
    <entry id="buff_bsrc_quirk"><![CDATA[Quirk]]></entry>
    <entry id="buff_bsrc_trinket"><![CDATA[Trinket]]></entry>
    <entry id="buff_bsrc_campingskill"><![CDATA[Camping Skill]]></entry>
    <entry id="buff_bsrc_deathsdoor"><![CDATA[{colour_start|deathdoor}Death's Door{colour_end}]]></entry>
    <entry id="buff_bsrc_town"><![CDATA[Town]]></entry>
    <entry id="buff_bsrc_town_event"><![CDATA[Town]]></entry>
    <entry id="buff_bsrc_curio"><![CDATA[Curio]]></entry>
    <entry id="buff_bsrc_stun"><![CDATA[{colour_start|stun}Stun{colour_end}]]></entry>
    <entry id="buff_bsrc_item"><![CDATA[Item]]></entry>
    <entry id="buff_bsrc_disease"><![CDATA[{colour_start|disease}Disease{colour_end}]]></entry>
    <entry id="buff_bsrc_deathsdoor_recovery"><![CDATA[{colour_start|deathdoor}Death's Door{colour_end} Recovery]]></entry>
    <entry id="buff_bsrc_deathsdoor_recovery_heart_attack"><![CDATA[Heart Attack Recovery]]></entry>
    <entry id="effect_tooltip_self"><![CDATA[Self:]]></entry>
    <entry id="effect_tooltip_target"><![CDATA[Target:]]></entry>
    <entry id="effect_tooltip_party"><![CDATA[All Heroes:]]></entry>
    <entry id="effect_tooltip_party_other"><![CDATA[Other Heroes:]]></entry>
    <entry id="effect_tooltip_target_group"><![CDATA[Enemy Party:]]></entry>
    <entry id="effect_tooltip_target_buff"><![CDATA[{colour_start|buff}Buff Target:{colour_end}]]></entry>
    <entry id="effect_tooltip_target_debuff"><![CDATA[{colour_start|debuff}Debuff Target:{colour_end}]]></entry>
    <entry id="effect_tooltip_target_group_buff"><![CDATA[{colour_start|buff}Buff Enemies:{colour_end}]]></entry>
    <entry id="effect_tooltip_target_group_debuff"><![CDATA[{colour_start|debuff}Debuff Enemies:{colour_end}]]></entry>
    <entry id="effect_tooltip_target_group_other_buff"><![CDATA[{colour_start|buff}Buff Other Enemies:{colour_end}]]></entry>
    <entry id="effect_tooltip_target_group_other_debuff"><![CDATA[{colour_start|debuff}Debuff Other Enemies:{colour_end}]]></entry>
    <entry id="effect_tooltip_self_buff"><![CDATA[{colour_start|buff}Buff Self:{colour_end}]]></entry>
    <entry id="effect_tooltip_self_debuff"><![CDATA[{colour_start|debuff}Debuff Self:{colour_end}]]></entry>
    <entry id="effect_tooltip_party_buff"><![CDATA[{colour_start|buff}Buff Party:{colour_end}]]></entry>
    <entry id="effect_tooltip_party_debuff"><![CDATA[{colour_start|debuff}Debuff Party:{colour_end}]]></entry>
    <entry id="effect_tooltip_party_other_buff"><![CDATA[{colour_start|buff}Buff Others:{colour_end}]]></entry>
    <entry id="effect_tooltip_party_other_debuff"><![CDATA[{colour_start|debuff}Debuff Others:{colour_end}]]></entry>
    <entry id="effect_tooltip_stress_format"><![CDATA[{colour_start|stress}Stress {colour_end}%+d]]></entry>
    <entry id="effect_tooltip_stress_heal_format"><![CDATA[{colour_start|stress}Stress {colour_end}-%d]]></entry>
    <entry id="effect_tooltip_stun"><![CDATA[{colour_start|stun}Stun {colour_end}]]></entry>
    <entry id="effect_tooltip_unstun"><![CDATA[Clear {colour_start|stun}Stun {colour_end}]]></entry>
    <entry id="effect_tooltip_tag"><![CDATA[{colour_start|mark}Mark{colour_end} Target]]></entry>
    <entry id="effect_tooltip_untag"><![CDATA[Clear {colour_start|mark}Marked{colour_end} Target]]></entry>
    <entry id="effect_tooltip_cure"><![CDATA[Cure {colour_start|blight}Blight{colour_end}/{colour_start|bleed}Bleed{colour_end}]]></entry>
    <entry id="effect_tooltip_dot_poison"><![CDATA[{colour_start|blight}Blight{colour_end}]]></entry>
    <entry id="effect_tooltip_dot_bleed"><![CDATA[{colour_start|bleed}Bleed{colour_end}]]></entry>
    <entry id="effect_tooltip_dot_format"><![CDATA[%d pts/rd for %d rds]]></entry>
    <entry id="effect_tooltip_torch_format"><![CDATA[Torch %+d]]></entry>
    <entry id="effect_tooltip_shuffle_party"><![CDATA[Shuffle Party]]></entry>
    <entry id="effect_tooltip_disease"><![CDATA[Cause {colour_start|disease}Disease{colour_end}]]></entry>
    <entry id="effect_tooltip_summon_format"><![CDATA[Summon %s]]></entry>
    <entry id="effect_tooltip_heal_format"><![CDATA[{colour_start|healhp}Heal{colour_end} %d HP]]></entry>
    <entry id="effect_tooltip_move_forward"><![CDATA[{colour_start|move}Pull{colour_end} %d]]></entry>
    <entry id="effect_tooltip_move_backward"><![CDATA[{colour_start|knockback}Knockback{colour_end} %d]]></entry>
    <entry id="effect_tooltip_shuffle_single"><![CDATA[{colour_start|move}Shuffle{colour_end} Single]]></entry>
    <entry id="effect_tooltip_shuffle_group"><![CDATA[{colour_start|move}Shuffle{colour_end} Group]]></entry>
    <entry id="effect_tooltip_guard"><![CDATA[{colour_start|guard}Guard{colour_end} Ally]]></entry>
    <entry id="effect_tooltip_riposte"><![CDATA[Activates {colour_start|riposte}Riposte{colour_end}]]></entry>
    <entry id="effect_tooltip_kill_enemy_type"><![CDATA[Clear all %sS]]></entry>
    <entry id="effect_tooltip_set_actor_mode_format"><![CDATA[Change to mode: %s]]></entry>
    <entry id="effect_tooltip_format"><![CDATA[%s %s]]></entry>
    <entry id="effect_tooltip_additional_description_format"><![CDATA[%s %s
%s]]></entry>
    <entry id="effect_chance_format"><![CDATA[(%d%% chance)]]></entry>
    <entry id="effect_base_chance_format"><![CDATA[(%d%% base)]]></entry>
    <entry id="str_stat_base_weapon_and_skill"><![CDATA[Weapon + Skill]]></entry>
    <entry id="skill_random_target"><![CDATA[Random Target]]></entry>
    <entry id="skill_heal_format"><![CDATA[{colour_start|healhp}Heal{colour_end} %d-%d]]></entry>
    <entry id="skill_party_heal_format"><![CDATA[{colour_start|healhp}Heal{colour_end} Party %d-%d]]></entry>
    <entry id="monster_tooltip_hp_format"><![CDATA[HP: %.0f/%.0f]]></entry>
    <entry id="monster_tooltip_prot_format"><![CDATA[PROT: %.0f%%]]></entry>
    <entry id="monster_tooltip_dodge_format"><![CDATA[DODGE: %0.f]]></entry>
    <entry id="monster_tooltip_speed_format"><![CDATA[SPD: %0.f]]></entry>
    <entry id="actor_mode_name_human"><![CDATA[Human]]></entry>
    <entry id="str_skill_mode_info_human"><![CDATA[As Human:]]></entry>
    <entry id="actor_mode_name_beast"><![CDATA[Beast]]></entry>
    <entry id="str_skill_mode_info_beast"><![CDATA[As Beast:]]></entry>
    <entry id="skill_battle_limit_abomination_transform"><![CDATA[Beast limit per battle: 1]]></entry>
  </language>
</root>

