<?xml version="1.0" encoding="UTF-8"?>
<root>
  <language id="english">
    <entry id="str_inventory_title_trinketaurora_pendant"><![CDATA[Aurora Pendant]]></entry>
    <entry id="str_inventory_title_trinketboots_of_much_kicking"><![CDATA[Boots of much kicking]]></entry>
    <entry id="str_inventory_title_trinketcloak_of_the_heavens"><![CDATA[Cloak of the Heavens]]></entry>
    <entry id="str_inventory_title_trinketstone_of_hearth"><![CDATA[Stone of Hearth]]></entry>
    <entry id="str_inventory_title_trinketthe_bloodied_shroud"><![CDATA[The Bloodied Shroud]]></entry>
    <entry id="str_inventory_title_trinkethowling_devil"><![CDATA[Howling Devil]]></entry>
    <entry id="str_inventory_title_trinketcrucifix_for_the_lord"><![CDATA[Crucifix for the Lord]]></entry>
    <entry id="str_inventory_title_trinketskullyfm"><![CDATA[SkullyFM]]></entry>
    <entry id="str_inventory_title_trinketlibro_tenedo"><![CDATA[Libro Tenedo]]></entry>
    <entry id="str_inventory_title_trinketdiadem_of_the_arcane"><![CDATA[Diadem of the Arcane]]></entry>
    <entry id="str_inventory_title_trinketthe_tome_of_magrus"><![CDATA[The Tome of Magrus]]></entry>
    <entry id="str_inventory_title_trinketgryphons_ring"><![CDATA[Gryphon's Ring]]></entry>
    <entry id="str_inventory_title_trinketlight_repetition"><![CDATA[Light Repetition]]></entry>
    <entry id="str_inventory_title_trinketbogis_bulwark"><![CDATA[Bogi's Bulwark]]></entry>
    <entry id="str_inventory_title_trinkettruth"><![CDATA[Truth]]></entry>
    <entry id="str_inventory_title_trinkettome_of_the_dawn"><![CDATA[Tome of the Dawn]]></entry>
    <entry id="str_inventory_title_trinketthe_spade_of_aces"><![CDATA[The Spade of Aces]]></entry>
    <entry id="str_inventory_title_trinketfools_bane"><![CDATA[Fool's Bane]]></entry>
    <entry id="str_inventory_title_trinketingrown_toe_nail"><![CDATA[Ingrown Toe Nail]]></entry>
    <entry id="str_inventory_title_trinketsquittens_survival_guide"><![CDATA[Squitten's Survival Guide]]></entry>
    <entry id="str_inventory_title_trinketforlorn_memento"><![CDATA[Forlorn Memento]]></entry>
    <entry id="str_inventory_title_trinketamulet_of_superior_asphyxiation"><![CDATA[Amulet of Superior Asphyxiation]]></entry>
    <entry id="str_inventory_title_trinketbloodbrine"><![CDATA[Bloodbrine]]></entry>
    <entry id="str_inventory_title_trinkethound_crest"><![CDATA[Hound Crest]]></entry>
    <entry id="str_inventory_title_trinketsanguinary_talons"><![CDATA[Sanguinary Talons]]></entry>
    <entry id="str_inventory_title_trinketpet_rock"><![CDATA[Pet Rock]]></entry>
    <entry id="str_inventory_title_trinketbeloveds_ring"><![CDATA[Beloved's ring]]></entry>
    <entry id="str_inventory_title_trinketaakeskiol"><![CDATA[Aakeskiol]]></entry>
    <entry id="str_inventory_title_trinketthe_scarecrows_brain"><![CDATA[The Scarecrow's Brain]]></entry>
    <entry id="str_inventory_title_trinkethighbornes_praise"><![CDATA[Highborne's Praise]]></entry>
    <entry id="str_inventory_title_trinketkeljores_lost_valor"><![CDATA[Keljore's Lost Valor]]></entry>
    <entry id="str_inventory_title_trinketvanders_signet"><![CDATA[Vanders Signet]]></entry>
    <entry id="str_inventory_title_trinketdruidic_herb"><![CDATA[Druidic Herb]]></entry>
    <entry id="str_inventory_title_trinketthe_holy_grail"><![CDATA[The Holy Grail]]></entry>
    <entry id="str_inventory_title_trinketeye_for_the_feisty"><![CDATA[Eye for the Feisty]]></entry>
    <entry id="str_inventory_title_trinketthe_man_that_hides_a_demon"><![CDATA[The Man that hides a Demon]]></entry>
    <entry id="str_inventory_title_trinketthoons_guide"><![CDATA[Thoon's Guide]]></entry>
    <entry id="str_inventory_title_trinketthe_red_hand"><![CDATA[The Red Hand]]></entry>
    <entry id="str_inventory_title_trinketajs_growling_tome_of_madness"><![CDATA[AJ's Growling Tome of Maddness]]></entry>
    <entry id="str_inventory_title_trinketthe_harbinger"><![CDATA[The Harbinger]]></entry>
    <entry id="str_inventory_title_trinketemblem_of_trista"><![CDATA[Emblem of Trista]]></entry>
    <entry id="str_inventory_title_trinketclaws_of_the_cat"><![CDATA[Claws of the Cat]]></entry>
    <entry id="str_inventory_title_trinketphilosophers_wisdom"><![CDATA[Philosopher's Wisdom]]></entry>
    <entry id="str_inventory_title_trinketscales_of_justice"><![CDATA[Scales of Justice]]></entry>
    <entry id="str_inventory_title_trinketda_powar"><![CDATA[Da powar]]></entry>
    <entry id="str_inventory_title_trinketwinstons_revenge"><![CDATA[Winston's Revenge]]></entry>
    <entry id="str_inventory_title_trinketthe_eidolons_will"><![CDATA[The Eidolon's Will]]></entry>
    <entry id="str_inventory_title_trinketstay_frosty_cloak"><![CDATA[Stay Frosty Cloak]]></entry>
    <entry id="str_inventory_title_trinketviolets_pet"><![CDATA[Violet's pet]]></entry>
    <entry id="str_inventory_title_trinketlumihiutale"><![CDATA[Lumihiutale]]></entry>
    <entry id="str_inventory_title_trinketharpy_talon"><![CDATA[Harpy Talon]]></entry>
    <entry id="str_inventory_title_trinketde_vermis_mysteriis"><![CDATA[De Vermis Mysteriis]]></entry>
    <entry id="str_inventory_title_trinketdecusian_prayerbook"><![CDATA[Decusian Prayerbook]]></entry>
    <entry id="str_inventory_title_trinkettakaras_heart"><![CDATA[Takara's Heart]]></entry>
    <entry id="str_inventory_title_trinketlahzarels_phylactery"><![CDATA[Lahzarel's Phylactery]]></entry>
    <entry id="str_inventory_title_trinketaru"><![CDATA[Aru]]></entry>
    <entry id="str_inventory_title_trinketbulk_smash"><![CDATA[Bulk Smash]]></entry>
    <entry id="str_inventory_title_trinkethandy_haversack"><![CDATA[Handy Haversack]]></entry>
    <entry id="str_inventory_title_trinketnagelring"><![CDATA[Nagelring]]></entry>
    <entry id="str_inventory_title_trinketdark_night_of_the_soul"><![CDATA[Dark Night of the Soul]]></entry>
    <entry id="str_inventory_title_trinketfull_throttle"><![CDATA[Full Throttle]]></entry>
    <entry id="str_inventory_title_trinkethope_in_hand"><![CDATA[Hope in Hand]]></entry>
    <entry id="str_inventory_title_trinketsilent"><![CDATA[Silent]]></entry>
    <entry id="str_inventory_title_trinketshroud_of_the_midnight_charmer"><![CDATA[Shroud of the Midnight Charmer]]></entry>
    <entry id="str_inventory_title_trinketdippys_little_black_book"><![CDATA[Dippy's Little Black Book]]></entry>
    <entry id="str_inventory_title_trinketthe_radies"><![CDATA[The Radies]]></entry>
    <entry id="str_inventory_title_trinketdeus_da_morte_egito"><![CDATA[Deus da Morte Egito]]></entry>
    <entry id="str_inventory_title_trinketwrath_of_khan"><![CDATA[Wrath of Khan]]></entry>
    <entry id="str_inventory_title_trinketdrop_of_rain"><![CDATA[Drop of rain]]></entry>
    <entry id="str_inventory_title_trinkettwilitinox"><![CDATA[Twilitinox]]></entry>
    <entry id="str_inventory_title_trinketthe_glass_of_milk"><![CDATA[The Glass of milk]]></entry>
    <entry id="str_inventory_title_trinketsacra_fracti"><![CDATA[Sacra Fracti]]></entry>
    <entry id="str_inventory_title_trinketshard_of_rhembrandts_soul"><![CDATA[Shard of Rhembrandt's Soul]]></entry>
    <entry id="str_inventory_title_trinketcorwyns_cape"><![CDATA[Corwyn's Cape]]></entry>
    <entry id="str_inventory_title_trinketedgecomb"><![CDATA[EdgeComb]]></entry>
    <entry id="str_inventory_title_trinketeilif"><![CDATA[Eilif]]></entry>
    <entry id="str_inventory_title_trinketgrimoire_of_the_grey"><![CDATA[Grimoire of the Grey]]></entry>
    <entry id="str_inventory_title_trinketvial_of_tears"><![CDATA[Vial of Tears]]></entry>
    <entry id="str_inventory_title_trinketthe_rolled_bones"><![CDATA[The Rolled Bones]]></entry>
    <entry id="str_inventory_title_trinketpatch_of_sight"><![CDATA[Patch of Sight]]></entry>
    <entry id="str_inventory_title_trinketdorans_dice"><![CDATA[Doran's Dice]]></entry>
    <entry id="str_inventory_title_trinketblood_of_innocent"><![CDATA[Blood of Innocent]]></entry>
    <entry id="str_inventory_title_trinketmalazan_book_of_the_fallen"><![CDATA[Malazan Book of the Fallen]]></entry>
    <entry id="str_inventory_title_trinketknohbodis_ring"><![CDATA[Knohbodi's Ring]]></entry>
    <entry id="str_inventory_title_trinkethouse_bloodrage_signet_ring"><![CDATA[House Bloodrage Signet Ring]]></entry>
    <entry id="str_inventory_title_trinketpepperpot"><![CDATA[Pepperpot]]></entry>
    <entry id="str_inventory_title_trinketshinjis_detail_charm"><![CDATA[Shinji's Detail Charm]]></entry>
    <entry id="str_inventory_title_trinketreapers_hourglass"><![CDATA[Reaper's Hourglass]]></entry>
    <entry id="str_inventory_title_trinketdrifters_bandana"><![CDATA[Drifter's Bandana]]></entry>
    <entry id="str_inventory_title_trinketchortling_pseudopod"><![CDATA[Chortling Pseudopod]]></entry>
    <entry id="str_inventory_title_trinketthe_black_swordsmans_guantlet"><![CDATA[The Black Swordsman's Guantlet]]></entry>
    <entry id="str_inventory_title_trinketsilken_sheath"><![CDATA[Silken Sheath]]></entry>
    <entry id="str_inventory_title_trinketcheckmate"><![CDATA[Checkmate]]></entry>
    <entry id="str_inventory_title_trinketbrimstone_of_ice"><![CDATA[Brimstone of Ice]]></entry>
    <entry id="str_inventory_title_trinketrayners_seal"><![CDATA[Rayner's Seal]]></entry>
    <entry id="str_inventory_title_trinketbernie_the_rock"><![CDATA[Bernie the Rock]]></entry>
    <entry id="str_inventory_title_trinketdark_irony"><![CDATA[Dark Irony]]></entry>
    <entry id="str_inventory_title_trinketavalon"><![CDATA[Avalon]]></entry>
    <entry id="str_inventory_title_trinketzephyr"><![CDATA[Zephyr]]></entry>
    <entry id="str_inventory_title_trinketblack_design"><![CDATA[Black Design]]></entry>
    <entry id="str_inventory_title_trinketcanis_doctrine"><![CDATA[Canis Doctrine]]></entry>
    <entry id="str_inventory_title_trinketcloak_of_the_overwatch"><![CDATA[Cloak Of The Overwatch]]></entry>
    <entry id="str_inventory_title_trinketoviria"><![CDATA[Oviria]]></entry>
    <entry id="str_inventory_title_trinkettaersas_perseverance"><![CDATA[Taersa's Perseverance]]></entry>
    <entry id="str_inventory_title_trinketscroll_of_the_divine_healer"><![CDATA[Scroll of the divine Healer]]></entry>
    <entry id="str_inventory_title_trinketk_scorpio_necklace"><![CDATA[K Scorpio Necklase]]></entry>
    <entry id="str_inventory_title_trinketnegus_visage"><![CDATA[Negus visage]]></entry>
    <entry id="str_inventory_title_trinketsurpisingly_lucky_satchel"><![CDATA[Surpisingly lucky satchel]]></entry>
    <entry id="str_inventory_title_trinketthorwans_blood"><![CDATA[Thorwan's Blood]]></entry>
    <entry id="str_inventory_title_trinketarbalest_accolade"><![CDATA[Arbalest Accolade]]></entry>
    <entry id="str_inventory_title_trinketbrutal_hairpin"><![CDATA[Brutal Hairpin]]></entry>
    <entry id="str_inventory_title_trinketknights_folly"><![CDATA[Knights Folly]]></entry>
    <entry id="str_inventory_title_trinketthe_sopsok"><![CDATA[The SopSok]]></entry>
    <entry id="str_inventory_title_trinketscent_of_sarnath"><![CDATA[Scent of Sarnath]]></entry>
    <entry id="str_inventory_title_trinketdanger_zone"><![CDATA[Danger Zone]]></entry>
    <entry id="str_inventory_title_trinketthe_cod_of_wisdom"><![CDATA[The Cod of Wisdom]]></entry>
    <entry id="str_inventory_title_trinketbraveheart"><![CDATA[Braveheart]]></entry>
    <entry id="str_inventory_title_trinketeirenes_visage"><![CDATA[Eirene's Visage]]></entry>
    <entry id="str_inventory_title_trinketpapyrus_containing_the_spell"><![CDATA[Papyrus Containing The Spell To Preserve Its Possessor Against Attacks From He Who Is In The Water]]></entry>
    <entry id="str_inventory_title_trinketinvictus"><![CDATA[Invictus]]></entry>
    <entry id="str_inventory_title_trinkettrouble"><![CDATA[Trouble]]></entry>
    <entry id="str_inventory_title_trinketthe_serpents_eye"><![CDATA[The Serpent's Eye]]></entry>
    <entry id="str_inventory_title_trinketdragon_gods_mantle"><![CDATA[Dragon God's Mantle]]></entry>
    <entry id="str_inventory_title_trinketthe_book_of_ruin"><![CDATA[The Book of Ruin]]></entry>
    <entry id="str_inventory_title_trinketlast_roll_a_testament"><![CDATA[Last Roll, A Testament]]></entry>
    <entry id="str_inventory_title_trinketgrimalkins_nip"><![CDATA[Grimalkin's Nip]]></entry>
    <entry id="str_inventory_title_trinketaronynnes_bane"><![CDATA[Aronynne's Bane]]></entry>
    <entry id="str_inventory_title_trinketdemons_eye"><![CDATA[Demon's Eye]]></entry>
    <entry id="str_inventory_title_trinketagnus_dei"><![CDATA[Agnus Dei]]></entry>
    <entry id="str_inventory_title_trinketstones_of_gelati_preziosi"><![CDATA[Stones of Gelati Preziosi]]></entry>
    <entry id="str_inventory_title_trinketdead_mans_will"><![CDATA[Dead man's will]]></entry>
    <entry id="str_inventory_title_trinketthe_silver_mountain"><![CDATA[The Silver Mountain]]></entry>
    <entry id="str_inventory_title_trinketthe_news"><![CDATA[The News]]></entry>
    <entry id="str_inventory_title_trinketbehelit"><![CDATA[Behelit]]></entry>
    <entry id="str_inventory_title_trinketthe_phalanx"><![CDATA[The Phalanx]]></entry>
    <entry id="str_inventory_title_trinketsteelfists_bulwark"><![CDATA[Steelfist's Bulwark]]></entry>
    <entry id="str_inventory_title_trinketblood_letter"><![CDATA[Blood Letter]]></entry>
    <entry id="str_inventory_title_trinketfox_hound"><![CDATA[Fox Hound]]></entry>
    <entry id="str_inventory_title_trinketspidersilk_cloak"><![CDATA[Spidersilk Cloak]]></entry>
    <entry id="str_inventory_title_trinketle_roi_en_jaune"><![CDATA[Le Roi en Jaune]]></entry>
    <entry id="str_inventory_title_trinketgisklers_hairpin"><![CDATA[Giskler's Hairpin]]></entry>
    <entry id="str_inventory_title_trinketthunderflux"><![CDATA[Thunderflux]]></entry>
    <entry id="str_inventory_title_trinketthe_black_halo"><![CDATA[The Black Halo]]></entry>
    <entry id="str_inventory_title_trinketcloak_of_the_shadow_dancer"><![CDATA[Cloak of the Shadow Dancer]]></entry>
    <entry id="str_inventory_title_trinketlost_ring_of_the_serpent"><![CDATA[Lost Ring of the Serpent]]></entry>
    <entry id="str_inventory_title_trinketbulwark_of_faith"><![CDATA[Bulwark of Faith]]></entry>
    <entry id="str_inventory_title_trinketscions_resolve"><![CDATA[Scion's Resolve]]></entry>
    <entry id="str_inventory_title_trinkethysteresis"><![CDATA[Hysteresis]]></entry>
    <entry id="str_inventory_title_trinketwadmalaw"><![CDATA[Wadmalaw]]></entry>
    <entry id="str_inventory_title_trinketyogs_thousand_eyes"><![CDATA[Yog's thousand eyes]]></entry>
    <entry id="str_inventory_title_trinketthings_to_remember"><![CDATA[Things To Remember]]></entry>
    <entry id="str_inventory_title_trinkettiddlywink"><![CDATA[Tiddlywink]]></entry>
    <entry id="str_inventory_title_trinkettrials_of_the_trinity_the_relicants"><![CDATA[Trials of the Trinity: The Relicants]]></entry>
    <entry id="str_inventory_title_trinketcowards_crutch"><![CDATA[Coward's Crutch]]></entry>
    <entry id="str_inventory_title_trinketmine"><![CDATA[Mine]]></entry>
    <entry id="str_inventory_title_trinketghost_satchel"><![CDATA[Ghost Satchel]]></entry>
    <entry id="str_inventory_title_trinkethope_in_hand_2"><![CDATA[Hope in Hand]]></entry>
    <entry id="str_inventory_title_trinketdagnabits_crown"><![CDATA[Dagnabit's Crown]]></entry>
    <entry id="str_inventory_title_trinketaliandre"><![CDATA[Aliandre]]></entry>
    <entry id="str_inventory_title_trinketkauthriens_stimpack"><![CDATA[Kauthrien's Stimpack]]></entry>
    <entry id="str_inventory_title_trinketrough-hewn_heart"><![CDATA[Rough-hewn Heart]]></entry>
    <entry id="str_inventory_title_trinketsteel_toad"><![CDATA[Steel Toad]]></entry>
    <entry id="str_inventory_title_trinkettyruil"><![CDATA[Tyruil]]></entry>
    <entry id="str_inventory_title_trinketabyssal_tome"><![CDATA[Abyssal Tome]]></entry>
    <entry id="str_inventory_title_trinketsplit_skullcap_memento"><![CDATA[Split Skullcap Memento]]></entry>
    <entry id="str_inventory_title_trinketthe_tome_of_stixx"><![CDATA[The Tome Of Stixx]]></entry>
    <entry id="str_inventory_title_trinketscroll_of_grimmr"><![CDATA[Scroll of Grimmr]]></entry>
    <entry id="str_inventory_title_trinketbugle_horn_ring"><![CDATA[Bugle Horn Ring]]></entry>
    <entry id="str_inventory_title_trinketpalid_mask"><![CDATA[Palid Mask]]></entry>
    <entry id="str_inventory_title_trinketcloak_of_shadows"><![CDATA[Cloak of Shadows]]></entry>
    <entry id="str_inventory_title_trinketshigless_requium"><![CDATA[Shigless Requium]]></entry>
    <entry id="str_inventory_title_trinkettalins_tale"><![CDATA[Talin's Tale]]></entry>
    <entry id="str_inventory_title_trinketsvallin"><![CDATA[Svallin]]></entry>
    <entry id="str_inventory_title_trinkettorchwood"><![CDATA[Torchwood]]></entry>
    <entry id="str_inventory_title_trinketstarbreaker"><![CDATA[Starbreaker]]></entry>
    <entry id="str_inventory_title_trinketcaretakers_hoodie"><![CDATA[Caretaker's Hoodie]]></entry>
    <entry id="str_inventory_title_trinketoath-breakers_sheathe"><![CDATA[Oath-Breaker's Sheathe]]></entry>
    <entry id="str_inventory_title_trinketlewd_vial"><![CDATA[Lewd Vial]]></entry>
    <entry id="str_inventory_title_trinketmoonlight_greatsword"><![CDATA[moonlight greatsword]]></entry>
    <entry id="str_inventory_title_trinketeldritch_chamber_pot"><![CDATA[Eldritch Chamber pot]]></entry>
    <entry id="str_inventory_title_trinketred_pill"><![CDATA[Red Pill]]></entry>
    <entry id="str_inventory_title_trinketold_lucky_rag"><![CDATA[Old Lucky Rag]]></entry>
    <entry id="str_inventory_title_trinketbrilliant_clasp"><![CDATA[Brilliant Clasp]]></entry>
    <entry id="str_inventory_title_trinketshroud_of_living_failures"><![CDATA[Shroud of Living Failures]]></entry>
    <entry id="str_inventory_title_trinketbloodstained_bounty_list"><![CDATA[Bloodstained Bounty List]]></entry>
    <entry id="str_inventory_title_trinketbeneficence"><![CDATA[Beneficence]]></entry>
    <entry id="str_inventory_title_trinketatlas"><![CDATA[Atlas]]></entry>
    <entry id="str_inventory_title_trinketpharmakon"><![CDATA[Pharmakon]]></entry>
    <entry id="str_inventory_title_trinkettalisman_of_passion"><![CDATA[Talisman of Passion]]></entry>
    <entry id="str_inventory_title_trinketpurifying_vial"><![CDATA[Purifying Vial]]></entry>
    <entry id="str_inventory_title_trinketgraviers_grimoire"><![CDATA[Gravier's Grimoire]]></entry>
    <entry id="str_inventory_title_trinketsieg_stories"><![CDATA[Sieg Stories]]></entry>
    <entry id="str_inventory_title_trinketmaleficence"><![CDATA[Maleficence]]></entry>
    <entry id="str_inventory_title_trinketpamplemousse"><![CDATA[Pamplemousse]]></entry>
    <entry id="str_inventory_title_trinketthe_face_of_frost"><![CDATA[the face of frost]]></entry>
    <entry id="str_inventory_title_trinketlast_cinder"><![CDATA[Last Cinder]]></entry>
    <entry id="str_inventory_title_trinketdanos_glory"><![CDATA[Dano's Glory]]></entry>
    <entry id="str_inventory_title_trinketkistras_prayer_book"><![CDATA[Kistra's Prayer Book]]></entry>
    <entry id="str_inventory_title_trinketphoenix_tears"><![CDATA[Phoenix Tears]]></entry>
    <entry id="str_inventory_title_trinketcloak_of_the_antedeluvian"><![CDATA[Cloak of the Antedeluvian]]></entry>
    <entry id="str_inventory_title_trinketmoirai_bones"><![CDATA[Moirai Bones]]></entry>
    <entry id="str_inventory_title_trinketjade_maiden_hairpin"><![CDATA[Jade Maiden Hairpin]]></entry>
    <entry id="str_inventory_title_trinketbrothers_soulstone"><![CDATA[Brother's Soulstone]]></entry>
    <entry id="str_inventory_title_trinketeye_of_sathariel"><![CDATA[Eye of Sathariel]]></entry>
    <entry id="str_inventory_title_trinketguise_of_the_harbinger"><![CDATA[Guise of the Harbinger]]></entry>
    <entry id="str_inventory_title_trinketravenous_lions_ring"><![CDATA[Ravenous Lion's Ring]]></entry>
    <entry id="str_inventory_title_trinketmasque_of_the_red_death"><![CDATA[Masque of the Red Death]]></entry>
    <entry id="str_inventory_title_trinketgrandfathers_rose"><![CDATA[Grandfather's Rose]]></entry>
    <entry id="str_inventory_title_trinketmemory_of_true_love"><![CDATA[Memory of True Love]]></entry>
    <entry id="str_inventory_title_trinketgoliath_killer"><![CDATA[Goliath Killer]]></entry>
    <entry id="str_inventory_title_trinkettiny_hatespike"><![CDATA[Tiny Hatespike]]></entry>
    <entry id="str_inventory_title_trinkettournament_victors_ribbon"><![CDATA[Tournament Victor's Ribbon]]></entry>
    <entry id="str_inventory_title_trinketsoul_of_the_neverborn"><![CDATA[Soul of the Neverborn]]></entry>
    <entry id="str_inventory_title_trinketchew_toy"><![CDATA[Chew Toy]]></entry>
    <entry id="str_inventory_title_trinketarkenhelm"><![CDATA[Arkenhelm]]></entry>
    <entry id="str_inventory_title_trinketpurity_of_albedo"><![CDATA[Purity of Albedo]]></entry>
    <entry id="str_inventory_title_trinketthe_exiles_tears"><![CDATA[The Exile's Tears]]></entry>
    <entry id="str_inventory_title_trinketzuilong"><![CDATA[ZuiLong]]></entry>
    <entry id="str_inventory_title_trinketcarnal_visage"><![CDATA[Carnal Visage]]></entry>
    <entry id="str_inventory_title_trinketmothers_love"><![CDATA[Mother's Love]]></entry>
    <entry id="str_inventory_title_trinketthe_mantle_of_the_owl"><![CDATA[The Mantle of the Owl]]></entry>
    <entry id="str_inventory_title_trinketleaders_crest"><![CDATA[Leader's Crest]]></entry>
    <entry id="str_inventory_title_trinketralackks_visage"><![CDATA[Ralackk's Visage]]></entry>
    <entry id="str_inventory_title_trinketskin-bound_volume"><![CDATA[Skin-Bound Volume]]></entry>
    <entry id="str_inventory_title_trinketbears_breath"><![CDATA[Bear's Breath]]></entry>
    <entry id="str_inventory_title_trinketloris_lantern"><![CDATA[Lori's Lantern]]></entry>
    <entry id="str_inventory_title_trinketadamant"><![CDATA[Adamant]]></entry>
    <entry id="str_inventory_title_trinketthe_cagoule"><![CDATA[The Cagoule]]></entry>
    <entry id="str_inventory_title_trinketthe_tattered_king"><![CDATA[The Tattered King]]></entry>
    <entry id="str_inventory_title_trinketnevra"><![CDATA[Nevra]]></entry>
    <entry id="str_inventory_title_trinketreliquary_of_the_forgotten_saint"><![CDATA[Reliquary of the Forgotten Saint]]></entry>
    <entry id="str_inventory_title_trinketmask_of_the_pious"><![CDATA[Mask of the pious]]></entry>
    <entry id="str_inventory_title_trinketthe_cthonian_texts"><![CDATA[The Cthonian Texts]]></entry>
    <entry id="str_inventory_title_trinketpavlovs_bell"><![CDATA[Pavlov's Bell]]></entry>
    <entry id="str_inventory_title_trinketarzacs_tome_of_incantations"><![CDATA[Arzac's Tome of Incantations]]></entry>
    <entry id="str_inventory_title_trinketamiga"><![CDATA[Amiga]]></entry>
    <entry id="str_inventory_title_trinkettome_of_agh_be"><![CDATA[Tome of Agh'Be]]></entry>
    <entry id="str_inventory_title_trinketthe_reflectorum"><![CDATA[The Reflectorum]]></entry>
    <entry id="str_inventory_title_trinketeldritch_trophy"><![CDATA[Eldritch Trophy]]></entry>
    <entry id="str_inventory_title_trinketbulwark_of_volitok"><![CDATA[Bulwark of Volitok]]></entry>
    <entry id="str_inventory_title_trinketfinal_memento"><![CDATA[Final Memento]]></entry>
    <entry id="str_inventory_title_trinketgolf_gun"><![CDATA[Golf Gun]]></entry>
    <entry id="str_inventory_title_trinketkalmas_last_chance"><![CDATA[Kalmas' Last Chance]]></entry>
    <entry id="str_inventory_title_trinketeyepatch_of_iniative"><![CDATA[Eyepatch of Iniative]]></entry>
    <entry id="str_inventory_title_trinketthe_heart_shroud"><![CDATA[The Heart Shroud]]></entry>
    <entry id="str_inventory_title_trinketcthulhus_requiem"><![CDATA[Cthulhu's Requiem]]></entry>
    <entry id="str_inventory_title_trinketwondergoths_special_blend"><![CDATA[WonderGoth's Special Blend]]></entry>
    <entry id="str_inventory_title_trinketpendant_of_the_lost_sister"><![CDATA[Pendant of the Lost Sister]]></entry>
    <entry id="str_inventory_title_trinkettear_of_nhays"><![CDATA[Tear of Nhays]]></entry>
    <entry id="str_inventory_title_trinketnictybenmas"><![CDATA[Nictybenmas]]></entry>
    <entry id="str_inventory_title_trinketbones_of_zuh"><![CDATA[Bones of Zuh]]></entry>
    <entry id="str_inventory_title_trinketburritopia"><![CDATA[Burritopia]]></entry>
    <entry id="str_inventory_title_trinketmoonleafs_torture"><![CDATA[Moonleaf's Torture]]></entry>
    <entry id="str_inventory_title_trinketfrontal_lobe_protector"><![CDATA[Frontal Lobe Protector]]></entry>
    <entry id="str_inventory_title_trinketnicholas_shield_of_honour"><![CDATA[Nicholas Shield of Honour]]></entry>
    <entry id="str_inventory_title_trinketcadogans_shield"><![CDATA[Cadogan's Shield]]></entry>
    <entry id="str_inventory_title_trinketgrythepinnen"><![CDATA[Grythepinnen]]></entry>
    <entry id="str_inventory_title_trinketthe_voice_of_the_founder"><![CDATA[The Voice of the Founder]]></entry>
    <entry id="str_inventory_title_trinkethysterical_visage"><![CDATA[Hysterical Visage]]></entry>
    <entry id="str_inventory_title_trinketkucorus_regard"><![CDATA[Kucoru's Regard]]></entry>
    <entry id="str_inventory_title_trinketthe_winning_smile"><![CDATA[The Winning Smile]]></entry>
    <entry id="str_inventory_title_trinketsvalinn"><![CDATA[Svalinn]]></entry>
    <entry id="str_inventory_title_trinketwinter_veil"><![CDATA[Winter Veil]]></entry>
    <entry id="str_inventory_title_trinketforgotten_family_ring"><![CDATA[Forgotten Family Ring]]></entry>
    <entry id="str_inventory_title_trinketamulet_of_yeti_fur"><![CDATA[Amulet of Yeti Fur]]></entry>
    <entry id="str_inventory_title_trinketfalse_grin"><![CDATA[False Grin]]></entry>
    <entry id="str_inventory_title_trinketbeneath_the_dark"><![CDATA[Beneath the Dark]]></entry>
    <entry id="str_inventory_title_trinketbrace_of_thorns"><![CDATA[Brace of Thorns]]></entry>
    <entry id="str_inventory_title_trinkethunlumb"><![CDATA[Hunlumb]]></entry>
    <entry id="str_inventory_title_trinkethuichis_bracelet"><![CDATA[Huichi's Bracelet]]></entry>
    <entry id="str_inventory_title_trinketthe_ravens_brain"><![CDATA[The Raven's Brain]]></entry>
    <entry id="str_inventory_title_trinketdes_chanceux"><![CDATA[Des Chanceux]]></entry>
    <entry id="str_inventory_title_trinketdad_jokes"><![CDATA[Dad Jokes]]></entry>
    <entry id="str_inventory_title_trinketmorgauzes_locket"><![CDATA[Morgauze's Locket]]></entry>
    <entry id="str_inventory_title_trinketmizirs_unfinished_bestiary"><![CDATA[Mizir's Unfinished Bestiary]]></entry>
    <entry id="str_inventory_title_trinketthraximundars_rage"><![CDATA[Thraximundar's Rage]]></entry>
    <entry id="str_inventory_title_trinkettetsuo"><![CDATA[Tetsuo]]></entry>
    <entry id="str_inventory_title_trinketnuminis"><![CDATA[Numinis]]></entry>
    <entry id="str_inventory_title_trinketmonorailpigs_seal"><![CDATA[Monorailpig's Seal]]></entry>
    <entry id="str_inventory_title_trinketmorris_family_crest"><![CDATA[Morris' Family Crest]]></entry>
    <entry id="str_inventory_title_trinketsansibas_cuppa"><![CDATA[Sansiba's Cuppa]]></entry>
    <entry id="str_inventory_title_trinketloincloth"><![CDATA[Loincloth]]></entry>
    <entry id="str_inventory_title_trinketportrait_of_the_beloved"><![CDATA[Portrait of the Beloved]]></entry>
    <entry id="str_inventory_title_trinketheadhunters_herbs"><![CDATA[Headhunter's Herbs]]></entry>
    <entry id="str_inventory_title_trinketnecronomicon"><![CDATA[Necronomicon]]></entry>
    <entry id="str_inventory_title_trinketconcealed_dagger"><![CDATA[Concealed Dagger]]></entry>
    <entry id="str_inventory_title_trinketclaw_of_the_bellwether_beast"><![CDATA[Claw of the Bellwether Beast]]></entry>
    <entry id="str_inventory_title_trinketbowmens_end"><![CDATA[Bowmen's End]]></entry>
    <entry id="str_inventory_title_trinkettrenche_fist"><![CDATA[trenche fist]]></entry>
    <entry id="str_inventory_title_trinketedge_comb"><![CDATA[Edge Comb]]></entry>
    <entry id="str_inventory_title_trinketthe_true_knot"><![CDATA[The True Knot]]></entry>
    <entry id="str_inventory_title_trinkethelmet_of_the_mad_warrior"><![CDATA[Helmet of the Mad Warrior]]></entry>
    <entry id="str_inventory_title_trinkett_doh_teddy_bear"><![CDATA[T-Doh Teddy Bear]]></entry>
  </language>
</root>

