<?xml version="1.0" encoding="UTF-8"?>
<root>
  <language id="english">
    <entry id="str_curio_title_nothing"><![CDATA[Error - no curio found!]]></entry>
    <entry id="str_curio_content_nothing"><![CDATA[Error - no curio found!]]></entry>
    <entry id="str_curio_no_negative_quirks_to_remove"><![CDATA[No negative quirks to remove.]]></entry>
    <entry id="str_curio_title_bandits_trapped_chest"><![CDATA[Bandit's Trapped Chest]]></entry>
    <entry id="str_curio_content_bandits_trapped_chest"><![CDATA[Something doesn't look quite right with this one...]]></entry>
    <entry id="str_curio_tooltip_investigate_bandits_trapped_chest"><![CDATA[Open the chest...]]></entry>
    <entry id="str_curio_bandits_trapped_chest_effect"><![CDATA[It's trapped!]]></entry>
    <entry id="str_curio_bandits_trapped_chest_skeleton_key_loot"><![CDATA[The key is used to safely open the chest.]]></entry>
    <entry id="str_curio_title_unlocked_strongbox"><![CDATA[Unlocked Strongbox]]></entry>
    <entry id="str_curio_content_unlocked_strongbox"><![CDATA[A long-forgotten strongbox sits on the cold stone floor, its contents unknown.]]></entry>
    <entry id="str_curio_tooltip_investigate_unlocked_strongbox"><![CDATA[Open the chest...]]></entry>
    <entry id="str_curio_unlocked_strongbox_nothing"><![CDATA[The strongbox is empty.]]></entry>
    <entry id="str_curio_unlocked_strongbox_loot"><![CDATA[The contents are yours!]]></entry>
    <entry id="str_curio_unlocked_strongbox_effect"><![CDATA[It's trapped!]]></entry>
    <entry id="str_curio_title_locked_strongbox"><![CDATA[Locked Strongbox]]></entry>
    <entry id="str_curio_content_locked_strongbox"><![CDATA[A long-forgotten lockbox sits on the cold stone floor, its contents unknown.]]></entry>
    <entry id="str_curio_tooltip_investigate_locked_strongbox"><![CDATA[Open the chest...]]></entry>
    <entry id="str_curio_locked_strongbox_nothing"><![CDATA[The lockbox is empty.]]></entry>
    <entry id="str_curio_locked_strongbox_effect"><![CDATA[It's trapped!]]></entry>
    <entry id="str_curio_locked_strongbox_skeleton_key_loot"><![CDATA[The key safely unlocks the chest, disarming any trap!]]></entry>
    <entry id="str_curio_locked_strongbox_shovel_nothing"><![CDATA[You destroy the chest and its contents the attempt to force it open.]]></entry>
    <entry id="str_curio_locked_strongbox_shovel_loot"><![CDATA[You pry the lid open successfully...]]></entry>
    <entry id="str_curio_title_goal_strongbox"><![CDATA[Large Strongbox]]></entry>
    <entry id="str_curio_content_goal_strongbox"><![CDATA[An impressive, gilded chest sits proudly before you.]]></entry>
    <entry id="str_curio_tooltip_investigate_goal_strongbox"><![CDATA[Open the chest...]]></entry>
    <entry id="str_curio_goal_strongbox_loot"><![CDATA[The contents are yours!]]></entry>
    <entry id="str_curio_title_heirloom_chest"><![CDATA[Heirloom Chest]]></entry>
    <entry id="str_curio_content_heirloom_chest"><![CDATA[A chest with your family's sigil.]]></entry>
    <entry id="str_curio_tooltip_investigate_heirloom_chest"><![CDATA[Open the chest...]]></entry>
    <entry id="str_curio_heirloom_chest_nothing"><![CDATA[The chest is empty.]]></entry>
    <entry id="str_curio_heirloom_chest_loot"><![CDATA[The contents are yours!]]></entry>
    <entry id="str_curio_heirloom_chest_effect"><![CDATA[It's trapped!]]></entry>
    <entry id="str_curio_heirloom_chest_skeleton_key_loot"><![CDATA[The key unlocks a hidden compartment!]]></entry>
    <entry id="str_curio_heirloom_chest_antivenom_loot"><![CDATA[The antivenom neutralizes a poison trap in a hidden compartment!]]></entry>
    <entry id="str_curio_title_eldritch_altar"><![CDATA[Eldritch Altar]]></entry>
    <entry id="str_curio_content_eldritch_altar"><![CDATA[An altar dedicated to unholy abominations. Perhaps a great power lies within.]]></entry>
    <entry id="str_curio_tooltip_investigate_eldritch_altar"><![CDATA[Touch the altar...]]></entry>
    <entry id="str_curio_eldritch_altar_nothing"><![CDATA[The altar's purpose is purely decorative.]]></entry>
    <entry id="str_curio_eldritch_altar_effect"><![CDATA[A terrifying presence is felt nearby!]]></entry>
    <entry id="str_curio_eldritch_altar_purge"><![CDATA[An aura engulfs the hero, shattering an illness within.]]></entry>
    <entry id="str_curio_eldritch_altar_holy_water"><![CDATA[The holy water purifies the altar!]]></entry>
    <entry id="str_curio_title_shamblers_altar"><![CDATA[Shambler's Altar]]></entry>
    <entry id="str_curio_content_shamblers_altar"><![CDATA[It says: "The sacrifice of fire is the gate to ruin! Place a torch if you crave the void!"]]></entry>
    <entry id="str_curio_tooltip_investigate_shamblers_altar"><![CDATA[Touch the altar...]]></entry>
    <entry id="str_curio_shamblers_altar_nothing"><![CDATA[Touching the altar has no effect.]]></entry>
    <entry id="str_curio_shamblers_altar_torch_summon_summon_mash_shambler"><![CDATA[A terrifying figure emerges from the darkness!]]></entry>
    <entry id="str_curio_title_altar_of_light"><![CDATA[Altar of Light]]></entry>
    <entry id="str_curio_content_altar_of_light"><![CDATA[A small holy altar seems out of place against the backdrop of corruption.]]></entry>
    <entry id="str_curio_tooltip_investigate_altar_of_light"><![CDATA[Pray at the altar...]]></entry>
    <entry id="str_curio_altar_of_light_nothing"><![CDATA[The altar is a pleasant symbol of good, but little more.]]></entry>
    <entry id="str_curio_altar_of_light_effect"><![CDATA[A soothing, pale light engulfs the hero.]]></entry>
    <entry id="str_curio_altar_of_light_holy_water_effect"><![CDATA[You have curried favor from the gods!]]></entry>
    <entry id="str_curio_title_stack_of_books"><![CDATA[Stack of Books]]></entry>
    <entry id="str_curio_content_stack_of_books"><![CDATA[A stack of literary treasures in an unlikely location.]]></entry>
    <entry id="str_curio_tooltip_investigate_stack_of_books"><![CDATA[Flip through the volumes...]]></entry>
    <entry id="str_curio_stack_of_books_nothing"><![CDATA[The volumes are desiccated and unremarkable.]]></entry>
    <entry id="str_curio_stack_of_books_quirk"><![CDATA[Reading a few pages has a lasting effect on the hero...]]></entry>
    <entry id="str_curio_stack_of_books_effect"><![CDATA[The hero reads a most unsettling passage.]]></entry>
    <entry id="str_curio_stack_of_books_torch_effect"><![CDATA[The hero destroyed knowledge, and now must bear the guilt of it!]]></entry>
    <entry id="str_curio_stack_of_books_loot"><![CDATA[An old journal entry!]]></entry>
    <entry id="str_curio_title_iron_maiden"><![CDATA[Iron Maiden]]></entry>
    <entry id="str_curio_content_iron_maiden"><![CDATA[A rusty iron maiden stands against the wall, clasped shut.]]></entry>
    <entry id="str_curio_tooltip_investigate_iron_maiden"><![CDATA[Open the torture device and search it...]]></entry>
    <entry id="str_curio_iron_maiden_nothing"><![CDATA[The maiden squeaks open to reveal only foul smelling air.]]></entry>
    <entry id="str_curio_iron_maiden_loot"><![CDATA[Stashed loot!]]></entry>
    <entry id="str_curio_iron_maiden_quirk"><![CDATA[The maiden swings shut on its own, trapping the hero!]]></entry>
    <entry id="str_curio_iron_maiden_disease"><![CDATA[The hero inhales foul vapours.]]></entry>
    <entry id="str_curio_iron_maiden_medicinal_herbs_loot"><![CDATA[The herbs cleanse the maiden, allowing a thorough search!]]></entry>
    <entry id="str_curio_title_pile_of_bones"><![CDATA[Pile of Bones]]></entry>
    <entry id="str_curio_content_pile_of_bones"><![CDATA[All that's left of a previous adventurer, perhaps.]]></entry>
    <entry id="str_curio_tooltip_investigate_pile_of_bones"><![CDATA[Rummage through the bones...]]></entry>
    <entry id="str_curio_pile_of_bones_nothing"><![CDATA[There is nothing of value in the remains.]]></entry>
    <entry id="str_curio_pile_of_bones_loot"><![CDATA[Loot!]]></entry>
    <entry id="str_curio_pile_of_bones_quirk"><![CDATA[The hero becomes strangely fascinated with the remains...]]></entry>
    <entry id="str_curio_pile_of_bones_disease"><![CDATA[The hero is infected by the rotten pile.]]></entry>
    <entry id="str_curio_pile_of_bones_holy_water_loot"><![CDATA[The pile is purified, allowing a thorough search!]]></entry>
    <entry id="str_curio_discarded_pack_nothing"><![CDATA[The pack has already been looted.]]></entry>
    <entry id="str_curio_discarded_pack_loot"><![CDATA[The pack contains loot!]]></entry>
    <entry id="str_curio_discarded_pack_scout"><![CDATA[The pack has a map inside!]]></entry>
    <entry id="str_curio_sconce_nothing"><![CDATA[The torch is expired.]]></entry>
    <entry id="str_curio_sconce_loot"><![CDATA[You salvage the unburned torch.]]></entry>
    <entry id="str_curio_crate_nothing"><![CDATA[The crate is empty.]]></entry>
    <entry id="str_curio_crate_loot"><![CDATA[The crate contains stashed heirlooms!]]></entry>
    <entry id="str_curio_sack_nothing"><![CDATA[The sack is empty.]]></entry>
    <entry id="str_curio_sack_loot"><![CDATA[The sack's contents are yours...]]></entry>
    <entry id="str_curio_sack_scout"><![CDATA[The sack contains a hastily scrawled map!]]></entry>
    <entry id="curio_tooltip_pass"><![CDATA[Ignore]]></entry>
    <entry id="str_curio_item_had_no_effect"><![CDATA[That item had no effect.]]></entry>
    <entry id="curio_tooltip_item_slot"><![CDATA[[OPTIONAL] Drag an item here to use it on this object.]]></entry>
    <entry id="curio_tooltip_item_slot_gather_curio"><![CDATA[[This is quest curio. No item is necessary to open it.]]]></entry>
    <entry id="str_curio_tooltip_investigate_quest_gather"><![CDATA[Open it...]]></entry>
    <entry id="str_curio_title_reliquary"><![CDATA[Reliquary]]></entry>
    <entry id="str_curio_content_reliquary"><![CDATA[An ancient looking dusty idol of the Light.]]></entry>
    <entry id="str_curio_tooltip_investigate_reliquary"><![CDATA[Open the old reliquary...]]></entry>
    <entry id="str_curio_reliquary_loot"><![CDATA[A Holy Relic - the object of the search!]]></entry>
    <entry id="curio_tooltip_item_slot_reliquary"><![CDATA[Blah blah]]></entry>
    <entry id="str_curio_title_chirurgeons_satchel"><![CDATA[Chirurgeon's Satchel]]></entry>
    <entry id="str_curio_content_chirurgeons_satchel"><![CDATA[A doctor's toolkit.]]></entry>
    <entry id="str_curio_tooltip_investigate_chirurgeons_satchel"><![CDATA[Open the satchel...]]></entry>
    <entry id="str_curio_chirurgeons_satchel_loot"><![CDATA[A vial of powerful medicines - the object of your search!]]></entry>
    <entry id="str_curio_title_foodstuff_crate"><![CDATA[Foodstuff Crate]]></entry>
    <entry id="str_curio_content_foodstuff_crate"><![CDATA[The crate still bears the faded sigil of your family.]]></entry>
    <entry id="str_curio_tooltip_investigate_foodstuff_crate"><![CDATA[Pry open the crate...]]></entry>
    <entry id="str_curio_foodstuff_crate_loot"><![CDATA[A sack of uneaten grain - the object of your search!]]></entry>
    <entry id="str_curio_title_shipment_crates"><![CDATA[Ancestor's Relic]]></entry>
    <entry id="str_curio_content_shipment_crates"><![CDATA[A massive crate containing some terrible relic from a forgotten corner of the world.]]></entry>
    <entry id="str_curio_tooltip_investigate_shipment_crates"><![CDATA[Search the crate with your family sigil...]]></entry>
    <entry id="str_curio_shipment_crates_loot"><![CDATA[The object of your search!]]></entry>
    <entry id="str_curio_title_corrupted_altar"><![CDATA[Corrupted Altar]]></entry>
    <entry id="str_curio_content_corrupted_altar"><![CDATA[A defaced, blasphemous altar. [QUEST]]]></entry>
    <entry id="str_curio_tooltip_investigate_corrupted_altar_with_quest_item"><![CDATA[This requires use of a QUEST ITEM from inventory.]]></entry>
    <entry id="str_curio_title_infected_corpse"><![CDATA[Infected Corpse]]></entry>
    <entry id="str_curio_content_infected_corpse"><![CDATA[A blighted, fattened corpse. [QUEST]]]></entry>
    <entry id="str_curio_tooltip_investigate_infected_corpse_with_quest_item"><![CDATA[This requires use of a QUEST ITEM from inventory.]]></entry>
    <entry id="str_curio_title_animalistic_shrine"><![CDATA[Animalistic Shrine]]></entry>
    <entry id="str_curio_content_animalistic_shrine"><![CDATA[The object of beast-man worship. [QUEST]]]></entry>
    <entry id="str_curio_tooltip_investigate_animalistic_shrine_with_quest_item"><![CDATA[This requires use of a QUEST ITEM from inventory.]]></entry>
    <entry id="str_curio_title_protective_ward"><![CDATA[Protective Ward]]></entry>
    <entry id="str_curio_content_protective_ward"><![CDATA[A stanchion against spreading corruption. [QUEST]]]></entry>
    <entry id="str_curio_tooltip_investigate_protective_ward_with_quest_item"><![CDATA[This requires use of a QUEST ITEM from inventory.]]></entry>
    <entry id="str_curio_tooltip_investigate_quest_activate_with_with_quest_item"><![CDATA[This requires use of a QUEST ITEM from inventory.]]></entry>
    <entry id="curio_tooltip_quest_item_slot"><![CDATA[Drag QUEST ITEM from inventory here.]]></entry>
    <entry id="str_curio_title_suit_of_armor"><![CDATA[Suit of Armor]]></entry>
    <entry id="str_curio_content_suit_of_armor"><![CDATA[An antique suit of armor stands amidst the ruins.]]></entry>
    <entry id="str_curio_tooltip_investigate_suit_of_armor"><![CDATA[Investigate the armor...]]></entry>
    <entry id="str_curio_suit_of_armor_nothing"><![CDATA[The suit contains nothing but stale air.]]></entry>
    <entry id="str_curio_suit_of_armor_effect"><![CDATA[The armor protects the hero with a knightly aura.]]></entry>
    <entry id="str_curio_suit_of_armor_quirk"><![CDATA[The suit reveals great insight into this world.]]></entry>
    <entry id="str_curio_title_dinner_cart"><![CDATA[Dinner Cart]]></entry>
    <entry id="str_curio_content_dinner_cart"><![CDATA[A cart of human remains. It looks much like a feeding trough. Disgusting.]]></entry>
    <entry id="str_curio_tooltip_investigate_dinner_cart"><![CDATA[Rummage through the remains...]]></entry>
    <entry id="str_curio_dinner_cart_nothing"><![CDATA[Nothing but rotting bodies.]]></entry>
    <entry id="str_curio_dinner_cart_loot"><![CDATA[Some of this meat looks edible...]]></entry>
    <entry id="str_curio_dinner_cart_effect"><![CDATA[The meat makes the hero violently ill.]]></entry>
    <entry id="str_curio_dinner_cart_disease"><![CDATA[The swine are not cleanly folk...]]></entry>
    <entry id="str_curio_dinner_cart_medicinal_herbs_loot"><![CDATA[The herbs cleanse the meat, making some of it edible.]]></entry>
    <entry id="str_curio_title_decorative_urn"><![CDATA[Decorative Urn]]></entry>
    <entry id="str_curio_content_decorative_urn"><![CDATA[An urn holds ashes of the departed.]]></entry>
    <entry id="str_curio_tooltip_investigate_decorative_urn"><![CDATA[Check inside the urn...]]></entry>
    <entry id="str_curio_decorative_urn_nothing"><![CDATA[The urn has nothing but ashes inside.]]></entry>
    <entry id="str_curio_decorative_urn_loot"><![CDATA[Sentimental gifts are hidden inside.]]></entry>
    <entry id="str_curio_decorative_urn_quirk"><![CDATA[The ashes cause the hero to cough violently.]]></entry>
    <entry id="str_curio_decorative_urn_effect"><![CDATA[The hero becomes infected by the ashes.]]></entry>
    <entry id="str_curio_decorative_urn_disease"><![CDATA[The hero contracts a deadly disease.]]></entry>
    <entry id="str_curio_decorative_urn_shovel_quirk"><![CDATA[What sort of person defiles the dead?]]></entry>
    <entry id="str_curio_decorative_urn_holy_water_loot"><![CDATA[The consecrated water dissolves the ashes. Valuables remain!]]></entry>
    <entry id="str_curio_title_locked_display_cabinet"><![CDATA[Locked Display Cabinet]]></entry>
    <entry id="str_curio_content_locked_display_cabinet"><![CDATA[There could be valuables left inside, but this cabinet is locked.]]></entry>
    <entry id="str_curio_tooltip_investigate_locked_display_cabinet"><![CDATA[Try to open the cabinet...]]></entry>
    <entry id="str_curio_locked_display_cabinet_effect"><![CDATA[The lock mechanism is trapped!]]></entry>
    <entry id="str_curio_locked_display_cabinet_skeleton_key_loot"><![CDATA[Treasures are stashed in the cabinet!]]></entry>
    <entry id="str_curio_locked_display_cabinet_shovel_loot"><![CDATA[Smashed the cabinet open!]]></entry>
    <entry id="str_curio_title_confession_booth"><![CDATA[Confession Booth]]></entry>
    <entry id="str_curio_content_confession_booth"><![CDATA[A forsaken confession booth. It hasn't been used in years.]]></entry>
    <entry id="str_curio_tooltip_investigate_confession_booth"><![CDATA[Go inside to confess the hero's sins.]]></entry>
    <entry id="str_curio_confession_booth_loot"><![CDATA[The booth contains hidden treasure...]]></entry>
    <entry id="str_curio_confession_booth_effect"><![CDATA[The hero's history of sin is too much to bear.]]></entry>
    <entry id="str_curio_confession_booth_purge"><![CDATA[The hero is absolved of a sin.]]></entry>
    <entry id="str_curio_confession_booth_holy_water_effect"><![CDATA[The ritual relieves the hero.]]></entry>
    <entry id="str_curio_title_holy_fountain"><![CDATA[Holy Fountain]]></entry>
    <entry id="str_curio_content_holy_fountain"><![CDATA[An ornate fountain of holy purport.]]></entry>
    <entry id="str_curio_tooltip_investigate_holy_fountain"><![CDATA[Investigate the fountain...]]></entry>
    <entry id="str_curio_holy_fountain_loot"><![CDATA[Propitiations are found at the bottom of the fountain.]]></entry>
    <entry id="str_curio_holy_fountain_effect"><![CDATA[The water reinvigorates the hero.]]></entry>
    <entry id="str_curio_holy_fountain_holy_water_effect"><![CDATA[Divine benefit!]]></entry>
    <entry id="str_curio_title_bookshelf"><![CDATA[Bookshelf]]></entry>
    <entry id="str_curio_content_bookshelf"><![CDATA[A bookshelf full of old, leather-bound books.]]></entry>
    <entry id="str_curio_tooltip_investigate_bookshelf"><![CDATA[Skim through the volumes...]]></entry>
    <entry id="str_curio_bookshelf_nothing"><![CDATA[The volumes are dull and uninteresting.]]></entry>
    <entry id="str_curio_bookshelf_quirk"><![CDATA[The knowledge within forever changes the hero.]]></entry>
    <entry id="str_curio_bookshelf_effect"><![CDATA[The passages are unsettling.]]></entry>
    <entry id="str_curio_bookshelf_scout"><![CDATA[A map is found tucked into the volumes.]]></entry>
    <entry id="str_curio_bookshelf_loot"><![CDATA[An old journal entry!]]></entry>
    <entry id="str_curio_title_alchemy_table"><![CDATA[Alchemy Table]]></entry>
    <entry id="str_curio_content_alchemy_table"><![CDATA[A partially intact set of experimental equipment.]]></entry>
    <entry id="str_curio_tooltip_investigate_alchemy_table"><![CDATA[Perform some experiments...]]></entry>
    <entry id="str_curio_alchemy_table_nothing"><![CDATA[The experiments do not yield any findings.]]></entry>
    <entry id="str_curio_alchemy_table_loot"><![CDATA[New metals are synthesized!]]></entry>
    <entry id="str_curio_alchemy_table_effect"><![CDATA[An accident occurs during the experiment.]]></entry>
    <entry id="str_curio_alchemy_table_medicinal_herbs_loot"><![CDATA[The herbs disinfect the station, allowing for successful research.]]></entry>
    <entry id="str_curio_alchemy_table_torch_effect"><![CDATA[The torch oil helps create a powerful blazing mixture!]]></entry>
    <entry id="str_curio_title_knife_rack"><![CDATA[Rack of Blades]]></entry>
    <entry id="str_curio_content_knife_rack"><![CDATA[A rack of dulled, rusty knives. They are covered in fresh blood.]]></entry>
    <entry id="str_curio_tooltip_investigate_knife_rack"><![CDATA[Inspect the rack...]]></entry>
    <entry id="str_curio_knife_rack_nothing"><![CDATA[Nothing useful here.]]></entry>
    <entry id="str_curio_knife_rack_loot"><![CDATA[Extra supplies are found amongst the knives.]]></entry>
    <entry id="str_curio_knife_rack_effect"><![CDATA[The hero receives a nasty gash.]]></entry>
    <entry id="str_curio_knife_rack_bandage_loot"><![CDATA[The bandage protects the hero's hands during the search.]]></entry>
    <entry id="str_curio_title_sarcophagus"><![CDATA[Sarcophagus]]></entry>
    <entry id="str_curio_content_sarcophagus"><![CDATA[An ornate sarcophagus. It is slightly ajar.]]></entry>
    <entry id="str_curio_tooltip_investigate_sarcophagus"><![CDATA[Open the sarcophagus...]]></entry>
    <entry id="str_curio_sarcophagus_nothing"><![CDATA[The sarcophagus is completely empty.]]></entry>
    <entry id="str_curio_sarcophagus_loot"><![CDATA[Hidden treasures!]]></entry>
    <entry id="str_curio_sarcophagus_quirk"><![CDATA[The hero contemplates mortality...]]></entry>
    <entry id="str_curio_title_mummified_remains"><![CDATA[Mummified Remains]]></entry>
    <entry id="str_curio_content_mummified_remains"><![CDATA[Ancient remains. The body looks well preserved.]]></entry>
    <entry id="str_curio_tooltip_investigate_mummified_remains"><![CDATA[Investigate the remains...]]></entry>
    <entry id="str_curio_mummified_remains_nothing"><![CDATA[There is nothing of value on the body.]]></entry>
    <entry id="str_curio_mummified_remains_loot"><![CDATA[Treasures are encased with the remains!]]></entry>
    <entry id="str_curio_mummified_remains_effect"><![CDATA[The hero becomes diseased by the remains.]]></entry>
    <entry id="str_curio_mummified_remains_bandage_loot"><![CDATA[A bandage provides protection for a thorough search!]]></entry>
    <entry id="str_curio_title_sacrificial_stone"><![CDATA[Sacrificial Stone]]></entry>
    <entry id="str_curio_content_sacrificial_stone"><![CDATA[A stone used for ancient, barbaric rituals.]]></entry>
    <entry id="str_curio_tooltip_investigate_sacrificial_stone"><![CDATA[Inspect the stone...]]></entry>
    <entry id="str_curio_sacrificial_stone_quirk"><![CDATA[The stone's carvings give great insight into these Warrens...]]></entry>
    <entry id="str_curio_sacrificial_stone_effect"><![CDATA[The hero is deeply disturbed.]]></entry>
    <entry id="str_curio_sacrificial_stone_purge"><![CDATA[A sinful behaviour is vanquished.]]></entry>
    <entry id="str_curio_sacrificial_stone_provisions_purge"><![CDATA[The offering is rewarded!]]></entry>
    <entry id="str_curio_sacrificial_stone_torch_effect"><![CDATA[The gods favor the sacrifice but demand blood!]]></entry>
    <entry id="str_curio_title_skull_altar"><![CDATA[Bone Altar]]></entry>
    <entry id="str_curio_content_skull_altar"><![CDATA[A dark altar with skulls prominently on display. A strange power can be felt in its presence.]]></entry>
    <entry id="str_curio_tooltip_investigate_skull_altar"><![CDATA[Investigate the altar...]]></entry>
    <entry id="str_curio_skull_altar_effect"><![CDATA[The altar infuses the hero with great power.]]></entry>
    <entry id="str_curio_title_occult_scrawlings"><![CDATA[Occult Scrawlings]]></entry>
    <entry id="str_curio_content_occult_scrawlings"><![CDATA[Scrawlings written on what looks like stretched and tanned human flesh...]]></entry>
    <entry id="str_curio_tooltip_investigate_occult_scrawlings"><![CDATA[Read the scrawlings...]]></entry>
    <entry id="str_curio_occult_scrawlings_nothing"><![CDATA[The scrawlings are dull and uninteresting.]]></entry>
    <entry id="str_curio_occult_scrawlings_quirk"><![CDATA[The scrawlings forever change the hero.]]></entry>
    <entry id="str_curio_occult_scrawlings_effect"><![CDATA[This sight is too much for the hero to bear.]]></entry>
    <entry id="str_curio_occult_scrawlings_holy_water_effect"><![CDATA[The holy water hisses and the hero feels... wrong.]]></entry>
    <entry id="str_curio_title_moonshine_barrel"><![CDATA[Moonshine Barrel]]></entry>
    <entry id="str_curio_content_moonshine_barrel"><![CDATA[A barrel that reeks of powerful liquors.]]></entry>
    <entry id="str_curio_tooltip_investigate_moonshine_barrel"><![CDATA[Open the barrel...]]></entry>
    <entry id="str_curio_moonshine_barrel_nothing"><![CDATA[The barrel is completely empty.]]></entry>
    <entry id="str_curio_moonshine_barrel_loot"><![CDATA[The barrel contains stashed treasures.]]></entry>
    <entry id="str_curio_moonshine_barrel_quirk"><![CDATA[The hero acquires a taste for this magnificent sauce...]]></entry>
    <entry id="str_curio_moonshine_barrel_effect"><![CDATA[The moonshine is kicked-off, making the hero violently ill.]]></entry>
    <entry id="str_curio_moonshine_barrel_medicinal_herbs_effect"><![CDATA[Medicinal herbs purify the brew, and is it ever potent!]]></entry>
    <entry id="str_curio_title_locked_sarcophagus"><![CDATA[Locked Sarcophagus]]></entry>
    <entry id="str_curio_content_locked_sarcophagus"><![CDATA[An ornate sarcophagus. It's locked.]]></entry>
    <entry id="str_curio_tooltip_investigate_locked_sarcophagus"><![CDATA[Open the sarcophagus...]]></entry>
    <entry id="str_curio_locked_sarcophagus_effect"><![CDATA[It's trapped!]]></entry>
    <entry id="str_curio_locked_sarcophagus_skeleton_key_loot"><![CDATA[The Skeleton Key opens the sarcophagus to reveal its contents.]]></entry>
    <entry id="str_curio_locked_sarcophagus_shovel_loot"><![CDATA[You bash it open, but not without destroying some contents...]]></entry>
    <entry id="str_curio_title_makeshift_dining_table"><![CDATA[Makeshift Dining Table]]></entry>
    <entry id="str_curio_content_makeshift_dining_table"><![CDATA[An oddly assembled dining table. There might still be food scraps around.]]></entry>
    <entry id="str_curio_tooltip_investigate_makeshift_dining_table"><![CDATA[Search the table...]]></entry>
    <entry id="str_curio_makeshift_dining_table_nothing"><![CDATA[Everything has been eaten already.]]></entry>
    <entry id="str_curio_makeshift_dining_table_loot"><![CDATA[The table contains leftovers from a previous dinner.]]></entry>
    <entry id="str_curio_makeshift_dining_table_effect"><![CDATA[The rotting food makes the hero ill.]]></entry>
    <entry id="str_curio_makeshift_dining_table_disease"><![CDATA[The meat is not fully cooked...]]></entry>
    <entry id="str_curio_makeshift_dining_table_medicinal_herbs_loot"><![CDATA[The herbs kill any diseases harbored in the food.]]></entry>
    <entry id="str_curio_title_pile_of_scrolls"><![CDATA[Pile of Scrolls]]></entry>
    <entry id="str_curio_content_pile_of_scrolls"><![CDATA[A bunch of scrolls. The cursive is sloppy and difficult to read.]]></entry>
    <entry id="str_curio_tooltip_investigate_pile_of_scrolls"><![CDATA[Read the scrolls...]]></entry>
    <entry id="str_curio_pile_of_scrolls_nothing"><![CDATA[The scrolls are merely records of dull transactions...]]></entry>
    <entry id="str_curio_pile_of_scrolls_quirk"><![CDATA[The scrolls forever change the hero.]]></entry>
    <entry id="str_curio_pile_of_scrolls_effect"><![CDATA[The scrolls contain hideous portents.]]></entry>
    <entry id="str_curio_pile_of_scrolls_scout"><![CDATA[The scrolls are a well-rendered map of the road ahead...]]></entry>
    <entry id="str_curio_pile_of_scrolls_torch_purge"><![CDATA[The scrolls are full of evil writings. Burning them is a weight off of the hero...]]></entry>
    <entry id="str_curio_title_ancient_coffin"><![CDATA[Ancient Coffin]]></entry>
    <entry id="str_curio_content_ancient_coffin"><![CDATA[An old coffin. It is slightly ajar.]]></entry>
    <entry id="str_curio_tooltip_investigate_ancient_coffin"><![CDATA[Open the coffin...]]></entry>
    <entry id="str_curio_ancient_coffin_nothing"><![CDATA[There is nothing of value inside.]]></entry>
    <entry id="str_curio_ancient_coffin_loot"><![CDATA[The coffin contains hidden treasures.]]></entry>
    <entry id="str_curio_ancient_coffin_quirk"><![CDATA[Findings in the coffin give the hero insight into the nature of this world.]]></entry>
    <entry id="str_curio_title_old_tree"><![CDATA[Old Tree]]></entry>
    <entry id="str_curio_content_old_tree"><![CDATA[This tree has a huge hole in the trunk. Perhaps there's something inside...]]></entry>
    <entry id="str_curio_tooltip_investigate_old_tree"><![CDATA[Search the tree...]]></entry>
    <entry id="str_curio_old_tree_nothing"><![CDATA[Sometimes a tree is just a tree.]]></entry>
    <entry id="str_curio_old_tree_loot"><![CDATA[Someone couldn't resist stashing treasures here...]]></entry>
    <entry id="str_curio_old_tree_effect"><![CDATA[The tree is covered in poisonous sap.]]></entry>
    <entry id="str_curio_old_tree_antivenom_loot"><![CDATA[The antivenom protects against poisonous sap, allowing a thorough search...]]></entry>
    <entry id="str_curio_title_beast_carcass"><![CDATA[Beast Carcass]]></entry>
    <entry id="str_curio_content_beast_carcass"><![CDATA[Something has recently mutilated this creature...]]></entry>
    <entry id="str_curio_tooltip_investigate_beast_carcass"><![CDATA[Investigate the carcass...]]></entry>
    <entry id="str_curio_beast_carcass_nothing"><![CDATA[The beast has nothing left to offer.]]></entry>
    <entry id="str_curio_beast_carcass_loot"><![CDATA[There is still some meat on these bones.]]></entry>
    <entry id="str_curio_beast_carcass_quirk"><![CDATA[The hero is distraught by the sight of the carcass.]]></entry>
    <entry id="str_curio_beast_carcass_disease"><![CDATA[Exploring the carcass was not without risk of disease...]]></entry>
    <entry id="str_curio_beast_carcass_medicinal_herbs_loot"><![CDATA[The medicinal herbs rid the carcass of any diseases.]]></entry>
    <entry id="str_curio_title_pristine_fountain"><![CDATA[Pristine Fountain]]></entry>
    <entry id="str_curio_content_pristine_fountain"><![CDATA[A beautiful fountain. It looks unaffected by the surrounding chaos.]]></entry>
    <entry id="str_curio_tooltip_investigate_pristine_fountain"><![CDATA[Drink from the fountain...]]></entry>
    <entry id="str_curio_pristine_fountain_nothing"><![CDATA[Any power this fountain once had is now lost.]]></entry>
    <entry id="str_curio_pristine_fountain_effect"><![CDATA[The fountain reinvigorates the hero.]]></entry>
    <entry id="str_curio_pristine_fountain_holy_water_effect"><![CDATA[The hero consecrates the fountain...]]></entry>
    <entry id="str_curio_title_travellers_tent"><![CDATA[Traveler's Tent]]></entry>
    <entry id="str_curio_content_travellers_tent"><![CDATA[Someone has camped here recently.]]></entry>
    <entry id="str_curio_tooltip_investigate_travellers_tent"><![CDATA[Check inside the tent...]]></entry>
    <entry id="str_curio_travellers_tent_nothing"><![CDATA[Nothing is left inside the tent.]]></entry>
    <entry id="str_curio_travellers_tent_loot"><![CDATA[Someone left valuables inside the tent.]]></entry>
    <entry id="str_curio_travellers_tent_effect"><![CDATA[The fate of the tent's occupant is revealed...]]></entry>
    <entry id="str_curio_travellers_tent_scout"><![CDATA[A map of the area is found inside the tent.]]></entry>
    <entry id="str_curio_title_travellers_tent_tutorial"><![CDATA[Brigand's Tent]]></entry>
    <entry id="str_curio_content_travellers_tent_tutorial"><![CDATA[Clearly where the ambushers camp.]]></entry>
    <entry id="str_curio_tooltip_investigate_travellers_tent_tutorial"><![CDATA[Check inside the tent...]]></entry>
    <entry id="str_curio_travellers_tent_tutorial_loot"><![CDATA[The brigands left valuables!]]></entry>
    <entry id="str_curio_title_cosmic_spiderweb"><![CDATA[Eerie Spiderweb]]></entry>
    <entry id="str_curio_content_cosmic_spiderweb"><![CDATA[A spiderweb with a strange glow to it. There might be something behind it.]]></entry>
    <entry id="str_curio_tooltip_investigate_cosmic_spiderweb"><![CDATA[Check behind the web...]]></entry>
    <entry id="str_curio_cosmic_spiderweb_nothing"><![CDATA[There is nothing of interest.]]></entry>
    <entry id="str_curio_cosmic_spiderweb_loot"><![CDATA[Treasures are hidden behind the web!]]></entry>
    <entry id="str_curio_cosmic_spiderweb_quirk"><![CDATA[The hero is covered in a sticky goo.]]></entry>
    <entry id="str_curio_cosmic_spiderweb_bandage_loot"><![CDATA[The bandages protect the hero's hands during the search...]]></entry>
    <entry id="str_curio_title_lost_luggage"><![CDATA[Left Luggage]]></entry>
    <entry id="str_curio_content_lost_luggage"><![CDATA[Someone dropped this recently. Probably on the run. It has a lock on it.]]></entry>
    <entry id="str_curio_tooltip_investigate_lost_luggage"><![CDATA[Try to open the luggage...]]></entry>
    <entry id="str_curio_lost_luggage_effect"><![CDATA[It's trapped!]]></entry>
    <entry id="str_curio_lost_luggage_loot"><![CDATA[The luggage clearly shouldn't have been abandoned. Valuables inside!]]></entry>
    <entry id="str_curio_lost_luggage_skeleton_key_loot"><![CDATA[The key works. Valuable belongings inside!]]></entry>
    <entry id="str_curio_lost_luggage_antivenom_loot"><![CDATA[The antivenom neutralizes a poison trap. Unspoiled treasures inside!]]></entry>
    <entry id="str_curio_title_shallow_grave"><![CDATA[Shallow Grave]]></entry>
    <entry id="str_curio_content_shallow_grave"><![CDATA[A grave, dug in haste.]]></entry>
    <entry id="str_curio_tooltip_investigate_shallow_grave"><![CDATA[Dig up the grave with your hands...]]></entry>
    <entry id="str_curio_shallow_grave_effect"><![CDATA[Gravedigging is not the healthiest of professions...]]></entry>
    <entry id="str_curio_shallow_grave_disease"><![CDATA[Gravedigging is not the healthiest of professions...]]></entry>
    <entry id="str_curio_shallow_grave_shovel_loot"><![CDATA[Looks like gravedigging pays off sometimes!]]></entry>
    <entry id="str_curio_title_troubling_effigy"><![CDATA[Troubling Effigy]]></entry>
    <entry id="str_curio_content_troubling_effigy"><![CDATA[An unsettling effigy erected in service to a mysterious god.]]></entry>
    <entry id="str_curio_tooltip_investigate_troubling_effigy"><![CDATA[Touch the effigy...]]></entry>
    <entry id="str_curio_troubling_effigy_nothing"><![CDATA[Any power the effigy once had is now lost.]]></entry>
    <entry id="str_curio_troubling_effigy_quirk"><![CDATA[The effigy imbues the hero with energy...]]></entry>
    <entry id="str_curio_troubling_effigy_effect"><![CDATA[The effigy lashes out, rejecting the hero!]]></entry>
    <entry id="str_curio_troubling_effigy_holy_water_quirk"><![CDATA[The holy water has a powerful effect!]]></entry>
    <entry id="str_curio_animalistic_shrine_pickaxe_loot"><![CDATA[The shrine has been decimated!]]></entry>
    <entry id="str_curio_infected_corpse_antivenom_loot"><![CDATA[The infected corpse has been cleansed!]]></entry>
    <entry id="str_curio_corrupted_altar_holy_water_loot"><![CDATA[The altar has been purified!]]></entry>
    <entry id="str_curio_title_brackish_tidepool"><![CDATA[Brackish Tide Pool]]></entry>
    <entry id="str_curio_content_brackish_tidepool"><![CDATA[A pool of water cupped in smooth stone. Its color looks slightly off...]]></entry>
    <entry id="str_curio_tooltip_investigate_brackish_tidepool"><![CDATA[Take a drink from the pool.]]></entry>
    <entry id="str_curio_brackish_tidepool_effect"><![CDATA[The hero's resilience is heightened!]]></entry>
    <entry id="str_curio_brackish_tidepool_disease"><![CDATA[The water is contaminated...]]></entry>
    <entry id="str_curio_brackish_tidepool_antivenom_effect"><![CDATA[The water is purified and cleanses the hero.]]></entry>
    <entry id="str_curio_title_fish_idol"><![CDATA[Fish Idol]]></entry>
    <entry id="str_curio_content_fish_idol"><![CDATA[A strange presence is felt near this statue of worship.]]></entry>
    <entry id="str_curio_tooltip_investigate_fish_idol"><![CDATA[Touch the idol.]]></entry>
    <entry id="str_curio_fish_idol_effect"><![CDATA[An evil force engulfs the hero!]]></entry>
    <entry id="str_curio_fish_idol_holy_water_effect"><![CDATA[An aura of strength engulfs the hero!]]></entry>
    <entry id="str_curio_title_giant_oyster"><![CDATA[Giant Oyster]]></entry>
    <entry id="str_curio_content_giant_oyster"><![CDATA[A live oyster. Who knows what value it hides...]]></entry>
    <entry id="str_curio_tooltip_investigate_giant_oyster"><![CDATA[Grab the goods inside.]]></entry>
    <entry id="str_curio_giant_oyster_nothing"><![CDATA[Someone has already cleaned house.]]></entry>
    <entry id="str_curio_giant_oyster_loot"><![CDATA[There are treasures hidden inside!]]></entry>
    <entry id="str_curio_giant_oyster_effect"><![CDATA[The oyster slams shut!]]></entry>
    <entry id="str_curio_giant_oyster_shovel_loot"><![CDATA[The shovel prevents the oyster from closing.]]></entry>
    <entry id="str_curio_giant_oyster_dog_treats_effect"><![CDATA[The oyster seems to like these...]]></entry>
    <entry id="str_curio_title_giant_fish_carcass"><![CDATA[Fish Carcass]]></entry>
    <entry id="str_curio_content_giant_fish_carcass"><![CDATA[A stuffed sea creature has washed ashore. Wonder what it ate...]]></entry>
    <entry id="str_curio_tooltip_investigate_giant_fish_carcass"><![CDATA[Gut the fish.]]></entry>
    <entry id="str_curio_giant_fish_carcass_nothing"><![CDATA[Only digested fish inside.]]></entry>
    <entry id="str_curio_giant_fish_carcass_loot"><![CDATA[The fish ate more than its fair share.]]></entry>
    <entry id="str_curio_giant_fish_carcass_effect"><![CDATA[It's a trap!]]></entry>
    <entry id="str_curio_giant_fish_carcass_disease"><![CDATA[The creature is harbouring a dangerous infection.]]></entry>
    <entry id="str_curio_giant_fish_carcass_medicinal_herbs_loot"><![CDATA[The gut is cleansed, allowing a safe search of its contents.]]></entry>
    <entry id="str_curio_title_ships_figurehead"><![CDATA[Ship's Figurehead]]></entry>
    <entry id="str_curio_content_ships_figurehead"><![CDATA[The figurehead emits a marvelous aura.]]></entry>
    <entry id="str_curio_tooltip_investigate_ships_figurehead"><![CDATA[Inspect the figurehead.]]></entry>
    <entry id="str_curio_ships_figurehead_effect"><![CDATA[The great artifact inspires the hero!]]></entry>
    <entry id="str_curio_title_eerie_coral"><![CDATA[Eerie Coral]]></entry>
    <entry id="str_curio_content_eerie_coral"><![CDATA[There is something odd about this coral.]]></entry>
    <entry id="str_curio_tooltip_investigate_eerie_coral"><![CDATA[Investigate the coral.]]></entry>
    <entry id="str_curio_eerie_coral_nothing"><![CDATA[Nothing here after all.]]></entry>
    <entry id="str_curio_eerie_coral_effect_eerie_coral_healstress"><![CDATA[This coral is soothing to the mind.]]></entry>
    <entry id="str_curio_eerie_coral_effect_eerie_coral_stress"><![CDATA[The coral is abrasive and unnerving.]]></entry>
    <entry id="str_curio_eerie_coral_medicinal_herbs_purge"><![CDATA[Cleansing the coral brings out its profound healing qualities.]]></entry>
    <entry id="str_curio_title_bas_relief"><![CDATA[Bas-Relief]]></entry>
    <entry id="str_curio_content_bas_relief"><![CDATA[A puzzlingly ancient sculpture of dizzying implication...]]></entry>
    <entry id="str_curio_tooltip_investigate_bas_relief"><![CDATA[Attempt to decipher the carven message.]]></entry>
    <entry id="str_curio_bas_relief_quirk"><![CDATA[The message has a lasting impact on the hero...]]></entry>
    <entry id="str_curio_bas_relief_shovel_effect"><![CDATA[The bas-relief is crushed with the shovel. Doesn't feel right...]]></entry>
    <entry id="str_curio_title_barnacle_crusted_chest"><![CDATA[Barnacle Crusted Chest]]></entry>
    <entry id="str_curio_content_barnacle_crusted_chest"><![CDATA[A treasure chest blanketed in barnacles.]]></entry>
    <entry id="str_curio_tooltip_investigate_barnacle_crusted_chest"><![CDATA[Break open the chest.]]></entry>
    <entry id="str_curio_barnacle_crusted_chest_nothing"><![CDATA[Nothing inside.]]></entry>
    <entry id="str_curio_barnacle_crusted_chest_loot"><![CDATA[There's still booty inside!]]></entry>
    <entry id="str_curio_barnacle_crusted_chest_effect"><![CDATA[The hero receives a nasty gash.]]></entry>
    <entry id="str_curio_barnacle_crusted_chest_shovel_loot"><![CDATA[The shovel makes easy work of the barnacles.]]></entry>
    <entry id="str_curio_protective_ward_eldritch_lantern_loot"><![CDATA[The ward is now lit!]]></entry>
    <entry id="curio_tooltip_investigate_old_one_statue"><![CDATA[Investigate the statue...]]></entry>
    <entry id="curio_tooltip_investigate_rotting_corpse"><![CDATA[Search the remains...]]></entry>
    <entry id="curio_tooltip_investigate_iron_maiden"><![CDATA[Open the iron maiden...]]></entry>
    <entry id="curio_tooltip_investigate_fountain"><![CDATA[Quaff from the fountain...]]></entry>
    <entry id="curio_tooltip_investigate_aged_cask"><![CDATA[Uncork the cask and take a drink...]]></entry>
    <entry id="curio_tooltip_investigate_oily_nitre"><![CDATA[Harvest the lichen...]]></entry>
    <entry id="curio_tooltip_investigate_votive_table"><![CDATA[Investigate votive_table!]]></entry>
    <entry id="curio_tooltip_investigate_musty_tome"><![CDATA[Flip through the book...]]></entry>
    <entry id="curio_tooltip_investigate_arcane_lectern"><![CDATA[Investigate the lectern...]]></entry>
    <entry id="curio_tooltip_investigate_troubling_portrait"><![CDATA[Study the portrait more closely...]]></entry>
    <entry id="str_curio_title_old_one_statue"><![CDATA[Statuette of Elder Gods]]></entry>
    <entry id="str_curio_content_old_one_statue"><![CDATA[An intricate statue tricks the eye with unnatural shape.]]></entry>
    <entry id="str_curio_nothing_old_one_statue"><![CDATA[The statue is but a misshapen decoration, and far too heavy to lift.]]></entry>
    <entry id="str_curio_title_rotting_corpse"><![CDATA[Pile of Bones]]></entry>
    <entry id="str_curio_content_rotting_corpse"><![CDATA[All that's left of a previous adventurer...]]></entry>
    <entry id="str_curio_nothing_rotting_corpse"><![CDATA[There is nothing of value in the remains.]]></entry>
    <entry id="str_curio_title_fountain"><![CDATA[Fountain]]></entry>
    <entry id="str_curio_content_fountain"><![CDATA[A carven fountain still flows with water.]]></entry>
    <entry id="str_curio_nothing_fountain"><![CDATA[The fountain is unremarkable.]]></entry>
    <entry id="str_curio_title_aged_cask"><![CDATA[Aged Cask]]></entry>
    <entry id="str_curio_content_aged_cask"><![CDATA[A dusty, long-forgotten cask of some vintage spirit sits in your path.]]></entry>
    <entry id="str_curio_nothing_aged_cask"><![CDATA[The cask is empty, long since drained at some extravagant celebration.]]></entry>
    <entry id="str_curio_title_oily_nitre"><![CDATA[Oily Nitre]]></entry>
    <entry id="str_curio_content_oily_nitre"><![CDATA[The walls crawl with patches of dark and moist fungi.]]></entry>
    <entry id="str_curio_nothing_oily_nitre"><![CDATA[The lichen is unremarkable.]]></entry>
    <entry id="str_curio_title_votive_table"><![CDATA[Votive Table]]></entry>
    <entry id="str_curio_content_votive_table"><![CDATA[Dusty half-burned candles are strewn about an ornate carved stone table.]]></entry>
    <entry id="str_curio_nothing_votive_table"><![CDATA[The table is disused and plain.]]></entry>
    <entry id="str_curio_title_musty_tome"><![CDATA[Musty Tome]]></entry>
    <entry id="str_curio_content_musty_tome"><![CDATA[An ancient tome with mysterious gilded lettering.]]></entry>
    <entry id="str_curio_nothing_musty_tome"><![CDATA[The dessicated book crumbles away when touched.]]></entry>
    <entry id="str_curio_title_arcane_lectern"><![CDATA[Arcane Lectern]]></entry>
    <entry id="str_curio_content_arcane_lectern"><![CDATA[A stone pedestal carven in the shape of some nameless creature.]]></entry>
    <entry id="str_curio_nothing_arcane_lectern"><![CDATA[The lectern's purpose and value have long since been forgotten.]]></entry>
    <entry id="str_curio_title_troubling_portrait"><![CDATA[Troubling Portrait]]></entry>
    <entry id="str_curio_content_troubling_portrait"><![CDATA[Deep black eyes gaze upon you from the curios visage of an ancestor past.]]></entry>
    <entry id="str_curio_nothing_troubling_portrait"><![CDATA[The cracked and dusty painting is plain, and too large to transport.]]></entry>
    <entry id="str_curio_title_secret_stash"><![CDATA[Ancient Artifact]]></entry>
    <entry id="str_curio_content_secret_stash"><![CDATA[A chest untouched for centuries. There's a locked compartment on the side of it.]]></entry>
    <entry id="str_curio_tooltip_investigate_secret_stash"><![CDATA[Open the chest]]></entry>
    <entry id="str_curio_secret_stash_loot"><![CDATA[Someone left behind quite a stash.]]></entry>
    <entry id="str_curio_secret_stash_skeleton_key_loot"><![CDATA[The secret compartment contains great treasures!]]></entry>
    <entry id="str_curio_title_beacon"><![CDATA[Iron Crown]]></entry>
    <entry id="str_curio_content_beacon"><![CDATA[We can light this with a Hand of Glory.]]></entry>
    <entry id="str_curio_tooltip_investigate_beacon_with_quest_item"><![CDATA[Touching it won't do anything. We need to light it.]]></entry>
    <entry id="str_curio_beacon_beacon_light_loot"><![CDATA[A cry is heard!  The creature squirms!]]></entry>
    <entry id="str_curio_title_teleporter"><![CDATA[Locus Beacon]]></entry>
    <entry id="str_curio_content_teleporter"><![CDATA[This must be it - the beginning of the end.]]></entry>
    <entry id="str_curio_tooltip_investigate_teleporter"><![CDATA[Activate the Portal]]></entry>
    <entry id="str_curio_ancestors_knapsack_loot"><![CDATA[Something hastily left behind by your Ancestor...]]></entry>
    <entry id="str_curio_title_open_grave"><![CDATA[Transcendent Terror]]></entry>
    <entry id="str_curio_content_open_grave"><![CDATA[Surely nothing good can come of a dialogue with the dead...?]]></entry>
    <entry id="str_curio_tooltip_investigate_open_grave"><![CDATA[Attempt to communicate...]]></entry>
    <entry id="str_curio_open_grave_effect"><![CDATA[Time - an endless cycle! Ia Iaaaa!]]></entry>
    <entry id="str_obstacle_ancestor_title"><![CDATA[Ancestor]]></entry>
    <entry id="str_obstacle_ancestor_description"><![CDATA[A ghostly premonition presents itself. Is it really him...?]]></entry>
    <entry id="obstacle_tooltip_ancestor_talk"><![CDATA[Listen...]]></entry>
  </language>
</root>

