<?xml version="1.0" encoding="UTF-8"?>
<root>
  <language id="english">
    <entry id="help_panel_controls"><![CDATA[{colour_start|help_panel_controls}Controls{colour_end}]]></entry>
    <entry id="help_panel_back"><![CDATA[{colour_start|help_panel_controls}Back{colour_end}]]></entry>
    <entry id="tutorial_popup_press_h_title"><![CDATA[Get Help Where You May!]]></entry>
    <entry id="tutorial_popup_combat_title"><![CDATA[Kill the Enemy!]]></entry>
    <entry id="tutorial_popup_map_nav_title"><![CDATA[Map Navigation]]></entry>
    <entry id="tutorial_popup_hallway_nav_title"><![CDATA[Hallway Movement]]></entry>
    <entry id="tutorial_popup_curio_title"><![CDATA[Interactive Objects (Curios)]]></entry>
    <entry id="tutorial_popup_bandage_title"><![CDATA[Bandaging]]></entry>
    <entry id="tutorial_popup_antivenom_title"><![CDATA[Curing Blight]]></entry>
    <entry id="tutorial_popup_torch_title"><![CDATA[The Torch]]></entry>
    <entry id="tutorial_popup_supplies_title"><![CDATA[Provision for the Journey]]></entry>
    <entry id="tutorial_popup_map_combat_skills_title"><![CDATA[Remap Combat Skills]]></entry>
    <entry id="tutorial_popup_map_camping_skills_title"><![CDATA[Remap Camping Skills]]></entry>
    <entry id="tutorial_popup_camping_quest_title"><![CDATA[Firewood and Camping]]></entry>
    <entry id="tutorial_popup_camping_title"><![CDATA[The Benefits of Camping]]></entry>
    <entry id="tutorial_popup_stress_relief_title"><![CDATA[Stress Relief]]></entry>
    <entry id="tutorial_popup_afflicted_title"><![CDATA[Afflicted!]]></entry>
    <entry id="tutorial_popup_virtued_title"><![CDATA[Virtuous!]]></entry>
    <entry id="tutorial_popup_death_door_title"><![CDATA[Death's Door]]></entry>
    <entry id="tutorial_popup_consider_retreat_title"><![CDATA[Discretion is the better part of valor...]]></entry>
    <entry id="tutorial_popup_disarm_trap_title"><![CDATA[Disarming Traps]]></entry>
    <entry id="tutorial_popup_using_doors_title"><![CDATA[Entering Doors]]></entry>
    <entry id="tutorial_popup_stress_title"><![CDATA[Stress]]></entry>
    <entry id="tutorial_popup_trinkets_title"><![CDATA[Trinkets]]></entry>
    <entry id="tutorial_popup_questparty_title"><![CDATA[Party Formation]]></entry>
    <entry id="tutorial_popup_resolve_level_title"><![CDATA[Resolve Level Up!]]></entry>
    <entry id="tutorial_popup_stage_coach_title"><![CDATA[The Stagecoach is Your Hero Lifeblood]]></entry>
    <entry id="tutorial_popup_heart_attack_title"><![CDATA[A Body's Limit: Heart Attack]]></entry>
    <entry id="tutorial_popup_hero_panel_title"><![CDATA[The Hero Panel]]></entry>
    <entry id="tutorial_popup_quest_complete_title"><![CDATA[Completing a Quest]]></entry>
    <entry id="tutorial_popup_locking_pos_quirks_title"><![CDATA[Treatment]]></entry>
    <entry id="tutorial_popup_high_prot_title"><![CDATA[Monsters with High PROT]]></entry>
    <entry id="tutorial_popup_permanent_neg_quirks_title"><![CDATA[Severe Negative Quirks]]></entry>
    <entry id="tutorial_popup_selling_trinkets_title"><![CDATA[Sell Back Trinkets]]></entry>
    <entry id="tutorial_popup_hero_panel_description"><![CDATA[{colour_start|town_activity_log_positive_result}[RIGHT-CLICK]{colour_end} on a hero's {colour_start|notable}image or portrait{colour_end} at any time to bring up a detailed panel showing all of the hero's {colour_start|notable}quirks{colour_end}, {colour_start|notable}skills{colour_end}, and {colour_start|notable}resistances{colour_end}.]]></entry>
    <entry id="tutorial_popup_quest_complete_description"><![CDATA[After you've completed the requirements of a quest, you have the option to {colour_start|notable}return to town{colour_end} at any time--just {colour_start|notable}click the crest{colour_end}. You don't need to return to the starting room of the dungeon to exit.]]></entry>
    <entry id="tutorial_popup_locking_pos_quirks_description"><![CDATA[The {colour_start|notable}Sanitarium{colour_end} is most often used to remove {colour_start|harmful}negative quirks{colour_end} and treat {colour_start|sanitarium_treatment_disease_entry}diseases{colour_end}. But you can also use it to reinforce a {colour_start|notable}positive quirk{colour_end}, which will lock it into place and prevent new positive quirks from displacing it. You can lock a maximum of 3 positive quirks per hero.]]></entry>
    <entry id="tutorial_popup_high_prot_description"><![CDATA[Some monsters have high {colour_start|notable}PROT{colour_end}, which {colour_start|notable}absorbs attack damage{colour_end}. DOTs ({colour_start|pop_text_poison}blight{colour_end} and {colour_start|pop_text_bleed}bleed{colour_end}) ignore PROT and are effective means to take down these highly armored opponents.]]></entry>
    <entry id="tutorial_popup_permanent_neg_quirks_description"><![CDATA[Over time, some {colour_start|harmful}negative quirks{colour_end} will lock into place and become {colour_start|notable}severe{colour_end}. Severe{colour_start|harmful} negative quirks{colour_end} cost much more to remove in the Sanitarium.]]></entry>
    <entry id="tutorial_popup_press_h_description"><![CDATA[On any screen in the game, press and hold {colour_start|town_activity_log_positive_result}[H]{colour_end} to see contextual help for controls in that mode.

Try it while in town, exploring, fighting, camping, and more.]]></entry>
    <entry id="tutorial_popup_combat_description"><![CDATA[Combat is {colour_start|notable}turn-based{colour_end}. On your hero's turn, {colour_start|town_activity_log_positive_result}[CLICK]{colour_end} a skill icon and then {colour_start|town_activity_log_positive_result}[CLICK]{colour_end} on a highlighted target. 

If you can't select a particular skill, it's because that hero needs to be {colour_start|notable}standing in a different spot{colour_end} or there are {colour_start|notable}no valid targets{colour_end}. {colour_start|town_activity_log_positive_result}[Mouse Over]{colour_end} the skill to see the requirements.]]></entry>
    <entry id="tutorial_popup_map_nav_description"><![CDATA[You are currently in a {colour_start|notable}room{colour_end}.

To move forth, {colour_start|town_activity_log_positive_result}[CLICK]{colour_end} on {colour_start|notable}another room{colour_end} on the {colour_start|notable}map display{colour_end}. This will take you to the {colour_start|notable}connecting hallway{colour_end}.]]></entry>
    <entry id="tutorial_popup_hallway_nav_description"><![CDATA[While in a {colour_start|notable}hallway{colour_end}, press {colour_start|town_activity_log_positive_result}[D]{colour_end} to move forward, {colour_start|town_activity_log_positive_result}[A]{colour_end} to move back.

If you prefer the {colour_start|notable}mouse{colour_end}, you can {colour_start|town_activity_log_positive_result}[CLICK]{colour_end} ahead or behind the party to move them.]]></entry>
    <entry id="tutorial_popup_curio_description"><![CDATA[While exploring, you will often find {colour_start|notable}interactive objects{colour_end}. {colour_start|town_activity_log_positive_result}[CLICK]{colour_end} or press {colour_start|town_activity_log_positive_result}[W]{colour_end} to investigate them. Take a look at this tent...]]></entry>
    <entry id="tutorial_popup_bandage_description"><![CDATA[Your hero is {colour_start|pop_text_bleed}bleeding{colour_end}!

If you wish, you can use a {colour_start|notable}bandage{colour_end} from inventory to stop the flow. {colour_start|town_activity_log_positive_result}[RIGHT-CLICK]{colour_end} on the {colour_start|notable}bandage{colour_end} while it's the injured hero's turn.]]></entry>
    <entry id="tutorial_popup_antivenom_description"><![CDATA[Your hero is {colour_start|pop_text_poison}blighted{colour_end}!

If you wish, you can use {colour_start|notable}anti-venom{colour_end} from inventory to neutralize it. {colour_start|town_activity_log_positive_result}[RIGHT-CLICK]{colour_end} on the {colour_start|notable}anti-venom{colour_end} while it's the injured hero's turn.]]></entry>
    <entry id="tutorial_popup_torch_description"><![CDATA[The {colour_start|notable}light{colour_end} is fading! The current {colour_start|notable}torch level greatly affects many mechanics{colour_end} in the game. The darker it gets, the harder things get but the better the rewards. {colour_start|town_activity_log_positive_result}[RIGHT-CLICK]{colour_end} on a torch from inventory to boost the light back up.]]></entry>
    <entry id="tutorial_popup_supplies_description"><![CDATA[You'll want to take {colour_start|notable}different supplies{colour_end} depending on what {colour_start|notable}region{colour_end} you are going to, how {colour_start|notable}long{colour_end} the quest is, and your own preferences. But always bring some {colour_start|notable}food{colour_end} and {colour_start|notable}torches{colour_end}!

For your first short quest, try bringing at least 8 food and 4 torches.]]></entry>
    <entry id="tutorial_popup_map_combat_skills_description"><![CDATA[Heroes can only have {colour_start|notable}4 active combat skills{colour_end} at a time. Toggle the skills on and off to change your loadout, and watch how it changes that hero's positional strength in the display above!]]></entry>
    <entry id="tutorial_popup_map_camping_skills_description"><![CDATA[Heroes can only have {colour_start|notable}4 Camping skills active{colour_end} at a time. Toggle the skills on and off by clicking on them.]]></entry>
    <entry id="tutorial_popup_camping_quest_description"><![CDATA[This quest involves {colour_start|notable}Camping{colour_end}, and Camping requires {colour_start|notable}firewood{colour_end}. Firewood is {colour_start|notable}given automatically{colour_end} to you on appropriate quests.

{colour_start|notable}Camping{colour_end} gives heroes a chance to {colour_start|notable}recuperate while in the dungeon{colour_end}. When you are wounded or {colour_start|stressNOT1}stressed{colour_end} and wish to camp, {colour_start|town_activity_log_positive_result}[RIGHT-CLICK]{colour_end} on the firewood in your inventory.]]></entry>
    <entry id="tutorial_popup_camping_description"><![CDATA[Camping consists of two parts: {colour_start|notable}Meal phase{colour_end} and {colour_start|notable}Skill phase{colour_end}.

During the {colour_start|notable}Meal phase{colour_end}, you choose how much they eat, which determines recovery. Make sure you have enough food!

{colour_start|notable}Skill Phase{colour_end} allows you to spend {colour_start|notable}Rest Points{colour_end} on different hero skills used for recuperation.]]></entry>
    <entry id="tutorial_popup_stress_relief_description"><![CDATA[Heroes relieve {colour_start|stressNOT1}stress{colour_end} by taking part in activities at the {colour_start|notable}Tavern{colour_end} and {colour_start|notable}Abbey{colour_end}. Each activity has different side-effects.

Experiment to find the best activity for each hero, depending on their {colour_start|notable}quirks{colour_end}!

Commiting a hero to an activity {colour_start|notable}locks them in that activity{colour_end} until the {colour_start|notable}next Week{colour_end}. You'll have to take a different hero with you on your next quest.]]></entry>
    <entry id="tutorial_popup_afflicted_description"><![CDATA[When heroes {colour_start|notable}can't take the {colour_start|stressNOT1}stress{colour_end} any more{colour_end}, they become {colour_start|harmful}afflicted{colour_end}. This manifests in {colour_start|notable}different behaviors{colour_end} and {colour_start|notable}stat changes{colour_end}. {colour_start|harmful}Afflictions{colour_end} last until you {colour_start|notable}send them to treatment{colour_end} in town, unless you can reduce their {colour_start|stressNOT1}stress{colour_end} to zero during the quest.]]></entry>
    <entry id="tutorial_popup_virtued_description"><![CDATA[Sometimes, heroes respond to the onslaught of {colour_start|stressNOT1}stress{colour_end} by becoming {colour_start|notable}heroic{colour_end}!

This elevated state of performance will last until they camp or return to town, and confers {colour_start|notable}stat bonuses{colour_end} and other benefits.]]></entry>
    <entry id="tutorial_popup_death_door_description"><![CDATA[When a hero is reduced to 0 HP, they are at {colour_start|harmful}Death's Door{colour_end}.

While in this state, they will suffer {colour_start|notable}stat penalties{colour_end}, plus any further damage has a {colour_start|notable}chance to kill them{colour_end}.

{colour_start|notable}Heal{colour_end} them to get off {colour_start|deathdoor}Death's Door{colour_end}!]]></entry>
    <entry id="tutorial_popup_consider_retreat_description"><![CDATA[The first of many heroes has given their all in service to you. You have the option of {colour_start|notable}retreating from combat{colour_end} and abandoning this quest to save the others, or {colour_start|notable}press onward{colour_end}.

The choice is yours. {colour_start|town_activity_log_positive_result}[If this is the tutorial, retreat is unavailable.]{colour_end}]]></entry>
    <entry id="tutorial_popup_disarm_trap_description"><![CDATA[Scouted {colour_start|trap}traps{colour_end} will be {colour_start|notable}visible on the ground{colour_end} as you approach them. Select a hero and then {colour_start|town_activity_log_positive_result}[CLICK]{colour_end} on the {colour_start|trap}trap{colour_end} to attempt to {colour_start|notable}disarm it{colour_end}.

Some heroes are better than others at disarming.]]></entry>
    <entry id="tutorial_popup_using_doors_description"><![CDATA[To enter a {colour_start|notable}door{colour_end}, {colour_start|town_activity_log_positive_result}[CLICK]{colour_end} or press {colour_start|town_activity_log_positive_result}[W]{colour_end} when standing in front of it.]]></entry>
    <entry id="tutorial_popup_stress_description"><![CDATA[Many actions and experiences cause {colour_start|harmful}{colour_start|stressNOT1}stress{colour_end}{colour_end}. {colour_start|harmful}{colour_start|stressNOT1}stress{colour_end}{colour_end} damage appears above heroes' heads, in black type. {colour_start|harmful}{colour_start|stressNOT1}stress{colour_end}{colour_end} can also be {colour_start|notable}healed{colour_end}, and that appears in white type.]]></entry>
    <entry id="tutorial_popup_trinkets_description"><![CDATA[Each hero has room to equip two items, called {colour_start|notable}trinkets{colour_end}. Just {colour_start|notable}drag the trinket{colour_end} from inventory over to the {colour_start|notable}selected hero's slot{colour_end}. {colour_start|notable}Trinkets{colour_end} generally have a trade-off: something good, something bad. Some are also class-specific.]]></entry>
    <entry id="tutorial_popup_questparty_description"><![CDATA[Each quest has {colour_start|notable}different goals and rewards{colour_end}, and each region has its own challenges. Experiment with various combinations to see what works!

However, it's recommended to bring along a {colour_start|notable}Vestal{colour_end} or an {colour_start|notable}Occultist{colour_end} for healing.]]></entry>
    <entry id="tutorial_popup_resolve_level_description"><![CDATA[Heroes gain {colour_start|notable}Resolve XP{colour_end} for each successful quest. {colour_start|notable}Resolve XP{colour_end} in turn determines the hero's {colour_start|notable}Resolve Level{colour_end}.

{colour_start|notable}Resolve Level{colour_end} represents the hero's veteranship, and directly acts as {colour_start|notable}Stress Resistance{colour_end} against the horrors encountered in the dungeons.

A low {colour_start|notable}Resolve Level{colour_end} hero that tries a higher level quest will quickly crumble under the unimaginable stresses.]]></entry>
    <entry id="tutorial_popup_heart_attack_description"><![CDATA[{colour_start|harmful}Stress{colour_end} continues to build beyond the point of {colour_start|harmful}Affliction{colour_end}.

If a hero's stress bar fills a second time completely, their {colour_start|harmful}body will give out{colour_end}. Get them aid or retreat back to town before this happens.

Death awaits us all.]]></entry>
    <entry id="tutorial_popup_death_class_title"><![CDATA[Corpses]]></entry>
    <entry id="tutorial_popup_death_class_description"><![CDATA[When most monsters die, they leave corpses. Corpses act as temporary obstacles and will eventually go away on their own. 

You can attack corpses to destroy them faster, but often a better approach is to use ranged skills, push/pull skills, and even corpse-clearing special skills that some heroes possess. 

Monsters killed with bleed, blight, or crits leave no corpses at all!]]></entry>
    <entry id="tutorial_popup_selling_trinkets_description"><![CDATA[You can sell back unwanted trinkets from your Trinket Inventory and make some money.  Open the Trinket Inventory and [SHIFT-CLICK] on any trinket you don't want.]]></entry>
    <entry id="tutorial_popup_scout_hidden_door_title"><![CDATA[Secret Rooms]]></entry>
    <entry id="tutorial_popup_scout_hidden_door_description"><![CDATA[A critical scouting success will sometimes reveal a {colour_start|notable}Secret Room{colour_end}!  Advance to the tile marked with a star, and press 'W' or click to enter.  Fabulous wealth and riches await those equipped with a {colour_start|notable}key{colour_end}...]]></entry>
    <entry id="[pc]str_help_town_0"><![CDATA[{colour_start|town_activity_log_positive_result}[RIGHT-CLICK]{colour_end} on a hero in the roster to inspect their detailed character sheet. They can be renamed or dismissed permanently from there.]]></entry>
    <entry id="[pc]str_help_town_1"><![CDATA[{colour_start|town_activity_log_positive_result}[CLICK]{colour_end} on buildings to use them to interact with your heroes.]]></entry>
    <entry id="[pc]str_help_town_2"><![CDATA[STAGECOACH: recruit new heroes]]></entry>
    <entry id="[pc]str_help_town_3"><![CDATA[BLACKSMITH: upgrade heroes' weapons and armor]]></entry>
    <entry id="[pc]str_help_town_4"><![CDATA[GUILD: upgrade heroes' combat skills]]></entry>
    <entry id="[pc]str_help_town_5"><![CDATA[SURVIVALIST: upgrade heroes' Camping skills]]></entry>
    <entry id="[pc]str_help_town_6"><![CDATA[TAVERN: send heroes for {colour_start|stressNOT1}stress{colour_end} relief]]></entry>
    <entry id="[pc]str_help_town_7"><![CDATA[ABBEY: send heroes for {colour_start|stressNOT1}stress{colour_end} relief]]></entry>
    <entry id="[pc]str_help_town_8"><![CDATA[SANITARIUM: treat heroes' quirks and diseases]]></entry>
    <entry id="[pc]str_help_town_9"><![CDATA[NOMAD'S WAGON: purchase rare items]]></entry>
    <entry id="str_help_town_stage_coach_0"><![CDATA[{colour_start|town_activity_log_positive_result}[CLICK]{colour_end} the + icon to see upgrade options for this building.]]></entry>
    <entry id="str_help_town_stage_coach_1"><![CDATA[{colour_start|town_activity_log_positive_result}[RIGHT-CLICK]{colour_end} on new heroes to inspect them.]]></entry>
    <entry id="str_help_town_stage_coach_2"><![CDATA[{colour_start|town_activity_log_positive_result}[DRAG]{colour_end} new heroes to your roster to recruit them.]]></entry>
    <entry id="str_help_town_blacksmith_0"><![CDATA[{colour_start|town_activity_log_positive_result}[CLICK]{colour_end} the + icon to see upgrade options for this building.]]></entry>
    <entry id="str_help_town_blacksmith_1"><![CDATA[{colour_start|town_activity_log_positive_result}[DRAG]{colour_end} a hero from your roster into the Blacksmith to see their weapon and armor upgrade options.]]></entry>
    <entry id="str_help_town_blacksmith_2"><![CDATA[{colour_start|town_activity_log_positive_result}[CLICK]{colour_end} on upgrades to purchase them. You may need to upgrade the Blacksmith before purchasing some hero upgrades.]]></entry>
    <entry id="str_help_town_guild_0"><![CDATA[{colour_start|town_activity_log_positive_result}[CLICK]{colour_end} the + icon to see upgrade options for this building.]]></entry>
    <entry id="str_help_town_guild_1"><![CDATA[{colour_start|town_activity_log_positive_result}[DRAG]{colour_end} a hero from your roster into the Guild to see their skill upgrade options.]]></entry>
    <entry id="str_help_town_guild_2"><![CDATA[{colour_start|town_activity_log_positive_result}[CLICK]{colour_end} on combat skills or combat skill upgrades to purchase them. You may need to upgrade the Guild before purchasing some hero upgrades.]]></entry>
    <entry id="str_help_town_camping_trainer_0"><![CDATA[{colour_start|town_activity_log_positive_result}[CLICK]{colour_end} the + icon to see upgrade options for this building.]]></entry>
    <entry id="str_help_town_camping_trainer_1"><![CDATA[{colour_start|town_activity_log_positive_result}[CLICK]{colour_end} on a hero in your roster to load them into the Survivalist and see their camping skill upgrade options.]]></entry>
    <entry id="str_help_town_camping_trainer_2"><![CDATA[{colour_start|town_activity_log_positive_result}[CLICK]{colour_end} on skills or upgrades to purchase them. You may need to upgrade the Survivalist before purchasing some hero upgrades.]]></entry>
    <entry id="str_help_town_tavern_0"><![CDATA[{colour_start|town_activity_log_positive_result}[CLICK]{colour_end} the + icon to see upgrade options for this building.]]></entry>
    <entry id="str_help_town_tavern_1"><![CDATA[{colour_start|town_activity_log_positive_result}[DRAG]{colour_end} a hero into the appropriate slot to start a {colour_start|stressNOT1}stress{colour_end}-relieving activity.]]></entry>
    <entry id="str_help_town_tavern_2"><![CDATA[Some quirks will block a hero from taking part in that activity.]]></entry>
    <entry id="str_help_town_tavern_3"><![CDATA[Each activity has different costs, {colour_start|stressNOT1}stress{colour_end} relief values, and possible side-effects. You will have to discover some of them through play.]]></entry>
    <entry id="str_help_town_tavern_4"><![CDATA[Committing the hero to the activity will make them unavailable for the next quest.]]></entry>
    <entry id="str_help_town_tavern_5"><![CDATA[You will need to upgrade the building to unlock additional activity slots.]]></entry>
    <entry id="str_help_town_tavern_6"><![CDATA[{colour_start|town_activity_log_positive_result}[SHIFT-CLICK]{colour_end} on a building slot to eject the hero from the building activity prematurely. You will not recover the money spent.]]></entry>
    <entry id="str_help_town_abbey_0"><![CDATA[{colour_start|town_activity_log_positive_result}[CLICK]{colour_end} the + icon to see upgrade options for this building.]]></entry>
    <entry id="str_help_town_abbey_1"><![CDATA[{colour_start|town_activity_log_positive_result}[DRAG]{colour_end} a hero into the appropriate slot to start a {colour_start|stressNOT1}stress{colour_end}-relieving activity.]]></entry>
    <entry id="str_help_town_abbey_2"><![CDATA[Some quirks will block a hero from taking part in that activity.]]></entry>
    <entry id="str_help_town_abbey_3"><![CDATA[Each activity has different costs, {colour_start|stressNOT1}stress{colour_end} relief values, and possible side-effects. You will have to discover some of them through play.]]></entry>
    <entry id="str_help_town_abbey_4"><![CDATA[Committing the hero to the activity will make them unavailable for the next quest.]]></entry>
    <entry id="str_help_town_abbey_5"><![CDATA[You will need to upgrade the building to unlock additional activity slots.]]></entry>
    <entry id="str_help_town_abbey_6"><![CDATA[{colour_start|town_activity_log_positive_result}[SHIFT-CLICK]{colour_end} on a building slot to eject the hero from the building activity prematurely. You will not recover the money spent.]]></entry>
    <entry id="str_help_town_sanitarium_0"><![CDATA[{colour_start|town_activity_log_positive_result}[CLICK]{colour_end} the + icon to see upgrade options for this building.]]></entry>
    <entry id="str_help_town_sanitarium_1"><![CDATA[Treating quirks: {colour_start|town_activity_log_positive_result}[DRAG]{colour_end} a hero into a treatment ward slot and select a positive quirk to reinforce and/or a negative quirk to remove. Severe quirks cost more to remove.]]></entry>
    <entry id="str_help_town_sanitarium_2"><![CDATA[Treating diseases: {colour_start|town_activity_log_positive_result}[DRAG]{colour_end} a hero into a medical ward slot and select a disease to treat. Sometimes extra diseases will also be cured.]]></entry>
    <entry id="str_help_town_sanitarium_3"><![CDATA[Committing the hero to treatment will make them unavailable for the next quest.]]></entry>
    <entry id="str_help_town_sanitarium_4"><![CDATA[You will need to upgrade the building to unlock additional treatment slots.]]></entry>
    <entry id="str_help_town_sanitarium_5"><![CDATA[{colour_start|town_activity_log_positive_result}[SHIFT-CLICK]{colour_end} on a building slot to eject the hero from the building activity prematurely. You will not recover the money spent.]]></entry>
    <entry id="str_help_town_nomad_wagon_0"><![CDATA[{colour_start|town_activity_log_positive_result}[CLICK]{colour_end} the + icon to see upgrade options for this building.]]></entry>
    <entry id="str_help_town_nomad_wagon_1"><![CDATA[{colour_start|town_activity_log_positive_result}[CLICK]{colour_end} on available items to purchase them.]]></entry>
    <entry id="str_help_town_quest_select_0"><![CDATA[{colour_start|town_activity_log_positive_result}[CLICK]{colour_end} on available quests to inspect them.]]></entry>
    <entry id="str_help_town_quest_select_1"><![CDATA[{colour_start|town_activity_log_positive_result}[CLICK]{colour_end} on heroes or {colour_start|town_activity_log_positive_result}[DRAG]{colour_end} them into the party slots to form an adventuring party.]]></entry>
    <entry id="str_help_town_quest_select_2"><![CDATA[Heroes that are in the Tavern, Abbey, or Sanitarium will be unavailable for use.]]></entry>
    <entry id="str_help_town_quest_select_3"><![CDATA[Complete quests in regions to advance your mastery in that region and open up new quest types.]]></entry>
    <entry id="str_help_town_quest_select_4"><![CDATA[{colour_start|town_activity_log_positive_result}[CLICK]{colour_end} "PROVISION" when ready to proceed.]]></entry>
    <entry id="str_help_town_provision_0"><![CDATA[{colour_start|town_activity_log_positive_result}[CLICK]{colour_end} items in the shop to purchase them for the expedition.]]></entry>
    <entry id="str_help_town_provision_1"><![CDATA[At quest end, unused provisions will be discarded without repayment. Buy only as much as you need!]]></entry>
    <entry id="str_help_town_provision_2"><![CDATA[You'll always want to carry some food and torches! Each hero generally eats 1 food unit per meal (Camping or Hunger event).]]></entry>
    <entry id="str_help_raid_room_0"><![CDATA[{colour_start|town_activity_log_positive_result}[CLICK]{colour_end} on a room in the map to begin moving to that room.]]></entry>
    <entry id="str_help_raid_room_1"><![CDATA[{colour_start|town_activity_log_positive_result}[CLICK]{colour_end} on a hero to select them.]]></entry>
    <entry id="str_help_raid_room_2"><![CDATA[{colour_start|town_activity_log_positive_result}[CLICK]{colour_end} on a hero's move skill to change their party position.]]></entry>
    <entry id="str_help_raid_room_3"><![CDATA[{colour_start|town_activity_log_positive_result}[CLICK]{colour_end} on firewood in inventory (if you have any) to start CAMPING.]]></entry>
    <entry id="str_help_raid_room_4"><![CDATA[{colour_start|town_activity_log_positive_result}[MOUSE OVER]{colour_end} the torch meter to see current light level and gameplay effects.]]></entry>
    <entry id="str_help_raid_room_5"><![CDATA[{colour_start|town_activity_log_positive_result}[CLICK]{colour_end} on retreat flag to abandon the quest.]]></entry>
    <entry id="str_help_raid_room_6"><![CDATA[While interacting with an object: {colour_start|town_activity_log_positive_result}[RIGHT-CLICK]{colour_end} an inventory item to apply it to the object. Some items will yield positive effects.]]></entry>
    <entry id="str_help_raid_room_7"><![CDATA[Use {colour_start|town_activity_log_positive_result}[MOUSEWHEEL]{colour_end} to zoom map and {colour_start|town_activity_log_positive_result}[RIGHT-CLICK]{colour_end} and {colour_start|town_activity_log_positive_result}[DRAG]{colour_end} to pan map.]]></entry>
    <entry id="str_help_raid_room_8"><![CDATA[{colour_start|town_activity_log_positive_result}[RIGHT-CLICK]{colour_end} a hero or press {colour_start|town_activity_log_positive_result}[C]{colour_end} to see their detailed character sheet.]]></entry>
    <entry id="[pc]str_help_raid_room_9"><![CDATA[{colour_start|town_activity_log_positive_result}[T]{colour_end} to use a torch from inventory.]]></entry>
    <entry id="str_help_raid_hallway_0"><![CDATA[Press {colour_start|town_activity_log_positive_result}[D]{colour_end} to walk forward, {colour_start|town_activity_log_positive_result}[A]{colour_end} to walk backward.]]></entry>
    <entry id="str_help_raid_hallway_1"><![CDATA[{colour_start|town_activity_log_positive_result}[CLICK]{colour_end} on a hero's move skill to change their party position.]]></entry>
    <entry id="str_help_raid_hallway_2"><![CDATA[Entering Doors: When in front of a door, {colour_start|town_activity_log_positive_result}[CLICK]{colour_end} on it or press {colour_start|town_activity_log_positive_result}[W]{colour_end}.]]></entry>
    <entry id="str_help_raid_hallway_3"><![CDATA[Use {colour_start|town_activity_log_positive_result}[MOUSEWHEEL]{colour_end} to zoom map and {colour_start|town_activity_log_positive_result}[RIGHT-CLICK]{colour_end} and {colour_start|town_activity_log_positive_result}[DRAG]{colour_end} to pan map.]]></entry>
    <entry id="str_help_raid_hallway_4"><![CDATA[{colour_start|town_activity_log_positive_result}[CLICK]{colour_end} on objects or press {colour_start|town_activity_log_positive_result}[W]{colour_end} to interact with them. The selected hero will perform the interaction.]]></entry>
    <entry id="str_help_raid_hallway_5"><![CDATA[{colour_start|town_activity_log_positive_result}[RIGHT-CLICK]{colour_end} a hero or press {colour_start|town_activity_log_positive_result}[C]{colour_end} to see their detailed character sheet.]]></entry>
    <entry id="str_help_raid_hallway_6"><![CDATA[{colour_start|town_activity_log_positive_result}[CLICK]{colour_end} on the INVENTORY tab to examine supplies.]]></entry>
    <entry id="[pc]str_help_raid_hallway_7"><![CDATA[{colour_start|town_activity_log_positive_result}[CLICK]{colour_end} on the PERSONALITY tab to see the current hero's quirks and afflictions.]]></entry>
    <entry id="[pc]str_help_raid_hallway_8"><![CDATA[{colour_start|town_activity_log_positive_result}[CLICK]{colour_end} on the retreat flag to abandon the quest.]]></entry>
    <entry id="[pc]str_help_raid_hallway_9"><![CDATA[{colour_start|town_activity_log_positive_result}[T]{colour_end} to use a torch from inventory.]]></entry>
    <entry id="str_help_raid_combat_0"><![CDATA[On hero's turn, {colour_start|town_activity_log_positive_result}[CLICK]{colour_end} a valid combat skill and then {colour_start|town_activity_log_positive_result}[CLICK]{colour_end} a target to act. You can also use {colour_start|town_activity_log_positive_result}[# keys]{colour_end} 1-5 to quickly select a skill.]]></entry>
    <entry id="str_help_raid_combat_1"><![CDATA[Each skill has different requirements for where the hero needs to be standing and what enemies they can target. {colour_start|town_activity_log_positive_result}[MOUSE OVER]{colour_end} the skill to se the requirements.]]></entry>
    <entry id="str_help_raid_combat_2"><![CDATA[{colour_start|town_activity_log_positive_result}[MOUSE OVER]{colour_end} enemies to see stats and chances to hit/damage/crit with currently selected skill.]]></entry>
    <entry id="str_help_raid_combat_3"><![CDATA[{colour_start|town_activity_log_positive_result}[RIGHT-CLICK]{colour_end} on Anti-Venom or Bandages in inventory to heal BLIGHT or BLEED on the current hero.]]></entry>
    <entry id="str_help_raid_combat_4"><![CDATA[{colour_start|town_activity_log_positive_result}[CLICK]{colour_end} on Retreat Flag to attempt to retreat from the combat.]]></entry>
    <entry id="str_help_raid_combat_5"><![CDATA[{colour_start|town_activity_log_positive_result}[RIGHT-CLICK]{colour_end} on a hero to see their detailed character sheet.]]></entry>
    <entry id="str_help_raid_camping_0"><![CDATA[{colour_start|town_activity_log_positive_result}[CLICK]{colour_end} on meal options to choose how much to eat. You are limited by how much food you have in inventory.]]></entry>
    <entry id="str_help_raid_camping_1"><![CDATA[Your party has {colour_start|town_activity_log_positive_result}[10 ACTION POINTS]{colour_end} to spend on using Camping skills.]]></entry>
    <entry id="str_help_raid_camping_2"><![CDATA[{colour_start|town_activity_log_positive_result}[CLICK]{colour_end} on a hero and then {colour_start|town_activity_log_positive_result}[CLICK]{colour_end} on their skill to use it. Some skills require a target to be selected.]]></entry>
    <entry id="str_help_raid_camping_3"><![CDATA[When done spending ACTION POINTS, {colour_start|town_activity_log_positive_result}[CLICK]{colour_end} "REST" to finish Camping.]]></entry>
    <entry id="str_crypts_tip"><![CDATA[The Ruins bear all the signs of your Ancestor's frenzied digging...]]></entry>
    <entry id="str_crypts_tip"><![CDATA[Once-holy idols and shrines have been corrupted to favor pagan gods. Holy Water can help restore them to their rightful condition.]]></entry>
    <entry id="str_crypts_tip"><![CDATA[The undead will not bleed, but they can be blighted.]]></entry>
    <entry id="str_crypts_tip"><![CDATA[If you live for risk and darkness, by all means bring few torches...]]></entry>
    <entry id="str_crypts_tip"><![CDATA[Each region has its own challenges. Assemble your party and supplies accordingly.]]></entry>
    <entry id="str_crypts_tip"><![CDATA[A well-placed supply item can often protect against the hazards of interactive objects you encounter.]]></entry>
    <entry id="str_crypts_tip"><![CDATA[You can retreat from combat and even abandon quests. If things are going terribly, live to fight another day.]]></entry>
    <entry id="str_crypts_tip"><![CDATA[Skeletons with high PROT are susceptible to blight attacks.]]></entry>
    <entry id="str_plot_kill_necromancer_1_tip"><![CDATA[Ancestor's Memoirs - The Necromancer (1 / 3)]]></entry>
    <entry id="str_plot_kill_necromancer_2_tip"><![CDATA[Ancestor's Memoirs - The Necromancer (2 / 3)]]></entry>
    <entry id="str_plot_kill_necromancer_3_tip"><![CDATA[Ancestor's Memoirs - The Necromancer (3 / 3)]]></entry>
    <entry id="str_plot_kill_prophet_1_tip"><![CDATA[Ancestor's Memoirs - The Prophet (1 / 3)]]></entry>
    <entry id="str_plot_kill_prophet_2_tip"><![CDATA[Ancestor's Memoirs - The Prophet (2 / 3)]]></entry>
    <entry id="str_plot_kill_prophet_3_tip"><![CDATA[Ancestor's Memoirs - The Prophet (3 / 3)]]></entry>
    <entry id="str_weald_tip"><![CDATA[Beast and corrupted human alike inhabit these failing groves.]]></entry>
    <entry id="str_weald_tip"><![CDATA[The Weald is full of long, winding paths. Bring plenty of torches.]]></entry>
    <entry id="str_weald_tip"><![CDATA[Beware the mark of death that Fungal Artillery can put on you. It tells their Fungal Zombie brethren what to kill.]]></entry>
    <entry id="str_weald_tip"><![CDATA[The paths are littered with poisonous traps.]]></entry>
    <entry id="str_weald_tip"><![CDATA[Beast and corrupted human alike inhabit these failing groves.]]></entry>
    <entry id="str_weald_tip"><![CDATA[If you live for risk and darkness, by all means bring few torches...]]></entry>
    <entry id="str_weald_tip"><![CDATA[Each region has its own challenges. Assemble your party and supplies accordingly.]]></entry>
    <entry id="str_weald_tip"><![CDATA[A well-placed supply item can often protect against the hazards of interactive objects you encounter.]]></entry>
    <entry id="str_weald_tip"><![CDATA[You can retreat from combat and even abandon quests. If things are going terribly, live to fight another day.]]></entry>
    <entry id="str_weald_tip"><![CDATA[Blight and bleed damage ignore the enemy's protection (PROT).]]></entry>
    <entry id="str_plot_kill_hag_1_tip"><![CDATA[Ancestor's Memoirs - The Hag (1 / 3)]]></entry>
    <entry id="str_plot_kill_hag_2_tip"><![CDATA[Ancestor's Memoirs - The Hag (2 / 3)]]></entry>
    <entry id="str_plot_kill_hag_3_tip"><![CDATA[Ancestor's Memoirs - The Hag (3 / 3)]]></entry>
    <entry id="str_plot_kill_brigand_cannon_1_tip"><![CDATA[Ancestor's Memoirs - The Cannon (1 / 3)]]></entry>
    <entry id="str_plot_kill_brigand_cannon_2_tip"><![CDATA[Ancestor's Memoirs - The Cannon (2 / 3)]]></entry>
    <entry id="str_plot_kill_brigand_cannon_3_tip"><![CDATA[Ancestor's Memoirs - The Cannon (3 / 3)]]></entry>
    <entry id="str_warrens_tip"><![CDATA[The Warrens is full of disease and blight in equal measure... come prepared to deal with sickness.]]></entry>
    <entry id="str_warrens_tip"><![CDATA[The Swine are resistant to disease, thanks to their unclean living.]]></entry>
    <entry id="str_warrens_tip"><![CDATA[The tunnels are often blocked by piled stones and bodies. It's dirty work to remove by hand.]]></entry>
    <entry id="str_warrens_tip"><![CDATA[The Warrens is full of disease and blight in equal measure... come prepared to deal with sickness.]]></entry>
    <entry id="str_warrens_tip"><![CDATA[The Swine are resistant to disease, thanks to their unclean living.]]></entry>
    <entry id="str_warrens_tip"><![CDATA[These tunnels are often blocked by piled stones and bodies. It's dirty work to remove by hand.]]></entry>
    <entry id="str_warrens_tip"><![CDATA[If you live for risk and darkness, by all means bring few torches...]]></entry>
    <entry id="str_warrens_tip"><![CDATA[Each region has its own challenges. Assemble your party and supplies accordingly.]]></entry>
    <entry id="str_warrens_tip"><![CDATA[A well-placed supply item can often protect against the hazards of interactive objects you encounter.]]></entry>
    <entry id="str_warrens_tip"><![CDATA[You can retreat from combat and even abandon quests. If things are going terribly, live to fight another day.]]></entry>
    <entry id="str_warrens_tip"><![CDATA[Blight and bleed damage ignore the enemy's protection (PROT).]]></entry>
    <entry id="str_town_title"><![CDATA[Hamlet]]></entry>
    <entry id="str_town_tip"><![CDATA[Upon returning to the Hamlet, be sure to check the Activity Log to see what has transpired in your absence.]]></entry>
    <entry id="str_town_tip"><![CDATA[Stagecoach upgrades are vital to the long-term health of your roster, and your Hamlet!]]></entry>
    <entry id="str_town_tip"><![CDATA[Medical Ward treatments can sometimes wipe out more than one Disease.]]></entry>
    <entry id="str_town_tip"><![CDATA[Short on gold?  Sell unwanted trinkets directly from your trinket inventory!]]></entry>
    <entry id="str_town_tip"><![CDATA[A red question mark on a hero's portrait indicates they are unavailable for the week.]]></entry>
    <entry id="str_town_tip"><![CDATA[Heroes can be renamed and recolored in the character panel.]]></entry>
    <entry id="str_town_tip"><![CDATA[Afflictions are removed by placing a hero in any {colour_start|stressNOT1}stress{colour_end} treatment activity.]]></entry>
    <entry id="str_plot_kill_swine_prince_1_tip"><![CDATA[Ancestor's Memoirs - The Swine Prince (1 / 3)]]></entry>
    <entry id="str_plot_kill_swine_prince_2_tip"><![CDATA[Ancestor's Memoirs - The Swine Prince (2 / 3)]]></entry>
    <entry id="str_plot_kill_swine_prince_3_tip"><![CDATA[Ancestor's Memoirs - The Swine Prince (3 / 3)]]></entry>
    <entry id="str_plot_kill_formless_flesh_1_tip"><![CDATA[Ancestor's Memoirs - The Flesh (1 / 3)]]></entry>
    <entry id="str_plot_kill_formless_flesh_2_tip"><![CDATA[Ancestor's Memoirs - The Flesh (2 / 3)]]></entry>
    <entry id="str_plot_kill_formless_flesh_3_tip"><![CDATA[Ancestor's Memoirs - The Flesh (3 / 3)]]></entry>
    <entry id="str_cove_tip"><![CDATA[The fishfolk's scaled skin affords them increased resistance to bleeding attacks.]]></entry>
    <entry id="str_cove_tip"><![CDATA[Thralls will explode if left for too long!]]></entry>
    <entry id="str_cove_tip"><![CDATA[Tentacled Lurkers lie in wait just below the water's surface...tread carefully.]]></entry>
    <entry id="str_plot_kill_siren_1_tip"><![CDATA[Ancestor's Memoirs - The Siren (1 / 3)]]></entry>
    <entry id="str_plot_kill_siren_2_tip"><![CDATA[Ancestor's Memoirs - The Siren (2 / 3)]]></entry>
    <entry id="str_plot_kill_siren_3_tip"><![CDATA[Ancestor's Memoirs - The Siren (3 / 3)]]></entry>
    <entry id="str_plot_kill_drowned_crew_1_tip"><![CDATA[Ancestor's Memoirs - The Drowned Crew (1 / 3)]]></entry>
    <entry id="str_plot_kill_drowned_crew_2_tip"><![CDATA[Ancestor's Memoirs - The Drowned Crew (2 / 3)]]></entry>
    <entry id="str_plot_kill_drowned_crew_3_tip"><![CDATA[Ancestor's Memoirs - The Drowned Crew (3 / 3)]]></entry>
    <entry id="str_loading_screen_continue"><![CDATA[Press {colour_start|town_activity_log_positive_result}[SPACE]{colour_end} or {colour_start|town_activity_log_positive_result}[CLICK]{colour_end} to Continue]]></entry>
  </language>
</root>

