<?xml version="1.0" encoding="UTF-8"?>
<root>
  <language id="english">
    <entry id="hero_class_name_crusader"><![CDATA[Crusader]]></entry>
    <entry id="hero_class_name_bounty_hunter"><![CDATA[Bounty Hunter]]></entry>
    <entry id="hero_class_name_vestal"><![CDATA[Vestal]]></entry>
    <entry id="hero_class_name_plague_doctor"><![CDATA[Plague Doctor]]></entry>
    <entry id="hero_class_name_grave_robber"><![CDATA[Grave Robber]]></entry>
    <entry id="hero_class_name_occultist"><![CDATA[Occultist]]></entry>
    <entry id="hero_class_name_highwayman"><![CDATA[Highwayman]]></entry>
    <entry id="hero_class_name_hellion"><![CDATA[Hellion]]></entry>
    <entry id="hero_class_name_jester"><![CDATA[Jester]]></entry>
    <entry id="hero_class_name_leper"><![CDATA[Leper]]></entry>
    <entry id="hero_class_name_arbalest"><![CDATA[Arbalest]]></entry>
    <entry id="hero_class_name_man_at_arms"><![CDATA[Man-at-Arms]]></entry>
    <entry id="hero_class_name_houndmaster"><![CDATA[Houndmaster]]></entry>
    <entry id="hero_class_name_abomination"><![CDATA[Abomination]]></entry>
    <entry id="combat_skill_name_level_format"><![CDATA[%s %d]]></entry>
    <entry id="combat_skill_name_crusader_smite"><![CDATA[Smite]]></entry>
    <entry id="combat_skill_name_crusader_zealous_accusation"><![CDATA[Zealous Accusation]]></entry>
    <entry id="combat_skill_name_crusader_stunning_blow"><![CDATA[Stunning Blow]]></entry>
    <entry id="combat_skill_name_crusader_bulwark_of_faith"><![CDATA[Bulwark of Faith]]></entry>
    <entry id="combat_skill_name_crusader_battle_heal"><![CDATA[Battle Heal]]></entry>
    <entry id="combat_skill_name_crusader_holy_lance"><![CDATA[Holy Lance]]></entry>
    <entry id="combat_skill_name_crusader_inspiring_cry"><![CDATA[Inspiring Cry]]></entry>
    <entry id="combat_skill_name_crusader_move"><![CDATA[Move]]></entry>
    <entry id="upgrade_tree_name_crusader.smite"><![CDATA[Smite]]></entry>
    <entry id="upgrade_tree_name_crusader.zealous_accusation"><![CDATA[Zealous Accusation]]></entry>
    <entry id="upgrade_tree_name_crusader.stunning_blow"><![CDATA[Stunning Blow]]></entry>
    <entry id="upgrade_tree_name_crusader.bulwark_of_faith"><![CDATA[Bulwark of Faith]]></entry>
    <entry id="upgrade_tree_name_crusader.battle_heal"><![CDATA[Battle Heal]]></entry>
    <entry id="upgrade_tree_name_crusader.holy_lance"><![CDATA[Holy Lance]]></entry>
    <entry id="upgrade_tree_name_crusader.inspiring_cry"><![CDATA[Inspiring Cry]]></entry>
    <entry id="combat_skill_name_factotum_bold_slice"><![CDATA[Bold Slice]]></entry>
    <entry id="combat_skill_name_factotum_pistol_shot"><![CDATA[Pistol Shot]]></entry>
    <entry id="combat_skill_name_factotum_point_blank_shot"><![CDATA[Point Blank Shot]]></entry>
    <entry id="combat_skill_name_factotum_grape_shot_blast"><![CDATA[Grapeshot Blast]]></entry>
    <entry id="combat_skill_name_factotum_move"><![CDATA[Move]]></entry>
    <entry id="combat_skill_name_highwayman_wicked_slice"><![CDATA[Wicked Slice]]></entry>
    <entry id="combat_skill_name_highwayman_pistol_shot"><![CDATA[Pistol Shot]]></entry>
    <entry id="combat_skill_name_highwayman_point_blank_shot"><![CDATA[Point Blank Shot]]></entry>
    <entry id="combat_skill_name_highwayman_grape_shot_blast"><![CDATA[Grapeshot Blast]]></entry>
    <entry id="combat_skill_name_highwayman_take_aim"><![CDATA[Tracking Shot]]></entry>
    <entry id="combat_skill_name_highwayman_duelist_advance"><![CDATA[Duelist's Advance]]></entry>
    <entry id="combat_skill_name_highwayman_opened_vein"><![CDATA[Open Vein]]></entry>
    <entry id="combat_skill_name_highwayman_move"><![CDATA[Move]]></entry>
    <entry id="upgrade_tree_name_highwayman.wicked_slice"><![CDATA[Wicked Slice]]></entry>
    <entry id="upgrade_tree_name_highwayman.pistol_shot"><![CDATA[Pistol Shot]]></entry>
    <entry id="upgrade_tree_name_highwayman.point_blank_shot"><![CDATA[Point Blank Shot]]></entry>
    <entry id="upgrade_tree_name_highwayman.grape_shot_blast"><![CDATA[Grapeshot Blast]]></entry>
    <entry id="upgrade_tree_name_highwayman.take_aim"><![CDATA[Take Aim]]></entry>
    <entry id="upgrade_tree_name_highwayman.duelist_advance"><![CDATA[Duelist's Advance]]></entry>
    <entry id="upgrade_tree_name_highwayman.opened_vein"><![CDATA[Open Vein]]></entry>
    <entry id="combat_skill_name_plague_doctor_noxious_blast"><![CDATA[Noxious Blast]]></entry>
    <entry id="combat_skill_name_plague_doctor_plague_grenade"><![CDATA[Plague Grenade]]></entry>
    <entry id="combat_skill_name_plague_doctor_blinding_gas"><![CDATA[Blinding Gas]]></entry>
    <entry id="combat_skill_name_plague_doctor_incision"><![CDATA[Incision]]></entry>
    <entry id="combat_skill_name_plague_doctor_battlefield_medicine"><![CDATA[Battlefield Medicine]]></entry>
    <entry id="combat_skill_name_plague_doctor_emboldening_vapours"><![CDATA[Emboldening Vapours]]></entry>
    <entry id="combat_skill_name_plague_doctor_disorienting_blast"><![CDATA[Disorienting Blast]]></entry>
    <entry id="combat_skill_name_plague_doctor_move"><![CDATA[Move]]></entry>
    <entry id="upgrade_tree_name_plague_doctor.noxious_blast"><![CDATA[Noxious Blast]]></entry>
    <entry id="upgrade_tree_name_plague_doctor.plague_grenade"><![CDATA[Plague Grenade]]></entry>
    <entry id="upgrade_tree_name_plague_doctor.blinding_gas"><![CDATA[Blinding Gas]]></entry>
    <entry id="upgrade_tree_name_plague_doctor.incision"><![CDATA[Incision]]></entry>
    <entry id="upgrade_tree_name_plague_doctor.battlefield_medicine"><![CDATA[Battlefield Medicine]]></entry>
    <entry id="upgrade_tree_name_plague_doctor.emboldening_vapours"><![CDATA[Emboldening Vapours]]></entry>
    <entry id="upgrade_tree_name_plague_doctor.disorienting_blast"><![CDATA[Disorienting Blast]]></entry>
    <entry id="combat_skill_name_vestal_judgement"><![CDATA[Judgement]]></entry>
    <entry id="combat_skill_name_vestal_mace_bash"><![CDATA[Mace Bash]]></entry>
    <entry id="combat_skill_name_vestal_dazzling_light"><![CDATA[Dazzling Light]]></entry>
    <entry id="combat_skill_name_vestal_divine_grace"><![CDATA[Divine Grace]]></entry>
    <entry id="combat_skill_name_vestal_gods_comfort"><![CDATA[Divine Comfort]]></entry>
    <entry id="combat_skill_name_vestal_gods_hand"><![CDATA[Hand of Light]]></entry>
    <entry id="combat_skill_name_vestal_gods_illumination"><![CDATA[Illumination]]></entry>
    <entry id="combat_skill_name_vestal_move"><![CDATA[Move]]></entry>
    <entry id="upgrade_tree_name_vestal.judgement"><![CDATA[Judgement]]></entry>
    <entry id="upgrade_tree_name_vestal.mace_bash"><![CDATA[Mace Bash]]></entry>
    <entry id="upgrade_tree_name_vestal.dazzling_light"><![CDATA[Dazzling Light]]></entry>
    <entry id="upgrade_tree_name_vestal.divine_grace"><![CDATA[Divine Grace]]></entry>
    <entry id="upgrade_tree_name_vestal.gods_comfort"><![CDATA[Divine Comfort]]></entry>
    <entry id="upgrade_tree_name_vestal.gods_hand"><![CDATA[Hand of Light]]></entry>
    <entry id="upgrade_tree_name_vestal.gods_illumination"><![CDATA[Illumination]]></entry>
    <entry id="combat_skill_name_grave_robber_pick"><![CDATA[Pick to the Face]]></entry>
    <entry id="combat_skill_name_grave_robber_lunge"><![CDATA[Lunge]]></entry>
    <entry id="combat_skill_name_grave_robber_flashing_daggers"><![CDATA[Flashing Daggers]]></entry>
    <entry id="combat_skill_name_grave_robber_shadow_fade"><![CDATA[Shadow Fade]]></entry>
    <entry id="combat_skill_name_grave_robber_thrown_dagger"><![CDATA[Thrown Dagger]]></entry>
    <entry id="combat_skill_name_grave_robber_poison_dart"><![CDATA[Poison Darts]]></entry>
    <entry id="combat_skill_name_grave_robber_toxin_trickery"><![CDATA[Toxin Trickery]]></entry>
    <entry id="combat_skill_name_grave_robber_move"><![CDATA[Move]]></entry>
    <entry id="upgrade_tree_name_grave_robber.pick"><![CDATA[Pick to the Face]]></entry>
    <entry id="upgrade_tree_name_grave_robber.lunge"><![CDATA[Lunge]]></entry>
    <entry id="upgrade_tree_name_grave_robber.flashing_daggers"><![CDATA[Flashing Daggers]]></entry>
    <entry id="upgrade_tree_name_grave_robber.shadow_fade"><![CDATA[Shadow Fade]]></entry>
    <entry id="upgrade_tree_name_grave_robber.thrown_dagger"><![CDATA[Thrown Dagger]]></entry>
    <entry id="upgrade_tree_name_grave_robber.poison_dart"><![CDATA[Poison Darts]]></entry>
    <entry id="upgrade_tree_name_grave_robber.toxin_trickery"><![CDATA[Toxin Trickery]]></entry>
    <entry id="combat_skill_name_hellion_wicked_hack"><![CDATA[Wicked Hack]]></entry>
    <entry id="combat_skill_name_hellion_iron_swan"><![CDATA[Iron Swan]]></entry>
    <entry id="combat_skill_name_hellion_barbaric_yawp"><![CDATA[Barbaric YAWP!]]></entry>
    <entry id="combat_skill_name_hellion_if_it_bleeds"><![CDATA[If It Bleeds]]></entry>
    <entry id="combat_skill_name_hellion_breakthru"><![CDATA[Breakthrough]]></entry>
    <entry id="combat_skill_name_hellion_adrenaline_rush"><![CDATA[Adrenaline Rush]]></entry>
    <entry id="combat_skill_name_hellion_bleed_out"><![CDATA[Bleed Out]]></entry>
    <entry id="combat_skill_name_hellion_move"><![CDATA[Move]]></entry>
    <entry id="upgrade_tree_name_hellion.wicked_hack"><![CDATA[Wicked Hack]]></entry>
    <entry id="upgrade_tree_name_hellion.iron_swan"><![CDATA[Iron Swan]]></entry>
    <entry id="upgrade_tree_name_hellion.barbaric_yawp"><![CDATA[Barbaric YAWP!]]></entry>
    <entry id="upgrade_tree_name_hellion.if_it_bleeds"><![CDATA[If It Bleeds]]></entry>
    <entry id="upgrade_tree_name_hellion.breakthru"><![CDATA[Breakthrough]]></entry>
    <entry id="upgrade_tree_name_hellion.adrenaline_rush"><![CDATA[Adrenaline Rush]]></entry>
    <entry id="upgrade_tree_name_hellion.bleed_out"><![CDATA[Bleed Out]]></entry>
    <entry id="combat_skill_name_bounty_hunter_collect_bounty"><![CDATA[Collect Bounty]]></entry>
    <entry id="combat_skill_name_bounty_hunter_target_tag"><![CDATA[Mark for Death]]></entry>
    <entry id="combat_skill_name_bounty_hunter_come_hither"><![CDATA[Come Hither]]></entry>
    <entry id="combat_skill_name_bounty_hunter_uppercut"><![CDATA[Uppercut]]></entry>
    <entry id="combat_skill_name_bounty_hunter_flashbang"><![CDATA[Flashbang]]></entry>
    <entry id="combat_skill_name_bounty_hunter_finish_him"><![CDATA[Finish Him]]></entry>
    <entry id="combat_skill_name_bounty_hunter_hook_and_slice"><![CDATA[Hook and Slice]]></entry>
    <entry id="combat_skill_name_bounty_hunter_move"><![CDATA[Move]]></entry>
    <entry id="upgrade_tree_name_bounty_hunter.collect_bounty"><![CDATA[Collect Bounty]]></entry>
    <entry id="upgrade_tree_name_bounty_hunter.target_tag"><![CDATA[Mark for Death]]></entry>
    <entry id="upgrade_tree_name_bounty_hunter.come_hither"><![CDATA[Come Hither]]></entry>
    <entry id="upgrade_tree_name_bounty_hunter.uppercut"><![CDATA[Uppercut]]></entry>
    <entry id="upgrade_tree_name_bounty_hunter.flashbang"><![CDATA[Flashbang]]></entry>
    <entry id="upgrade_tree_name_bounty_hunter.finish_him"><![CDATA[Finish Him]]></entry>
    <entry id="upgrade_tree_name_bounty_hunter.hook_and_slice"><![CDATA[Hook and Slice]]></entry>
    <entry id="combat_skill_name_occultist_bloodlet"><![CDATA[Sacrificial Stab]]></entry>
    <entry id="combat_skill_name_occultist_abyssal_artillery"><![CDATA[Abyssal Artillery]]></entry>
    <entry id="combat_skill_name_occultist_weakening_curse"><![CDATA[Weakening Curse]]></entry>
    <entry id="combat_skill_name_occultist_wyrd_reconstruction"><![CDATA[Wyrd Reconstruction]]></entry>
    <entry id="combat_skill_name_occultist_disruptive_curse"><![CDATA[Vulnerability Hex]]></entry>
    <entry id="combat_skill_name_occultist_hands_from_abyss"><![CDATA[Hands from the Abyss]]></entry>
    <entry id="combat_skill_name_occultist_daemons_pull"><![CDATA[Daemon's Pull]]></entry>
    <entry id="combat_skill_name_occultist_move"><![CDATA[Move]]></entry>
    <entry id="upgrade_tree_name_occultist.bloodlet"><![CDATA[Sacrificial Stab]]></entry>
    <entry id="upgrade_tree_name_occultist.abyssal_artillery"><![CDATA[Abyssal Artillery]]></entry>
    <entry id="upgrade_tree_name_occultist.weakening_curse"><![CDATA[Weakening Curse]]></entry>
    <entry id="upgrade_tree_name_occultist.wyrd_reconstruction"><![CDATA[Wyrd Reconstruction]]></entry>
    <entry id="upgrade_tree_name_occultist.disruptive_curse"><![CDATA[Vulnerability Hex]]></entry>
    <entry id="upgrade_tree_name_occultist.hands_from_abyss"><![CDATA[Hands from the Abyss]]></entry>
    <entry id="upgrade_tree_name_occultist.daemons_pull"><![CDATA[Daemon's Pull]]></entry>
    <entry id="combat_skill_name_jester_dirk_stab"><![CDATA[Dirk Stab]]></entry>
    <entry id="combat_skill_name_jester_harvest"><![CDATA[Harvest]]></entry>
    <entry id="combat_skill_name_jester_heroic_end"><![CDATA[Finale]]></entry>
    <entry id="combat_skill_name_jester_inspiring_tune"><![CDATA[Inspiring Tune]]></entry>
    <entry id="combat_skill_name_jester_slice_off"><![CDATA[Slice Off]]></entry>
    <entry id="combat_skill_name_jester_battle_ballad"><![CDATA[Battle Ballad]]></entry>
    <entry id="combat_skill_name_jester_solo"><![CDATA[Solo]]></entry>
    <entry id="combat_skill_name_jester_move"><![CDATA[Move]]></entry>
    <entry id="upgrade_tree_name_jester.dirk_stab"><![CDATA[Dirk Stab]]></entry>
    <entry id="upgrade_tree_name_jester.harvest"><![CDATA[Harvest]]></entry>
    <entry id="upgrade_tree_name_jester.heroic_end"><![CDATA[Finale]]></entry>
    <entry id="upgrade_tree_name_jester.inspiring_tune"><![CDATA[Inspiring Tune]]></entry>
    <entry id="upgrade_tree_name_jester.slice_off"><![CDATA[Slice Off]]></entry>
    <entry id="upgrade_tree_name_jester.battle_ballad"><![CDATA[Battle Ballad]]></entry>
    <entry id="upgrade_tree_name_jester.solo"><![CDATA[Solo]]></entry>
    <entry id="combat_skill_name_leper_chop"><![CDATA[Chop]]></entry>
    <entry id="combat_skill_name_leper_hew"><![CDATA[Hew]]></entry>
    <entry id="combat_skill_name_leper_focus"><![CDATA[Purge]]></entry>
    <entry id="combat_skill_name_leper_revenge"><![CDATA[Revenge]]></entry>
    <entry id="combat_skill_name_leper_solemnity"><![CDATA[Solemnity]]></entry>
    <entry id="combat_skill_name_leper_withstand"><![CDATA[Withstand]]></entry>
    <entry id="combat_skill_name_leper_intimidate"><![CDATA[Intimidate]]></entry>
    <entry id="combat_skill_name_leper_move"><![CDATA[Move]]></entry>
    <entry id="upgrade_tree_name_leper.chop"><![CDATA[Chop]]></entry>
    <entry id="upgrade_tree_name_leper.hew"><![CDATA[Hew]]></entry>
    <entry id="upgrade_tree_name_leper.focus"><![CDATA[Purge]]></entry>
    <entry id="upgrade_tree_name_leper.revenge"><![CDATA[Revenge]]></entry>
    <entry id="upgrade_tree_name_leper.solemnity"><![CDATA[Solemnity]]></entry>
    <entry id="upgrade_tree_name_leper.withstand"><![CDATA[Withstand]]></entry>
    <entry id="upgrade_tree_name_leper.intimidate"><![CDATA[Intimidate]]></entry>
    <entry id="combat_skill_name_arbalest_sniper_shot"><![CDATA[Sniper Shot]]></entry>
    <entry id="combat_skill_name_arbalest_suppressing_fire"><![CDATA[Suppressing Fire]]></entry>
    <entry id="combat_skill_name_arbalest_sniper_mark"><![CDATA[Sniper's Mark]]></entry>
    <entry id="combat_skill_name_arbalest_bola"><![CDATA[Bola]]></entry>
    <entry id="combat_skill_name_arbalest_blindfire"><![CDATA[Blindfire]]></entry>
    <entry id="combat_skill_name_arbalest_battlefield_bandage"><![CDATA[Battlefield Bandage]]></entry>
    <entry id="combat_skill_name_arbalest_flare"><![CDATA[Rallying Flare]]></entry>
    <entry id="combat_skill_name_arbalest_move"><![CDATA[Move]]></entry>
    <entry id="upgrade_tree_name_arbalest.sniper_shot"><![CDATA[Sniper Shot]]></entry>
    <entry id="upgrade_tree_name_arbalest.suppressing_fire"><![CDATA[Suppressing Fire]]></entry>
    <entry id="upgrade_tree_name_arbalest.sniper_mark"><![CDATA[Sniper's Mark]]></entry>
    <entry id="upgrade_tree_name_arbalest.bola"><![CDATA[Bola]]></entry>
    <entry id="upgrade_tree_name_arbalest.blindfire"><![CDATA[Blindfire]]></entry>
    <entry id="upgrade_tree_name_arbalest.battlefield_bandage"><![CDATA[Battlefield Bandage]]></entry>
    <entry id="upgrade_tree_name_arbalest.flare"><![CDATA[Rallying Flare]]></entry>
    <entry id="combat_skill_name_man_at_arms_crush"><![CDATA[Crush]]></entry>
    <entry id="combat_skill_name_man_at_arms_rampart"><![CDATA[Rampart]]></entry>
    <entry id="combat_skill_name_man_at_arms_bellow"><![CDATA[Bellow]]></entry>
    <entry id="combat_skill_name_man_at_arms_defender"><![CDATA[Defender]]></entry>
    <entry id="combat_skill_name_man_at_arms_retribution"><![CDATA[Retribution]]></entry>
    <entry id="combat_skill_name_man_at_arms_command"><![CDATA[Command]]></entry>
    <entry id="combat_skill_name_man_at_arms_bolster"><![CDATA[Bolster]]></entry>
    <entry id="combat_skill_name_man_at_arms_move"><![CDATA[Move]]></entry>
    <entry id="upgrade_tree_name_man_at_arms.crush"><![CDATA[Crush]]></entry>
    <entry id="upgrade_tree_name_man_at_arms.rampart"><![CDATA[Rampart]]></entry>
    <entry id="upgrade_tree_name_man_at_arms.bellow"><![CDATA[Bellow]]></entry>
    <entry id="upgrade_tree_name_man_at_arms.defender"><![CDATA[Defender]]></entry>
    <entry id="upgrade_tree_name_man_at_arms.retribution"><![CDATA[Retribution]]></entry>
    <entry id="upgrade_tree_name_man_at_arms.command"><![CDATA[Command]]></entry>
    <entry id="upgrade_tree_name_man_at_arms.bolster"><![CDATA[Bolster]]></entry>
    <entry id="combat_skill_name_houndmaster_hounds_rush"><![CDATA[Hound's Rush]]></entry>
    <entry id="combat_skill_name_houndmaster_hounds_harry"><![CDATA[Hound's Harry]]></entry>
    <entry id="combat_skill_name_houndmaster_whistle"><![CDATA[Target Whistle]]></entry>
    <entry id="combat_skill_name_houndmaster_howl"><![CDATA[Cry Havoc]]></entry>
    <entry id="combat_skill_name_houndmaster_guard_dog"><![CDATA[Guard Dog]]></entry>
    <entry id="combat_skill_name_houndmaster_lick_wounds"><![CDATA[Lick Wounds]]></entry>
    <entry id="combat_skill_name_houndmaster_blackjack"><![CDATA[Blackjack]]></entry>
    <entry id="combat_skill_name_houndmaster_move"><![CDATA[Move]]></entry>
    <entry id="upgrade_tree_name_houndmaster.hounds_rush"><![CDATA[Hound's Rush]]></entry>
    <entry id="upgrade_tree_name_houndmaster.hounds_harry"><![CDATA[Hound's Harry]]></entry>
    <entry id="upgrade_tree_name_houndmaster.whistle"><![CDATA[Target Whistle]]></entry>
    <entry id="upgrade_tree_name_houndmaster.howl"><![CDATA[Cry Havoc]]></entry>
    <entry id="upgrade_tree_name_houndmaster.guard_dog"><![CDATA[Guard Dog]]></entry>
    <entry id="upgrade_tree_name_houndmaster.lick_wounds"><![CDATA[Lick Wounds]]></entry>
    <entry id="upgrade_tree_name_houndmaster.blackjack"><![CDATA[Blackjack]]></entry>
    <entry id="combat_skill_name_abomination_transform"><![CDATA[Transform]]></entry>
    <entry id="combat_skill_name_abomination_manacles"><![CDATA[Manacles]]></entry>
    <entry id="combat_skill_name_abomination_vomit"><![CDATA[Beast's Bile]]></entry>
    <entry id="combat_skill_name_abomination_absolution"><![CDATA[Absolution]]></entry>
    <entry id="combat_skill_name_abomination_rake"><![CDATA[Rake]]></entry>
    <entry id="combat_skill_name_abomination_rage"><![CDATA[Rage]]></entry>
    <entry id="combat_skill_name_abomination_slam"><![CDATA[Slam]]></entry>
    <entry id="combat_skill_name_abomination_move"><![CDATA[Move]]></entry>
    <entry id="upgrade_tree_name_abomination.transform"><![CDATA[Transform]]></entry>
    <entry id="upgrade_tree_name_abomination.manacles"><![CDATA[Manacles]]></entry>
    <entry id="upgrade_tree_name_abomination.vomit"><![CDATA[Beast's Bile]]></entry>
    <entry id="upgrade_tree_name_abomination.absolution"><![CDATA[Absolution]]></entry>
    <entry id="upgrade_tree_name_abomination.rake"><![CDATA[Rake]]></entry>
    <entry id="upgrade_tree_name_abomination.rage"><![CDATA[Rage]]></entry>
    <entry id="upgrade_tree_name_abomination.slam"><![CDATA[Slam]]></entry>
    <entry id="camping_skill_name_encourage"><![CDATA[ENCOURAGE]]></entry>
    <entry id="camping_skill_name_first_aid"><![CDATA[WOUND CARE]]></entry>
    <entry id="camping_skill_name_pep_talk"><![CDATA[PEP TALK]]></entry>
    <entry id="camping_skill_name_hobby"><![CDATA[HOBBY]]></entry>
    <entry id="camping_skill_name_how_its_done"><![CDATA[THIS IS HOW WE DO IT]]></entry>
    <entry id="camping_skill_name_bear_traps"><![CDATA[BEAR TRAPS]]></entry>
    <entry id="camping_skill_name_tracking"><![CDATA[TRACKING]]></entry>
    <entry id="camping_skill_name_planned_takedown"><![CDATA[PLANNED TAKEDOWN]]></entry>
    <entry id="camping_skill_name_scout_ahead"><![CDATA[SCOUT AHEAD]]></entry>
    <entry id="camping_skill_name_unshakeable_leader"><![CDATA[UNSHAKEABLE LEADER]]></entry>
    <entry id="camping_skill_name_stand_tall"><![CDATA[STAND TALL]]></entry>
    <entry id="camping_skill_name_zealous_speech"><![CDATA[ZEALOUS SPEECH]]></entry>
    <entry id="camping_skill_name_zealous_vigil"><![CDATA[ZEALOUS VIGIL]]></entry>
    <entry id="camping_skill_name_forage"><![CDATA[SNUFF BOX]]></entry>
    <entry id="camping_skill_name_gallows_humor"><![CDATA[GALLOWS HUMOR]]></entry>
    <entry id="camping_skill_name_night_steps"><![CDATA[NIGHT MOVES]]></entry>
    <entry id="camping_skill_name_pilfer"><![CDATA[PILFER]]></entry>
    <entry id="camping_skill_name_battle_trance"><![CDATA[BATTLE TRANCE]]></entry>
    <entry id="camping_skill_name_revel"><![CDATA[REVEL]]></entry>
    <entry id="camping_skill_name_reject_the_gods"><![CDATA[REJECT THE GODS]]></entry>
    <entry id="camping_skill_name_sharpen_spear"><![CDATA[SHARPEN SPEAR]]></entry>
    <entry id="camping_skill_name_uncatchable"><![CDATA[UNPARALLELED FINESSE]]></entry>
    <entry id="camping_skill_name_clean_guns"><![CDATA[CLEAN GUNS]]></entry>
    <entry id="camping_skill_name_perimeter_alarms"><![CDATA[PERIMITER ALARMS]]></entry>
    <entry id="camping_skill_name_bandits_sense"><![CDATA[BANDIT'S SENSE]]></entry>
    <entry id="camping_skill_name_abandon_hope"><![CDATA[ABANDON HOPE]]></entry>
    <entry id="camping_skill_name_dark_ritual"><![CDATA[DARK RITUAL]]></entry>
    <entry id="camping_skill_name_dark_strength"><![CDATA[DARK STRENGTH]]></entry>
    <entry id="camping_skill_name_unspeakable_commune"><![CDATA[UNSPEAKABLE COMMUNE]]></entry>
    <entry id="camping_skill_name_experimental_vapours"><![CDATA[EXPERIMENTAL VAPOURS]]></entry>
    <entry id="camping_skill_name_leeches"><![CDATA[LEECHES]]></entry>
    <entry id="camping_skill_name_let_the_mask_down"><![CDATA[LET THE MASK DOWN]]></entry>
    <entry id="camping_skill_name_self_medicate"><![CDATA[SELF-MEDICATE]]></entry>
    <entry id="camping_skill_name_bless"><![CDATA[BLESS]]></entry>
    <entry id="camping_skill_name_chant"><![CDATA[CHANT]]></entry>
    <entry id="camping_skill_name_pray"><![CDATA[PRAY]]></entry>
    <entry id="camping_skill_name_sanctuary"><![CDATA[SANCTUARY]]></entry>
    <entry id="camping_skill_name_turn_back_time"><![CDATA[TURN BACK TIME]]></entry>
    <entry id="camping_skill_name_every_rose"><![CDATA[EVERY ROSE HAS ITS THORN]]></entry>
    <entry id="camping_skill_name_tigers_eye"><![CDATA[TIGER'S EYE]]></entry>
    <entry id="camping_skill_name_mockery"><![CDATA[MOCKERY]]></entry>
    <entry id="camping_skill_name_bloody_shroud"><![CDATA[BLOODY SHROUD]]></entry>
    <entry id="camping_skill_name_reflection"><![CDATA[REFLECTION]]></entry>
    <entry id="camping_skill_name_quarantine"><![CDATA[QUARANTINE]]></entry>
    <entry id="camping_skill_name_preventative_medicine"><![CDATA[THE CURE]]></entry>
    <entry id="camping_skill_name_field_dressing"><![CDATA[FIELD DRESSING]]></entry>
    <entry id="camping_skill_name_marching_plan"><![CDATA[MARCHING PLAN]]></entry>
    <entry id="camping_skill_name_restring_crossbow"><![CDATA[RESTRING CROSSBOW]]></entry>
    <entry id="camping_skill_name_triage"><![CDATA[TRIAGE]]></entry>
    <entry id="camping_skill_name_maintain_equipment"><![CDATA[MAINTAIN EQUIPMENT]]></entry>
    <entry id="camping_skill_name_tactics"><![CDATA[TACTICS]]></entry>
    <entry id="camping_skill_name_instruction"><![CDATA[INSTRUCTION]]></entry>
    <entry id="camping_skill_name_weapons_practice"><![CDATA[WEAPONS PRACTICE]]></entry>
    <entry id="camping_skill_name_hounds_watch"><![CDATA[HOUND'S WATCH]]></entry>
    <entry id="camping_skill_name_therapy_dog"><![CDATA[THERAPY DOG]]></entry>
    <entry id="camping_skill_name_pet_the_hound"><![CDATA[MAN'S BEST FRIEND]]></entry>
    <entry id="camping_skill_name_release_the_hound"><![CDATA[RELEASE THE HOUND]]></entry>
    <entry id="camping_skill_name_anger_management"><![CDATA[ANGER MANAGEMENT]]></entry>
    <entry id="camping_skill_name_psych_up"><![CDATA[PSYCH UP]]></entry>
    <entry id="camping_skill_name_eldritch_blood"><![CDATA[ELDRITCH BLOOD]]></entry>
    <entry id="camping_skill_name_the_quickening"><![CDATA[THE QUICKENING]]></entry>
    <entry id="camping_skill_selection_individual"><![CDATA[One Companion:]]></entry>
    <entry id="camping_skill_selection_party_other"><![CDATA[All Companions:]]></entry>
    <entry id="camping_skill_selection_self"><![CDATA[Self Only:]]></entry>
    <entry id="camping_skill_requirement_effect_format"><![CDATA[If %s: %s]]></entry>
    <entry id="camping_skill_chance_effect_format"><![CDATA[(%d%% chance) %s]]></entry>
    <entry id="camping_skill_requirement_afflicted"><![CDATA[{colour_start|afflictedNOT1}afflicted{colour_end}]]></entry>
    <entry id="camping_skill_requirement_religious"><![CDATA[religious]]></entry>
    <entry id="camping_skill_requirement_not_religious"><![CDATA[not religious]]></entry>
    <entry id="camping_skill_requirement_has_deaths_door_recovery_buffs"><![CDATA[{colour_start|mortaldebuff}Mortality debuffs{colour_end}]]></entry>
    <entry id="camping_skill_effect_health_heal_max_health_percent"><![CDATA[{colour_start|healhp}Heal{colour_end} %d%% HP]]></entry>
    <entry id="camping_skill_effect_health_damage_max_health_percent"><![CDATA[Suffer %d%% HP DMG]]></entry>
    <entry id="camping_skill_effect_stress_heal_amount"><![CDATA[-%d {colour_start|stressNOT1}Stress{colour_end}]]></entry>
    <entry id="camping_skill_effect_stress_damage_amount"><![CDATA[%+d {colour_start|stressNOT1}Stress{colour_end}]]></entry>
    <entry id="camping_skill_effect_ambush_preparation_no_surprise"><![CDATA[Party will not be surprised if ambushed]]></entry>
    <entry id="camping_skill_effect_remove_poison"><![CDATA[Remove {colour_start|blightNOT1}Blight{colour_end} from target]]></entry>
    <entry id="camping_skill_effect_remove_bleeding"><![CDATA[Remove {colour_start|bleedNOT1}Bleeding{colour_end} from target]]></entry>
    <entry id="camping_skill_effect_remove_disease"><![CDATA[Remove {colour_start|diseaseNOT1}Disease{colour_end} from target]]></entry>
    <entry id="camping_skill_effect_remove_deaths_door_recovery_buffs"><![CDATA[Remove {colour_start|mortaldebuff}Mortality debuffs{colour_end} from target]]></entry>
    <entry id="camping_skill_effect_buff"><![CDATA[{colour_start|buffNOT1}Buff +%d%%{colour_end}]]></entry>
    <entry id="camping_skill_effect_campingAttackBuff"><![CDATA[ACC +%d]]></entry>
    <entry id="camping_skill_effect_campingDmgPercentBuff"><![CDATA[DMG +%d%%]]></entry>
    <entry id="camping_skill_effect_campingDmgPercentBuffLargeMonsters"><![CDATA[DMG +%d%% vs. large monsters]]></entry>
    <entry id="camping_skill_effect_scouting_buff"><![CDATA[Improve Scouting chance by %d%% until next Camp]]></entry>
    <entry id="camping_skill_effect_campingStressResistBuff"><![CDATA[Improve {colour_start|stressNOT1}Stress{colour_end} Resist by +%d%%]]></entry>
    <entry id="camping_skill_effect_campingCritBuff"><![CDATA[CRIT +%d%%]]></entry>
    <entry id="camping_skill_effect_campingAttackBuffRanged"><![CDATA[Improve {colour_start|attacktype}Ranged{colour_end} Attacks ACC +%d]]></entry>
    <entry id="camping_skill_effect_campingDmgPercentBuffRanged"><![CDATA[Improve {colour_start|attacktype}Ranged{colour_end} Attacks DMG +%d%%]]></entry>
    <entry id="camping_skill_effect_campingCritBuffRanged"><![CDATA[Improve {colour_start|attacktype}Ranged{colour_end} Attacks CRIT +%d%%]]></entry>
    <entry id="camping_skill_effect_campingSpeedBuff"><![CDATA[SPD +%d]]></entry>
    <entry id="camping_skill_effect_campingDefBuff"><![CDATA[DODGE +%d]]></entry>
    <entry id="camping_skill_effect_reduce_ambush_chance"><![CDATA[Prevents nighttime ambush]]></entry>
    <entry id="camping_skill_effect_reduce_party_surprise_chance"><![CDATA[Less likely to be surprised until next Camp]]></entry>
    <entry id="camping_skill_effect_increase_monsters_surprise_chance"><![CDATA[More likely to surprise monsters until next Camp]]></entry>
    <entry id="camping_skill_effect_reduce_torch"><![CDATA[Reduce torchlight by %d]]></entry>
    <entry id="camping_skill_effect_item"><![CDATA[Chance to produce %s]]></entry>
    <entry id="buff_description_campingAttackBuff"><![CDATA[Increases ACC until next Camp]]></entry>
    <entry id="buff_description_campingDmgPercentBuff"><![CDATA[Increases DMG until next Camp]]></entry>
    <entry id="buff_description_campingDmgPercentBuffLargeMonsters"><![CDATA[Increases DMG vs large monsters until next Camp]]></entry>
    <entry id="buff_description_campingCritBuff"><![CDATA[Increases CRIT until next Camp]]></entry>
    <entry id="buff_description_campingDefBuff"><![CDATA[Increases DODGE until next Camp]]></entry>
    <entry id="buff_description_campingProtPercentBuff"><![CDATA[Increases PROT until next Camp]]></entry>
    <entry id="buff_description_campingHPPercentBuff"><![CDATA[Increases HP until next Camp]]></entry>
    <entry id="buff_description_campingSpeedBuff"><![CDATA[Increases SPD until next Camp]]></entry>
    <entry id="buff_description_campingStressResistBuff"><![CDATA[Increases Resolve until next Camp]]></entry>
    <entry id="buff_description_campingAttackBuffRanged"><![CDATA[Increases ACC with ranged attacks until next Camp]]></entry>
    <entry id="buff_description_campingDmgPercentBuffRanged"><![CDATA[Increases DMG with ranged attacks until next Camp]]></entry>
    <entry id="buff_description_campingCritBuffRanged"><![CDATA[Increases CRIT with ranged attacks until next Camp]]></entry>
    <entry id="str_overlay_loot_camping_title"><![CDATA[Loot!]]></entry>
    <entry id="str_overlay_loot_camping_description"><![CDATA[Available for the taking...]]></entry>
    <entry id="camping_skill_cost"><![CDATA[{colour_start|attacktype}Time Cost: %d {colour_end}]]></entry>
    <entry id="crusader_weapon_0"><![CDATA[Battered Longsword]]></entry>
    <entry id="crusader_weapon_1"><![CDATA[Longsword]]></entry>
    <entry id="crusader_weapon_2"><![CDATA[Questing Sword]]></entry>
    <entry id="crusader_weapon_3"><![CDATA[Greatsword]]></entry>
    <entry id="crusader_weapon_4"><![CDATA["The Long Crusade"]]></entry>
    <entry id="upgrade_tree_name_crusader.weapon"><![CDATA[Greatsword]]></entry>
    <entry id="highwayman_weapon_0"><![CDATA[Flintlock, Rusty Blade]]></entry>
    <entry id="highwayman_weapon_1"><![CDATA[Versatile Pistol & Blade]]></entry>
    <entry id="highwayman_weapon_2"><![CDATA[Polished Pistol & Blade]]></entry>
    <entry id="highwayman_weapon_3"><![CDATA[Fluted Pistol, Sharpened Edge]]></entry>
    <entry id="highwayman_weapon_4"><![CDATA["Thunder & Lightning"]]></entry>
    <entry id="upgrade_tree_name_highwayman.weapon"><![CDATA[Pistol & Blade]]></entry>
    <entry id="occultist_weapon_0"><![CDATA[Battered Skull]]></entry>
    <entry id="occultist_weapon_1"><![CDATA[Bleached Skull]]></entry>
    <entry id="occultist_weapon_2"><![CDATA[Fine Skull]]></entry>
    <entry id="occultist_weapon_3"><![CDATA[Scholar's Skull]]></entry>
    <entry id="occultist_weapon_4"><![CDATA["The Mentor's Skull"]]></entry>
    <entry id="upgrade_tree_name_occultist.weapon"><![CDATA[Skull]]></entry>
    <entry id="plague_doctor_weapon_0"><![CDATA[Crude Sachets]]></entry>
    <entry id="plague_doctor_weapon_1"><![CDATA[Crafted Sachets]]></entry>
    <entry id="plague_doctor_weapon_2"><![CDATA[Diseased Grenades]]></entry>
    <entry id="plague_doctor_weapon_3"><![CDATA[Toxic Grenades]]></entry>
    <entry id="plague_doctor_weapon_4"><![CDATA["The Bubonic Herald"]]></entry>
    <entry id="upgrade_tree_name_plague_doctor.weapon"><![CDATA[Grenades]]></entry>
    <entry id="vestal_weapon_0"><![CDATA[Rusted Mace]]></entry>
    <entry id="vestal_weapon_1"><![CDATA[Steady Mace]]></entry>
    <entry id="vestal_weapon_2"><![CDATA[Stalwart Mace]]></entry>
    <entry id="vestal_weapon_3"><![CDATA[Gilded Mace]]></entry>
    <entry id="vestal_weapon_4"><![CDATA["The Hand of Light"]]></entry>
    <entry id="upgrade_tree_name_vestal.weapon"><![CDATA[Mace]]></entry>
    <entry id="grave_robber_weapon_0"><![CDATA[Stolen Pick & Knives]]></entry>
    <entry id="grave_robber_weapon_1"><![CDATA[Reliable Pick & Knives]]></entry>
    <entry id="grave_robber_weapon_2"><![CDATA[Balanced Pick & Knives]]></entry>
    <entry id="grave_robber_weapon_3"><![CDATA[Exceptional Pick & Knives]]></entry>
    <entry id="grave_robber_weapon_4"><![CDATA["The Razor's Edge"]]></entry>
    <entry id="upgrade_tree_name_grave_robber.weapon"><![CDATA[Pick & Knives]]></entry>
    <entry id="hellion_weapon_0"><![CDATA[Primitive Glaive]]></entry>
    <entry id="hellion_weapon_1"><![CDATA[Reinforced Glaive]]></entry>
    <entry id="hellion_weapon_2"><![CDATA[Resilient Glaive]]></entry>
    <entry id="hellion_weapon_3"><![CDATA[Battle-Tested Glaive]]></entry>
    <entry id="hellion_weapon_4"><![CDATA["The Wolf's Tooth"]]></entry>
    <entry id="upgrade_tree_name_hellion.weapon"><![CDATA[Glaive]]></entry>
    <entry id="bounty_hunter_weapon_0"><![CDATA[Abandoned Axe]]></entry>
    <entry id="bounty_hunter_weapon_1"><![CDATA[Refurbished Axe]]></entry>
    <entry id="bounty_hunter_weapon_2"><![CDATA[Fine Axe]]></entry>
    <entry id="bounty_hunter_weapon_3"><![CDATA[Professional's Axe]]></entry>
    <entry id="bounty_hunter_weapon_4"><![CDATA["The Widowmaker"]]></entry>
    <entry id="upgrade_tree_name_bounty_hunter.weapon"><![CDATA[Axe]]></entry>
    <entry id="jester_weapon_0"><![CDATA[Worn Sickle, Untuned Lute]]></entry>
    <entry id="jester_weapon_1"><![CDATA[Reclaimed Sickle & Lute]]></entry>
    <entry id="jester_weapon_2"><![CDATA[Sharpened Sickle, Restrung Lute]]></entry>
    <entry id="jester_weapon_3"><![CDATA[Masterwork Sickle, Fine Lute]]></entry>
    <entry id="jester_weapon_4"><![CDATA["Slash & Solo"]]></entry>
    <entry id="upgrade_tree_name_jester.weapon"><![CDATA[Sickle and Lute]]></entry>
    <entry id="leper_weapon_0"><![CDATA[Rusted Executioner's Sword]]></entry>
    <entry id="leper_weapon_1"><![CDATA[Heavy Executioner's Sword]]></entry>
    <entry id="leper_weapon_2"><![CDATA[Sharpened Executioner's Sword]]></entry>
    <entry id="leper_weapon_3"><![CDATA[Masterful Executioner's Sword]]></entry>
    <entry id="leper_weapon_4"><![CDATA["The Broken Blade"]]></entry>
    <entry id="upgrade_tree_name_leper.weapon"><![CDATA[Executioner's Sword]]></entry>
    <entry id="arbalest_weapon_0"><![CDATA[Crude Crossbow]]></entry>
    <entry id="arbalest_weapon_1"><![CDATA[Reinforced Crossbow]]></entry>
    <entry id="arbalest_weapon_2"><![CDATA[Heavy Crossbow]]></entry>
    <entry id="arbalest_weapon_3"><![CDATA[Veteran's Crossbow]]></entry>
    <entry id="arbalest_weapon_4"><![CDATA["Millicent"]]></entry>
    <entry id="upgrade_tree_name_arbalest.weapon"><![CDATA[Arbalest]]></entry>
    <entry id="man_at_arms_weapon_0"><![CDATA[Footman's Mace]]></entry>
    <entry id="man_at_arms_weapon_1"><![CDATA[Private's Mace]]></entry>
    <entry id="man_at_arms_weapon_2"><![CDATA[Sergeant Major's Mace]]></entry>
    <entry id="man_at_arms_weapon_3"><![CDATA[Master Sergeant's Mace]]></entry>
    <entry id="man_at_arms_weapon_4"><![CDATA["Bludgeon"]]></entry>
    <entry id="upgrade_tree_name_man_at_arms.weapon"><![CDATA[Mace]]></entry>
    <entry id="houndmaster_weapon_0"><![CDATA[Crude Cudgel, Frayed Collar]]></entry>
    <entry id="houndmaster_weapon_1"><![CDATA[Sturdy Cudgel, Rope Collar]]></entry>
    <entry id="houndmaster_weapon_2"><![CDATA[Fine Cudgel, Leather Collar]]></entry>
    <entry id="houndmaster_weapon_3"><![CDATA[Studded Cudgel & Collar]]></entry>
    <entry id="houndmaster_weapon_4"><![CDATA["Lawbringer"]]></entry>
    <entry id="upgrade_tree_name_houndmaster.weapon"><![CDATA[Cudgel & Collar]]></entry>
    <entry id="abomination_weapon_0"><![CDATA[Incubating Mutation]]></entry>
    <entry id="abomination_weapon_1"><![CDATA[Progressive Mutation]]></entry>
    <entry id="abomination_weapon_2"><![CDATA[Aggressive Mutation]]></entry>
    <entry id="abomination_weapon_3"><![CDATA[Malignant Mutation]]></entry>
    <entry id="abomination_weapon_4"><![CDATA["Damnation's Gift"]]></entry>
    <entry id="upgrade_tree_name_abomination.weapon"><![CDATA[Mutation]]></entry>
    <entry id="crusader_armour_0"><![CDATA[Rusty Hauberk]]></entry>
    <entry id="crusader_armour_1"><![CDATA[Chainmail]]></entry>
    <entry id="crusader_armour_2"><![CDATA[Chain and Plate]]></entry>
    <entry id="crusader_armour_3"><![CDATA[Plate]]></entry>
    <entry id="crusader_armour_4"><![CDATA["Zealous Conviction"]]></entry>
    <entry id="upgrade_tree_name_crusader.armour"><![CDATA[Chain and Plate]]></entry>
    <entry id="highwayman_armour_0"><![CDATA[Worn Overcoat]]></entry>
    <entry id="highwayman_armour_1"><![CDATA[Durable Overcoat]]></entry>
    <entry id="highwayman_armour_2"><![CDATA[Padded Overcoat]]></entry>
    <entry id="highwayman_armour_3"><![CDATA[Bandit's Overcoat]]></entry>
    <entry id="highwayman_armour_4"><![CDATA["The Uncatchable"]]></entry>
    <entry id="upgrade_tree_name_highwayman.armour"><![CDATA[Bandit's Overcoat]]></entry>
    <entry id="occultist_armour_0"><![CDATA[Tattered Robes]]></entry>
    <entry id="occultist_armour_1"><![CDATA[Scholar's Robes]]></entry>
    <entry id="occultist_armour_2"><![CDATA[Academic's Robes]]></entry>
    <entry id="occultist_armour_3"><![CDATA[Antiquarian's Robes]]></entry>
    <entry id="occultist_armour_4"><![CDATA["Dark Inquisition"]]></entry>
    <entry id="upgrade_tree_name_occultist.armour"><![CDATA[Robes]]></entry>
    <entry id="vestal_armour_0"><![CDATA[Worn Cloth and Plate]]></entry>
    <entry id="vestal_armour_1"><![CDATA[Light Cloth and Plate]]></entry>
    <entry id="vestal_armour_2"><![CDATA[Fine Cloth, Hammered Plate]]></entry>
    <entry id="vestal_armour_3"><![CDATA[Silk Robes, Hardened Plate]]></entry>
    <entry id="vestal_armour_4"><![CDATA["The Blessed Bulwark"]]></entry>
    <entry id="upgrade_tree_name_vestal.armour"><![CDATA[Silk and Plate]]></entry>
    <entry id="hellion_armour_0"><![CDATA[Worn Leather, Tattered Furs]]></entry>
    <entry id="hellion_armour_1"><![CDATA[Restitched Leather & Furs]]></entry>
    <entry id="hellion_armour_2"><![CDATA[Fresh Leather & Furs]]></entry>
    <entry id="hellion_armour_3"><![CDATA[Master-Sewn Leather & Furs]]></entry>
    <entry id="hellion_armour_4"><![CDATA["The Wolf's Pelt"]]></entry>
    <entry id="upgrade_tree_name_hellion.armour"><![CDATA[Leather and Furs]]></entry>
    <entry id="grave_robber_armour_0"><![CDATA[Pilfered Jacket]]></entry>
    <entry id="grave_robber_armour_1"><![CDATA[Patched Jacket]]></entry>
    <entry id="grave_robber_armour_2"><![CDATA[Fine Jacket]]></entry>
    <entry id="grave_robber_armour_3"><![CDATA[Formal Jacket]]></entry>
    <entry id="grave_robber_armour_4"><![CDATA["Shadowlace"]]></entry>
    <entry id="upgrade_tree_name_grave_robber.armour"><![CDATA[Pilfered Jacket]]></entry>
    <entry id="bounty_hunter_armour_0"><![CDATA[Rigid Leathers]]></entry>
    <entry id="bounty_hunter_armour_1"><![CDATA[Buckled Leathers]]></entry>
    <entry id="bounty_hunter_armour_2"><![CDATA[Reinforced Leathers]]></entry>
    <entry id="bounty_hunter_armour_3"><![CDATA[Scale and Leathers]]></entry>
    <entry id="bounty_hunter_armour_4"><![CDATA["Death's Head"]]></entry>
    <entry id="upgrade_tree_name_bounty_hunter.armour"><![CDATA[Rigid Leathers]]></entry>
    <entry id="plague_doctor_armour_0"><![CDATA[Attendant's Robes]]></entry>
    <entry id="plague_doctor_armour_1"><![CDATA[Intern's Robes]]></entry>
    <entry id="plague_doctor_armour_2"><![CDATA[Doctor's Robes]]></entry>
    <entry id="plague_doctor_armour_3"><![CDATA[Surgeon's Robes]]></entry>
    <entry id="plague_doctor_armour_4"><![CDATA["The Malignant Mantle"]]></entry>
    <entry id="upgrade_tree_name_plague_doctor.armour"><![CDATA[Doctor's Robes]]></entry>
    <entry id="jester_armour_0"><![CDATA[Motley Garb]]></entry>
    <entry id="jester_armour_1"><![CDATA[Mocking Garb]]></entry>
    <entry id="jester_armour_2"><![CDATA[Padded Garb]]></entry>
    <entry id="jester_armour_3"><![CDATA[Armored Garb]]></entry>
    <entry id="jester_armour_4"><![CDATA["The Cruelest Crown"]]></entry>
    <entry id="upgrade_tree_name_jester.armour"><![CDATA[Motley Garb]]></entry>
    <entry id="leper_armour_0"><![CDATA[Battered Chestplate]]></entry>
    <entry id="leper_armour_1"><![CDATA[Reforged Chestplate]]></entry>
    <entry id="leper_armour_2"><![CDATA[Reinforced Chestplate]]></entry>
    <entry id="leper_armour_3"><![CDATA[Bronzed Chestplate]]></entry>
    <entry id="leper_armour_4"><![CDATA["Indomitable"]]></entry>
    <entry id="upgrade_tree_name_leper.armour"><![CDATA[Bronzed Chestplate]]></entry>
    <entry id="arbalest_armour_0"><![CDATA[Second-Hand Plate]]></entry>
    <entry id="arbalest_armour_1"><![CDATA[Pawned Plate]]></entry>
    <entry id="arbalest_armour_2"><![CDATA[Reliable Plate]]></entry>
    <entry id="arbalest_armour_3"><![CDATA[Refined Plate]]></entry>
    <entry id="arbalest_armour_4"><![CDATA["Survivor"]]></entry>
    <entry id="upgrade_tree_name_arbalest.armour"><![CDATA[Plate Armor]]></entry>
    <entry id="man_at_arms_armour_0"><![CDATA[Shoddy Splint]]></entry>
    <entry id="man_at_arms_armour_1"><![CDATA[Military-Issue Armor]]></entry>
    <entry id="man_at_arms_armour_2"><![CDATA[Sergeant Major's Plate]]></entry>
    <entry id="man_at_arms_armour_3"><![CDATA[Master Sergeant's Plate]]></entry>
    <entry id="man_at_arms_armour_4"><![CDATA["The Bulwark"]]></entry>
    <entry id="upgrade_tree_name_man_at_arms.armour"><![CDATA[Plate Mail]]></entry>
    <entry id="houndmaster_armour_0"><![CDATA[Ragged Leather Vest]]></entry>
    <entry id="houndmaster_armour_1"><![CDATA[Stitched Leather Vest]]></entry>
    <entry id="houndmaster_armour_2"><![CDATA[Resilient Leather Vest]]></entry>
    <entry id="houndmaster_armour_3"><![CDATA[Splinted Leather Vest]]></entry>
    <entry id="houndmaster_armour_4"><![CDATA["Gendarme's Pride"]]></entry>
    <entry id="upgrade_tree_name_houndmaster.armour"><![CDATA[Leather Vest]]></entry>
    <entry id="abomination_armour_0"><![CDATA[Rusted Chains]]></entry>
    <entry id="abomination_armour_1"><![CDATA[Iron Chains]]></entry>
    <entry id="abomination_armour_2"><![CDATA[Steel Chains]]></entry>
    <entry id="abomination_armour_3"><![CDATA[Hellforged Chains]]></entry>
    <entry id="abomination_armour_4"><![CDATA["Inhuman Bondage"]]></entry>
    <entry id="upgrade_tree_name_abomination.armour"><![CDATA[Chains]]></entry>
    <entry id="action_verbose_body_guild_bounty_hunter"><![CDATA[A brutally efficient single-target executioner and crowd control specialist.  For the Bounty Hunter, planning is key - mark targets for bonus damage or look for opportunties to capitalize on a stunned foe.  He can also wreak havoc on an enemy party's order using his grappling hook, flashbangs and powerful uppercut.]]></entry>
    <entry id="action_verbose_body_guild_crusader"><![CDATA[Battle-hardened and stalwart, the Crusader has held the front lines in a hundred holy wars.  He either attacks foes head-on with righteous fury, or embraces a melee support role by leveraging his powerful defensive buffs & off-heals.]]></entry>
    <entry id="action_verbose_body_guild_grave_robber"><![CDATA[The Grave Robber is a versatile and nimble combatant, moving back and forth through the ranks with ease.   She strikes without warning and retreats to the shadows, continuing her assault at range.  If her throwing daggers and poison darts aren't getting the job done, she can return to the melee, buffed and slinging her pickaxe!]]></entry>
    <entry id="action_verbose_body_guild_hellion"><![CDATA[Wild, unpredictable, and utterly ruthless, the Hellion thrills to the spilling of blood!  Her massive glaive affords her impressive reach in combat, while its razor sharp edge leaves lasting wounds on enemies.  Certain skills leave her exhausted, however, and she may occasionally need to take a turn to recharge her adrenaline before entering the fray once again.]]></entry>
    <entry id="action_verbose_body_guild_highwayman"><![CDATA[A rogue, a thug and a thief, the Highwayman has honed his skills with dirk and flintlock to devastating effect.  Whether at range or in a melee, he is equally effective at dispatching his foes.  Be it a grapeshot area-of-effect, or single target bleed, the Highwayman's skills focus solely on dealing damage in a variety of ways.]]></entry>
    <entry id="action_verbose_body_guild_occultist"><![CDATA[A lifetime of scholarly inquest into ancient and forbidden lore has opened the Occultist's mind to the powers of the void.  Debilitating curses and maddeningly impossible support skills are his specialty.  The void, however, is an unpredictable power, and consequently skills' effectiveness can vary dramatically, and usually come at a cost of light, or stress.]]></entry>
    <entry id="action_verbose_body_guild_plague_doctor"><![CDATA[A doctor, researcher and alchemist who prefers to hang back, eating away at her foes with stacking damage-over-time abilties like toxic clouds & plague-filled grenades.  She is equally effective in a support role, blinding and confusing foes while enhancing a party's survival with damage-increasing tonics, and remedies for bleed and blight effects.]]></entry>
    <entry id="action_verbose_body_guild_vestal"><![CDATA[The warrior nun channels her zeal for battle into healing abilities, holy judgements and dazzling explosions of light.  A strong backbone to any party, the Vestal can also hold her own on the front like with a powerful mace bash and close-quarters condemnations.]]></entry>
    <entry id="action_verbose_body_guild_jester"><![CDATA[Combat is a power-ballad - a slow build up, and a grand finale!  On the offense, the Jester leaps to and fro in a bloody cacophony, positioning himself for a glorious end in the front ranks!  Alternatively, he can hang back, delivering chilling melodies and unsettling riffs that terrorize his foes, and give strength to his allies.]]></entry>
    <entry id="action_verbose_body_guild_leper"><![CDATA[A ruined man, a warrior, and a poet.  The Leper is most effective when given a turn to focus himself before raising his massive blade.  When he swings, it is all or nothing - crushing blows and massive damage or the empty whistling of a glancing blow.  He is entirely self-sufficient, drawing strength from his life of trauma, and able to channel it into heals, protection, or unrelenting fury.]]></entry>
    <entry id="action_verbose_body_guild_arbalest"><![CDATA[A runaway turned soldier, the Arbalest is the definitive backline fighter.  Able to rain suppressing fire down on the enemy, snipe high profile targets and apply powerfully effective first-aid, she is a rallying point, a turret, a beacon in the dark.]]></entry>
    <entry id="action_verbose_body_guild_man_at_arms"><![CDATA[The Man-at-Arms is a seasoned veteran of combat, and has been rewarded for his toil with haunting guilt and stoic resilience in equal measure.  Immovable, commanding, and focused, the Man-at-Arms breaks down enemy lines with his mace, buckler, and furious battle cries.]]></entry>
    <entry id="action_verbose_body_guild_houndmaster"><![CDATA[A tough and uncommonly compassionate ex-lawman, the Houndmaster and his faithful Wolfhound work in tandem to bring down their enemies and protect the innocent. Together they stalk the back ranks, bursting forth in a flurry of harrying bleeds, gnashing teeth, and stunning blows.  Should the tide of battle turn, the pair can support an ailing party by protecting the weak, and rallying the stressed.]]></entry>
    <entry id="action_verbose_body_guild_abomination"><![CDATA[Beaten, branded and imprisoned for untold decades, this furtive vagrant hides a terrible secret.  The eldritch poison coursing through his veins has given him unspeakable power, at a terrible cost.  As his form changes, so too does his role in combat!]]></entry>
    <entry id="action_verbose_body_blacksmith_bounty_hunter"><![CDATA[The Bounty Hunter favors a hand-axe and grappling hook, a pairing that allows him to ensnare and execute his quarry with professional efficiency.  His tough leather and scale armor grants decent protection, without sacrificing mobility.]]></entry>
    <entry id="action_verbose_body_blacksmith_crusader"><![CDATA[The Crusader wears heavy plate mail and wields a longsword.  While affording him excellent protection and damage, his armor restricts movement, and his sword cannot be swung effectively in the back ranks.]]></entry>
    <entry id="action_verbose_body_blacksmith_grave_robber"><![CDATA[A light coat is all the Graverobber will wear, she favours mobility and dexterity over protection.  Concealed within her garment are razor sharp throwing daggers, and buckled to her back - a pickaxe!]]></entry>
    <entry id="action_verbose_body_blacksmith_hellion"><![CDATA[Crude leather and furs may offer little protection, but the Hellion lives to bear the scars of battle proudly.  Her priority is wreaking havoc with her massive glaive and bathing in the blood of her adversaries.]]></entry>
    <entry id="action_verbose_body_blacksmith_highwayman"><![CDATA[The Highwayman's reinforced overcoat will dull a knife-strike, but he relies more on evasion than damage mitigation.  His flintlock and short sword afford him great versatility; he is never out of position, or caught unawares.]]></entry>
    <entry id="action_verbose_body_blacksmith_occultist"><![CDATA[Scholarly robes, better suited to the library than the harsh realities of adventuring, are all the Occultist has brought with him.  His rituals and chants require deft movements of hand and finger, so better he be unencumbered that he may channel the power of his morbid fetish: the polished skull of a dead man.]]></entry>
    <entry id="action_verbose_body_blacksmith_plague_doctor"><![CDATA[The Plague Doctor wears only light cloth - intent on remaining as far from melee combat as possible.  From a distance she lobs toxic sachets that can blind, disorient, and eat away at her foes.]]></entry>
    <entry id="action_verbose_body_blacksmith_vestal"><![CDATA[Blessed plate mail encases the Vestal as she delivers terrible violence and healing comfort in equal measure.  A mace in one hand, and holy book in the other - a study in contrasts, and all the more effective for it!]]></entry>
    <entry id="action_verbose_body_blacksmith_jester"><![CDATA[Clad only in mildewed cloth, the Jester makes a mockery of battle.  Only a fool would underestimate the vicious bloodletting power of his sharpened sickle, or the discordant throng of his lute.]]></entry>
    <entry id="action_verbose_body_blacksmith_leper"><![CDATA[Heavy and restricting, the Leper's bronzed cuirass can absorb all manner of punishing blow.  His massive sword is slow to swing, but delivers crushing damage to anyone caught in its unstoppable arc.]]></entry>
    <entry id="action_verbose_body_blacksmith_arbalest"><![CDATA[The Arbalest takes her name from the massive crossbow she carries into battle.  Able to decimate enemies at range with a dizzying array of ammunition, she wears medium plate for increased protection against the volleys she knows are coming...]]></entry>
    <entry id="action_verbose_body_blacksmith_man_at_arms"><![CDATA[Clad in the heaviest plate, the Man-at-Arms is a mace-wielding wrecking ball!  Quick to react and adapt, he is most effective leading the charge, protecting his companions with his unbreakable shield.]]></entry>
    <entry id="action_verbose_body_blacksmith_houndmaster"><![CDATA[Still clad in his worn Gendarme's uniform, the Houndmaster's focus is on evasion over mitigation.  His cudgel is an effecive stunning tool, but it is the Hound who delivers the pair's most crippling blows, especially when he's been fed an invigorating snack!]]></entry>
    <entry id="action_verbose_body_blacksmith_abomination"><![CDATA[Protected by cursed chains and a thick, leathery hide, the Abomination can withstand the pressures of frontline combat as well as any plated footman.  His terrible claws are each the size of daggers, and his progressive mutation manifests in unspeakable strength, speed, and a profusion of bile.]]></entry>
    <entry id="action_verbose_body_camping_trainer_crusader"><![CDATA[Righteousness and conviction inspire compelling speeches around the campfire!  In the face of mounting stress, the Crusader is a leader, standing tall and refusing to break.  His unshakable belief can assuage companions' fears, reassuring them that despite the hardships they will most certainly endure, all will be well in the end.]]></entry>
    <entry id="action_verbose_body_camping_trainer_grave_robber"><![CDATA[The Grave Robber is restless, and prefers to wander while the party camps, always on the lookout for trinkets and baubles.  She may reluctantly confess to pilfering an item in the Hamlet prior to departure, or entertain those with a similarly morbid sense of humour with a biting and ironic wit.]]></entry>
    <entry id="action_verbose_body_camping_trainer_hellion"><![CDATA[At camp, the Hellion mutters blasphemies and sharpens her blade, eager to put it to use against the enemy hordes.  Raucous and untamed, she is a study in contrasts - sitting stoically preparing for battle, or pealing with the unhinged laughter of the damned.]]></entry>
    <entry id="action_verbose_body_camping_trainer_highwayman"><![CDATA[The Highwayman relishes cynical preparedness and off-color jokes around the campfire.  A life spent running and hiding has taught him the tenuous benefit of perimeter alarms, and late-night investigations into the encroaching shadows.]]></entry>
    <entry id="action_verbose_body_camping_trainer_occultist"><![CDATA[At rest, the Occultist will attempt communion with the dark and impossible forces of the void in an effort to strengthen himself and the party. Such efforts are frequently taxing, however, exacting a toll in darkness and stress.]]></entry>
    <entry id="action_verbose_body_camping_trainer_plague_doctor"><![CDATA[The Plague Doctor makes use of experimental remedies and risky healing practices to cure her companions' ailments, and restore their vigor.  Eager to prove the effectiveness of her latest untested concotion, she will inject herself - blindly faithful in its beneficial results.]]></entry>
    <entry id="action_verbose_body_camping_trainer_vestal"><![CDATA[Prayers, chants, and blessings bring peace and solace to the Vestal and her party.  She can improve a companion's combat prowess, or instead focus on reducing the group's stress, and making the campsite a safe place for a good night's rest.]]></entry>
    <entry id="action_verbose_body_camping_trainer_leper"><![CDATA[A loner and an outcast, the Leper will tend to shun the others in his group, preferring instead to mend his own dying body at the expense of the horror such an undertaking brings forth.  In order to reduce his stress, the Leper can remove his mask, but such a thing is sure to unsettle his companions.]]></entry>
    <entry id="action_verbose_body_camping_trainer_jester"><![CDATA[The Jester shines in the flickering light of the campfire, bringing his lute and unerring wit to bear against the fears and stress his companions suffer.  He can inspire greater combat prowess, or raise the group's spirits at the cost of singling out a target for his acrimonious scandalizing.]]></entry>
    <entry id="action_verbose_body_camping_trainer_arbalest"><![CDATA[As on the battlefield, so too at camp.  The Arbalest splits her time at rest, providing expert first aid care, and preparing for the next leg of the journey with optimized marching plans and a fresh, taught bowstring.]]></entry>
    <entry id="action_verbose_body_camping_trainer_man_at_arms"><![CDATA[The Man-at-Arms seeks to either practice his strict training regimen himself, or teach it to his companions.  Dexterity, damage and unerring accuracy await those fortified enough to endure his lessons.]]></entry>
    <entry id="action_verbose_body_camping_trainer_houndmaster"><![CDATA[A clever lawman knows the value of preparedness and information.  To this end, the Houndmaster can send his Wolfhound to scout ahead, or put him on watch to ensure a good night's rest.  If spirits are low, the dog's affectionate companionship can soften the heart, and ease the mind.]]></entry>
    <entry id="action_verbose_body_camping_trainer_abomination"><![CDATA[The Abomination spends his restful moments lost in the myriad symptoms of his condition.  Pulse-pounding self-buffs provide opprtunities for even greater effectiveness in the next melee, while concentrating on suppressing his terrible impulses can alleviate some of the party's apprehension.]]></entry>
    <entry id="building_verbose_abbey"><![CDATA[Upgrading the Abbey increases the types of stress treatments and their effectiveness.]]></entry>
    <entry id="building_verbose_blacksmith"><![CDATA[Upgrading the Blacksmith allows for purchasing better weapons and armor, and at reduced costs.]]></entry>
    <entry id="building_verbose_camping_trainer"><![CDATA[Upgrading the Survivalist increases the available Camping skills and reduces their learning cost.]]></entry>
    <entry id="building_verbose_graveyard"><![CDATA[The Graveyard cannot be upgraded.]]></entry>
    <entry id="building_verbose_guild"><![CDATA[Upgrading the Guild allows for training of advanced ranks in hero skills.]]></entry>
    <entry id="building_verbose_nomad_wagon"><![CDATA[Upgrading the Nomad Wagon improves the trinket purchase selection and reduces their cost.]]></entry>
    <entry id="building_verbose_sanitarium"><![CDATA[Upgrading the Sanitarium allows for more quirk treatment slots and reduces treatment cost.]]></entry>
    <entry id="building_verbose_stage_coach"><![CDATA[Upgrading the Stagecoach increases the available heroes for hire each week or increases your roster size.]]></entry>
    <entry id="building_verbose_tavern"><![CDATA[Upgrading the Tavern increases the types of stress treatments and their effectiveness.]]></entry>
    <entry id="hero_class_name_antiquarian"><![CDATA[Antiquarian]]></entry>
    <entry id="combat_skill_name_antiquarian_kris_stab"><![CDATA[Nervous Stab]]></entry>
    <entry id="combat_skill_name_antiquarian_festering_vapours"><![CDATA[Festering Vapours]]></entry>
    <entry id="combat_skill_name_antiquarian_cower"><![CDATA[Get Down!]]></entry>
    <entry id="combat_skill_name_antiquarian_flashpowder"><![CDATA[Flashpowder]]></entry>
    <entry id="combat_skill_name_antiquarian_fortifying_vapours"><![CDATA[Fortifying Vapours]]></entry>
    <entry id="combat_skill_name_antiquarian_invigorating_vapours"><![CDATA[Invigorating Vapours]]></entry>
    <entry id="combat_skill_name_antiquarian_protect_me"><![CDATA[Protect Me]]></entry>
    <entry id="combat_skill_name_antiquarian_move"><![CDATA[Move]]></entry>
    <entry id="upgrade_tree_name_antiquarian.kris_stab"><![CDATA[Nervous Stab]]></entry>
    <entry id="upgrade_tree_name_antiquarian.festering_vapours"><![CDATA[Festering Vapours]]></entry>
    <entry id="upgrade_tree_name_antiquarian.cower"><![CDATA[Get Down!]]></entry>
    <entry id="upgrade_tree_name_antiquarian.flashpowder"><![CDATA[Flashpowder]]></entry>
    <entry id="upgrade_tree_name_antiquarian.fortifying_vapours"><![CDATA[Fortifying Vapours]]></entry>
    <entry id="upgrade_tree_name_antiquarian.invigorating_vapours"><![CDATA[Invigorating Vapours]]></entry>
    <entry id="upgrade_tree_name_antiquarian.protect_me"><![CDATA[Protect Me]]></entry>
    <entry id="camping_skill_name_supply"><![CDATA[Resupply]]></entry>
    <entry id="camping_skill_name_trinket_scrounge"><![CDATA[Trinket Scrounge]]></entry>
    <entry id="camping_skill_name_strange_powders"><![CDATA[Strange Powders]]></entry>
    <entry id="camping_skill_name_curious_incantation"><![CDATA[Curious Incantation]]></entry>
    <entry id="antiquarian_weapon_0"><![CDATA[Makeshift Censer]]></entry>
    <entry id="antiquarian_weapon_1"><![CDATA[Pungent Censer]]></entry>
    <entry id="antiquarian_weapon_2"><![CDATA[Ordained Censer]]></entry>
    <entry id="antiquarian_weapon_3"><![CDATA[Ceremonial Censer]]></entry>
    <entry id="antiquarian_weapon_4"><![CDATA["The Sarcophagus"]]></entry>
    <entry id="upgrade_tree_name_antiquarian.weapon"><![CDATA[Censer]]></entry>
    <entry id="antiquarian_armour_0"><![CDATA[Rucksack & Baubles]]></entry>
    <entry id="antiquarian_armour_1"><![CDATA[Pouches & Curiosities]]></entry>
    <entry id="antiquarian_armour_2"><![CDATA[Sturdy Satchel & Oddities]]></entry>
    <entry id="antiquarian_armour_3"><![CDATA[Expedition Pack & Relics]]></entry>
    <entry id="antiquarian_armour_4"><![CDATA["Timurik's Bottomless Bag"]]></entry>
    <entry id="upgrade_tree_name_antiquarian.armour"><![CDATA[Pouches & Curiosities]]></entry>
    <entry id="action_verbose_body_guild_antiquarian"><![CDATA[A scholar, researcher, and keen archaeologist, The Antiquarian is not well suited for combat.  She is, however, an expert in self-preservation - by making herself scarce in a fight, or demanding an ally protect her, she ensures her survival.  If direct combat is unavoidable, The Antiquarian can use her fulminating censer to heal and invigorate allies... and to toxify attackers.]]></entry>
    <entry id="action_verbose_body_blacksmith_antiquarian"><![CDATA[The Antiquarian wears no armor to speak of, instead relying on the power of the innumerable ancient charms and relics she has collected in her travels.  Her eye for rarities is enhanced by the unsettling properties of her censer's vapours, which can offer some utility to the party in ...problematic encounters.]]></entry>
    <entry id="action_verbose_body_camping_trainer_antiquarian"><![CDATA[A researcher never rests!  The Antiquarian surveys the campsite, obtaining supply items and even trinkets that the party may have overlooked.  Her peculiar utterances and strange powders have been known to put minds at ease, and strengthen corporeal hardiness.]]></entry>
    <entry id="effect_tooltip_guard_performer"><![CDATA[Force {colour_start|guard}Guard{colour_end} by Ally]]></entry>
    <entry id="hero_class_name_musketeer"><![CDATA[Musketeer]]></entry>
    <entry id="combat_skill_name_musketeer_aimed_shot"><![CDATA[Aimed Shot]]></entry>
    <entry id="combat_skill_name_musketeer_smokescreen"><![CDATA[Smokescreen]]></entry>
    <entry id="combat_skill_name_musketeer_call_the_shot"><![CDATA[Call the Shot]]></entry>
    <entry id="combat_skill_name_musketeer_buckshot"><![CDATA[Buckshot]]></entry>
    <entry id="combat_skill_name_musketeer_sidearm"><![CDATA[Sidearm]]></entry>
    <entry id="combat_skill_name_musketeer_patch_up"><![CDATA[Patch Up]]></entry>
    <entry id="combat_skill_name_musketeer_skeet_shot"><![CDATA[Skeet Shot]]></entry>
    <entry id="combat_skill_name_musketeer_move"><![CDATA[Move]]></entry>
    <entry id="upgrade_tree_name_musketeer.aimed_shot"><![CDATA[Aimed Shot]]></entry>
    <entry id="upgrade_tree_name_musketeer.smokescreen"><![CDATA[Smokescreen]]></entry>
    <entry id="upgrade_tree_name_musketeer.call_the_shot"><![CDATA[Call the Shot]]></entry>
    <entry id="upgrade_tree_name_musketeer.buckshot"><![CDATA[Buckshot]]></entry>
    <entry id="upgrade_tree_name_musketeer.sidearm"><![CDATA[Sidearm]]></entry>
    <entry id="upgrade_tree_name_musketeer.patch_up"><![CDATA[Patch Up]]></entry>
    <entry id="upgrade_tree_name_musketeer.skeet_shot"><![CDATA[Skeet Shot]]></entry>
    <entry id="camping_skill_name_clean_musket"><![CDATA[CLEAN MUSKET]]></entry>
    <entry id="str_bark_clean_musket"><![CDATA[Honed and polished, you'll fire true now, my love.]]></entry>
    <entry id="musketeer_weapon_0"><![CDATA[Shoddy Musket]]></entry>
    <entry id="musketeer_weapon_1"><![CDATA[Reliable Musket]]></entry>
    <entry id="musketeer_weapon_2"><![CDATA[Balanced Musket]]></entry>
    <entry id="musketeer_weapon_3"><![CDATA[Marksman's Musket]]></entry>
    <entry id="musketeer_weapon_4"><![CDATA["Trueshot"]]></entry>
    <entry id="upgrade_tree_name_musketeer.weapon"><![CDATA[Musket]]></entry>
    <entry id="musketeer_armour_0"><![CDATA[Participant's Vest & Cloak]]></entry>
    <entry id="musketeer_armour_1"><![CDATA[Competitor's Vest & Cloak]]></entry>
    <entry id="musketeer_armour_2"><![CDATA[Finalist's Vest & Cloak]]></entry>
    <entry id="musketeer_armour_3"><![CDATA[Medalist's Vest & Cloak]]></entry>
    <entry id="musketeer_armour_4"><![CDATA["The Champion's Regalia"]]></entry>
    <entry id="upgrade_tree_name_musketeer.armour"><![CDATA[Vest & Cloak]]></entry>
    <entry id="action_verbose_body_guild_musketeer"><![CDATA[A competitive sharpshooter with little practical experience, the Musketeer excels when enemies remain at a distance.  Her unerring eye and practiced reloading makes her a dependable damage dealer, and her smokescreen, first aid, and skeet shot provide some supportive utility to the party.]]></entry>
    <entry id="action_verbose_body_blacksmith_musketeer"><![CDATA[Although outwardly inconspicuous, the Musketeer's regalia is reinforced with hardened leather underarmor, allowing her to sustain a considerable amount of focus fire.  Her Musket's variable ammunition and trusty sidearm allow her to deal debilitating damage at range.]]></entry>
    <entry id="action_verbose_body_camping_trainer_musketeer"><![CDATA[The Musketeer understands that her's is a delicate instrument, and must be properly maintained if it to be relied upon in the heat of battle!  She is equally adept and providing first aid to her companions, if only to keep them between her and her targets.]]></entry>
    <entry id="upgrade_tree_name_stage_coach.upgraded_recruits"><![CDATA[Experienced Recruits]]></entry>
    <entry id="upgrade_tree_tooltip_description_stage_coach.upgraded_recruits"><![CDATA[Provides a chance of higher level recruits appearing in the Stage Coach.]]></entry>
  </language>
</root>

