<?xml version="1.0" encoding="UTF-8"?>
<root>
  <language id="english">
    <entry id="menu_base_element_return_to_game"><![CDATA[Return to game]]></entry>
    <entry id="menu_controls_category_0"><![CDATA[GENERAL]]></entry>
    <entry id="menu_controls_element_0_0"><![CDATA[H - Contextual help for any screen]]></entry>
    <entry id="menu_controls_category_1"><![CDATA[TOWN HOTKEYS]]></entry>
    <entry id="menu_controls_element_1_0"><![CDATA[[RIGHT-CLICK] to view hero character sheet]]></entry>
    <entry id="menu_controls_element_1_1"><![CDATA[Q / E - Cycle to next hero while viewing character sheet]]></entry>
    <entry id="menu_controls_category_2"><![CDATA[QUEST HOTKEYS]]></entry>
    <entry id="menu_controls_element_2_0"><![CDATA[A - Move Left]]></entry>
    <entry id="menu_controls_element_2_1"><![CDATA[D - Move Right]]></entry>
    <entry id="menu_controls_element_2_2"><![CDATA[[RIGHT-CLICK] to view hero character sheet]]></entry>
    <entry id="menu_controls_element_2_3"><![CDATA[Q / E - Cycle to next hero while viewing character sheet]]></entry>
    <entry id="menu_controls_element_2_4"><![CDATA[T - Use a torch]]></entry>
    <entry id="menu_controls_element_2_5"><![CDATA[1/2/3/4/5 - Quick select a skill for the current hero]]></entry>
    <entry id="menu_controls_element_2_6"><![CDATA[TAB - alternate Map and Inventory]]></entry>
    <entry id="menu_controls_element_2_7"><![CDATA[SPACE - take ALL when LOOT window is up]]></entry>
    <entry id="menu_controls_element_2_8"><![CDATA[C - Character (hero) panel details]]></entry>
    <entry id="menu_transfer_saves_to_steam"><![CDATA[We've enabled Steam Cloud saves. Your save files have moved to your Steam user directory.]]></entry>
    <entry id="menu_transfer_and_enable_steam_files"><![CDATA[Ok]]></entry>
    <entry id="options_category_audio"><![CDATA[Audio]]></entry>
    <entry id="options_category_graphics"><![CDATA[Graphics]]></entry>
    <entry id="options_category_graphics_and_audio"><![CDATA[Graphics and Audio]]></entry>
    <entry id="options_category_gameplay"><![CDATA[Gameplay]]></entry>
    <entry id="options_category_other"><![CDATA[Other]]></entry>
    <entry id="menu_options_not_recommended_confirm_dialog"><![CDATA[We recommend leaving this option on for the most authentic experience. Still disable?]]></entry>
    <entry id="menu_options_require_restart"><![CDATA[Restart the game for these changes to take effect.]]></entry>
    <entry id="menu_options_value_seperation_resolution"><![CDATA[x]]></entry>
    <entry id="menu_options_back_confirm_dialog_question"><![CDATA[Save these changes?]]></entry>
    <entry id="menu_options_back_confirm_dialog_answer_save"><![CDATA[SAVE]]></entry>
    <entry id="menu_options_back_confirm_dialog_answer_discard"><![CDATA[DISCARD]]></entry>
    <entry id="menu_options_element_fullscreen"><![CDATA[Fullscreen?]]></entry>
    <entry id="menu_options_element_monitor_number"><![CDATA[Monitor Number]]></entry>
    <entry id="menu_options_element_resolution"><![CDATA[Resolution]]></entry>
    <entry id="menu_options_element_mute"><![CDATA[Mute]]></entry>
    <entry id="menu_options_element_master_volume"><![CDATA[Master Volume]]></entry>
    <entry id="menu_options_element_sfx_volume"><![CDATA[SFX Volume]]></entry>
    <entry id="menu_options_element_music_volume"><![CDATA[Music Volume]]></entry>
    <entry id="menu_options_element_narration_volume"><![CDATA[Narration Volume]]></entry>
    <entry id="menu_options_element_video_volume"><![CDATA[Cinematic Volume]]></entry>
    <entry id="menu_options_element_metrics"><![CDATA[Enable Anonymous Data Collection]]></entry>
    <entry id="menu_options_element_combat_pivot_camera"><![CDATA[Combat Pivot Camera]]></entry>
    <entry id="menu_options_element_extra_bark_time"><![CDATA[Extra Bark Time (seconds)]]></entry>
    <entry id="menu_options_element_bark_dismissal"><![CDATA[Bark Dismissal]]></entry>
    <entry id="menu_options_element_blur"><![CDATA[Blur Effect]]></entry>
    <entry id="menu_options_element_debug_output"><![CDATA[Debug Output]]></entry>
    <entry id="menu_options_element_tutorial"><![CDATA[Tutorials]]></entry>
    <entry id="menu_options_element_subtitles"><![CDATA[Subtitles]]></entry>
    <entry id="menu_options_element_corpses"><![CDATA[Monsters Leave Corpses]]></entry>
    <entry id="menu_options_element_heart_attack"><![CDATA[Heart Attacks]]></entry>
    <entry id="menu_options_element_dd_mode"><![CDATA[Darkest Dungeon Config]]></entry>
    <entry id="menu_options_element_stall_penalty"><![CDATA[Combat Delay Penalties]]></entry>
    <entry id="menu_options_element_deaths_door_recovery_debuffs"><![CDATA[Mortality Debuffs]]></entry>
    <entry id="menu_options_element_retreats_can_fail"><![CDATA[Combat Retreats Can Fail]]></entry>
    <entry id="menu_options_element_multiplied_enemy_crits"><![CDATA[Standard Enemy Crits]]></entry>
    <entry id="menu_base_element_view_options"><![CDATA[Options]]></entry>
    <entry id="menu_base_element_view_controls"><![CDATA[Controls]]></entry>
    <entry id="menu_base_element_watch_intro"><![CDATA[Watch Intro Cinematic]]></entry>
    <entry id="menu_base_element_exit_campaign"><![CDATA[Exit to Main Menu]]></entry>
    <entry id="menu_base_element_exit_game"><![CDATA[Exit to Desktop]]></entry>
    <entry id="menu_base_element_view_credits"><![CDATA[Credits]]></entry>
    <entry id="menu_options_element_tooltip_metrics"><![CDATA[Collect anonymous usage data to help us make game adjustments.]]></entry>
    <entry id="menu_options_element_tooltip_combat_pivot_camera"><![CDATA[3D perspective effect when switching between hero and monster turns]]></entry>
    <entry id="menu_options_element_tooltip_extra_bark_time"><![CDATA[Adjust how long hero word balloons show up.]]></entry>
    <entry id="menu_options_element_tooltip_bark_dismissal"><![CDATA[Click to dismiss hero word balloons.]]></entry>
    <entry id="menu_options_element_tooltip_blur"><![CDATA[Disable this option to improve performance.]]></entry>
    <entry id="menu_options_element_tooltip_debug_output"><![CDATA[Show error messages for game errors. Useful for troubleshooting and bug reports.]]></entry>
    <entry id="menu_options_element_tooltip_tutorial"><![CDATA[Show tutorial pop-up messages.]]></entry>
    <entry id="menu_options_element_tooltip_subtitles"><![CDATA[Show text subtitles for the Narrator's voice-over.]]></entry>
    <entry id="menu_options_element_tooltip_corpses"><![CDATA[Dead enemies leave corpses, which block combat positions.]]></entry>
    <entry id="menu_options_element_tooltip_dd_mode"><![CDATA[Gameplay settings as intended to be played. Turning this OFF allows you to toggle the gameplay features below.]]></entry>
    <entry id="menu_options_element_tooltip_stall_penalty"><![CDATA[Heroes get {colour_start|stressNOT1}stressed{colour_end} and enemies can call reinforcements if you take too long to kill them.]]></entry>
    <entry id="menu_options_element_tooltip_deaths_door_recovery_debuffs"><![CDATA[Stat penalties persist even after being healed off of Death's Door.]]></entry>
    <entry id="menu_options_element_tooltip_retreats_can_fail"><![CDATA[Combat retreats sometimes require multiple attempts to safely escape.]]></entry>
    <entry id="menu_options_element_tooltip_multiplied_enemy_crits"><![CDATA[Enemy crits multiply base damage, similar to players. If turned OFF, enemy crits just do max damage.]]></entry>
    <entry id="menu_options_element_language"><![CDATA[Language]]></entry>
    <entry id="menu_options_element_controller_enabled"><![CDATA[Controller Enabled]]></entry>
    <entry id="menu_options_element_tooltip_controller_enabled"><![CDATA[Enable controllers in addition to the keyboard.]]></entry>
    <entry id="menu_options_element_roster_sort_party_to_top"><![CDATA[Party Autosort]]></entry>
    <entry id="menu_options_element_tooltip_roster_sort_party_to_top"><![CDATA[If enabled, active party members always appear at the top of the hero roster in town.]]></entry>
    <entry id="str_media_video"><![CDATA[Prologue]]></entry>
    <entry id="str_media_boss_quests"><![CDATA[The Ancestor's Path]]></entry>
    <entry id="str_plot_kill_necromancer_1_audio_line"><![CDATA[Mastery Over Life and Death]]></entry>
    <entry id="str_plot_kill_necromancer_2_audio_line"><![CDATA[The Visitors]]></entry>
    <entry id="str_plot_kill_necromancer_3_audio_line"><![CDATA[The Dead Reviving The Dead]]></entry>
    <entry id="str_plot_kill_prophet_1_audio_line"><![CDATA[The Wandering Prophet]]></entry>
    <entry id="str_plot_kill_prophet_2_audio_line"><![CDATA[Time and Time Again]]></entry>
    <entry id="str_plot_kill_prophet_3_audio_line"><![CDATA[An Uncommon Corporeal Resilience]]></entry>
    <entry id="str_plot_kill_hag_1_audio_line"><![CDATA[Comfortable Study]]></entry>
    <entry id="str_plot_kill_hag_2_audio_line"><![CDATA[Professional Respect]]></entry>
    <entry id="str_plot_kill_hag_3_audio_line"><![CDATA[Welcome in the Wild]]></entry>
    <entry id="str_plot_kill_brigand_cannon_1_audio_line"><![CDATA[Awe and Ire]]></entry>
    <entry id="str_plot_kill_brigand_cannon_2_audio_line"><![CDATA[The Application of Force]]></entry>
    <entry id="str_plot_kill_brigand_cannon_3_audio_line"><![CDATA[Compliance and Order]]></entry>
    <entry id="str_plot_kill_swine_prince_1_audio_line"><![CDATA[Ways and Rituals]]></entry>
    <entry id="str_plot_kill_swine_prince_2_audio_line"><![CDATA[Flesh of Man]]></entry>
    <entry id="str_plot_kill_swine_prince_3_audio_line"><![CDATA[The Great Thing]]></entry>
    <entry id="str_plot_kill_formless_flesh_1_audio_line"><![CDATA[A Troubling Surplus]]></entry>
    <entry id="str_plot_kill_formless_flesh_2_audio_line"><![CDATA[The Sewer's Solution]]></entry>
    <entry id="str_plot_kill_formless_flesh_3_audio_line"><![CDATA[A Loathsome Pile]]></entry>
    <entry id="str_plot_kill_siren_1_audio_line"><![CDATA[Faithful as the Tide]]></entry>
    <entry id="str_plot_kill_siren_2_audio_line"><![CDATA[The Other Item]]></entry>
    <entry id="str_plot_kill_siren_3_audio_line"><![CDATA[A Small Push]]></entry>
    <entry id="str_plot_kill_drowned_crew_1_audio_line"><![CDATA[Marine Shipments]]></entry>
    <entry id="str_plot_kill_drowned_crew_2_audio_line"><![CDATA[An Alternative Payment]]></entry>
    <entry id="str_plot_kill_drowned_crew_3_audio_line"><![CDATA[Black Waters]]></entry>
    <entry id="str_ugc_title"><![CDATA[Choose Mods to Enable]]></entry>
    <entry id="str_ugc_sub_title"><![CDATA[Drag Mods to Prioritize. Top of list has highest priority.]]></entry>
  </language>
</root>

