<?xml version="1.0" encoding="UTF-8"?>
<root>
  <language id="english">
    <entry id="str_monster_skill_rend"><![CDATA[Rend]]></entry>
    <entry id="str_monster_skill_skull_toss"><![CDATA[Skull Toss]]></entry>
    <entry id="str_monster_skill_howl"><![CDATA[Howl]]></entry>
    <entry id="str_monster_skill_grave_nibble"><![CDATA[Grave Nibble]]></entry>
    <entry id="str_monster_skill_crossbow_shot"><![CDATA[Quarrel]]></entry>
    <entry id="str_monster_skill_bayonet_jab"><![CDATA[Bayonet Jab]]></entry>
    <entry id="str_monster_skill_crushing_blow"><![CDATA[Crushing Blow]]></entry>
    <entry id="str_monster_skill_ground_pound"><![CDATA[Ground Pound]]></entry>
    <entry id="str_monster_skill_tempting_goblet"><![CDATA[Tempting Goblet]]></entry>
    <entry id="str_monster_skill_dagger_jab"><![CDATA[Knife in the Dark]]></entry>
    <entry id="str_monster_skill_axe_strike"><![CDATA[Axeblade]]></entry>
    <entry id="str_monster_skill_axe_strike_weak"><![CDATA[Clumsy Axeblade]]></entry>
    <entry id="str_monster_skill_shield_bash"><![CDATA[Dead Weight]]></entry>
    <entry id="str_monster_skill_cudgel"><![CDATA[Bump in the Night]]></entry>
    <entry id="str_monster_skill_cudgel_weak"><![CDATA[Tic-Toc]]></entry>
    <entry id="str_monster_skill_sword_strike"><![CDATA[Graveyard Slash]]></entry>
    <entry id="str_monster_skill_sword_strike_weak"><![CDATA[Graveyard Stumble]]></entry>
    <entry id="str_monster_skill_spear_thrust"><![CDATA[Spear Thrust]]></entry>
    <entry id="str_monster_skill_impale"><![CDATA[Impale]]></entry>
    <entry id="str_monster_skill_unholy_smite"><![CDATA[The Flesh is Willing]]></entry>
    <entry id="str_monster_skill_unholy_judgement"><![CDATA[The Clawing Dead]]></entry>
    <entry id="str_monster_skill_unholy_curse"><![CDATA[Six Feet Under]]></entry>
    <entry id="str_monster_skill_munch"><![CDATA[Munch]]></entry>
    <entry id="str_monster_skill_club_smack"><![CDATA[Treebranch Smackdown]]></entry>
    <entry id="str_monster_skill_confusion_spores"><![CDATA[Confusion Spores]]></entry>
    <entry id="str_monster_skill_poison_spores"><![CDATA[Poison Spores]]></entry>
    <entry id="str_monster_skill_slime"><![CDATA[Slime]]></entry>
    <entry id="str_monster_skill_summon_slime"><![CDATA[Cytokinesis]]></entry>
    <entry id="str_monster_skill_summon_big_slime"><![CDATA[Ectoplasmic Profusion]]></entry>
    <entry id="str_monster_skill_slime_lg"><![CDATA[Big Slime]]></entry>
    <entry id="str_monster_skill_slime_stun"><![CDATA[Slimesmack]]></entry>
    <entry id="str_monster_skill_summon_little_slime"><![CDATA[Cytokinesis]]></entry>
    <entry id="str_monster_skill_rabid_rush"><![CDATA[Rabid Rush]]></entry>
    <entry id="str_monster_skill_brawler_claw"><![CDATA[Rend for the Old Gods]]></entry>
    <entry id="str_monster_skill_brawler_claw_D"><![CDATA[Rend for the New God]]></entry>
    <entry id="str_monster_skill_brawler_claw_weak"><![CDATA[Stumbling Scratch]]></entry>
    <entry id="str_monster_skill_cultist_push"><![CDATA[Eldritch Push]]></entry>
    <entry id="str_monster_skill_cultist_pull"><![CDATA[Eldritch Pull]]></entry>
    <entry id="str_monster_skill_cultist_incantation"><![CDATA[Stressful Incantation]]></entry>
    <entry id="str_monster_skill_cultist_push_D"><![CDATA[Fate's Push]]></entry>
    <entry id="str_monster_skill_cultist_pull_D"><![CDATA[Fate's Pull]]></entry>
    <entry id="str_monster_skill_cultist_incantation_D"><![CDATA[Fate's Reveal]]></entry>
    <entry id="str_monster_skill_double_slice"><![CDATA[Slice and Dice]]></entry>
    <entry id="str_monster_skill_uppercut_slice"><![CDATA[Uppercut Slice]]></entry>
    <entry id="str_monster_skill_bandit_stabby"><![CDATA[Shank]]></entry>
    <entry id="str_monster_skill_bandit_stabby_weak"><![CDATA[Harmless Poke]]></entry>
    <entry id="str_monster_skill_blunderbuss_shot"><![CDATA[Blanket Fire]]></entry>
    <entry id="str_monster_skill_rushed_shot"><![CDATA[Rushed Shot]]></entry>
    <entry id="str_monster_skill_pickpocket"><![CDATA[Pickpocket]]></entry>
    <entry id="str_monster_skill_whip_party"><![CDATA[Rain of Whips]]></entry>
    <entry id="str_monster_skill_whip_single"><![CDATA[Punishment]]></entry>
    <entry id="str_monster_skill_spitter_bite"><![CDATA[Bite]]></entry>
    <entry id="str_monster_skill_spider_spit"><![CDATA[Spit]]></entry>
    <entry id="str_monster_skill_spider_web"><![CDATA[Web]]></entry>
    <entry id="str_monster_skill_spider_bite"><![CDATA[Bite]]></entry>
    <entry id="str_monster_skill_claw_flurry"><![CDATA[Flurry of Claws]]></entry>
    <entry id="str_monster_skill_tail_whip"><![CDATA[Lash of the Tail]]></entry>
    <entry id="str_monster_skill_curse_vulnerability"><![CDATA[Curse of Vulnerability]]></entry>
    <entry id="str_monster_skill_fetid_censer"><![CDATA[Fetid Censer]]></entry>
    <entry id="str_monster_skill_embrace_the_dark"><![CDATA[Embrace the Dark]]></entry>
    <entry id="str_monster_skill_groping_swipe"><![CDATA[Groping Swipe]]></entry>
    <entry id="str_monster_skill_groping_swipe_weak"><![CDATA[Harmless Swipe]]></entry>
    <entry id="str_monster_skill_fierce_swipe"><![CDATA[Rend the Marked]]></entry>
    <entry id="str_monster_skill_artillery_tag"><![CDATA[Mark Prey]]></entry>
    <entry id="str_monster_skill_artillery_blight"><![CDATA[Rain of Blight]]></entry>
    <entry id="str_monster_skill_escape_cloud"><![CDATA[Escape Cloud]]></entry>
    <entry id="str_monster_skill_point_blank_shot"><![CDATA[Point Blank Shot]]></entry>
    <entry id="str_monster_skill_pig_spear"><![CDATA[Pig Spear]]></entry>
    <entry id="str_monster_skill_bull_rush"><![CDATA[Boar Rush]]></entry>
    <entry id="str_monster_skill_trot_retreat"><![CDATA[Trot Retreat]]></entry>
    <entry id="str_monster_skill_backhand"><![CDATA[Crunching Backhand]]></entry>
    <entry id="str_monster_skill_drum_fear"><![CDATA[Drums of Doom]]></entry>
    <entry id="str_monster_skill_drum_debuff"><![CDATA[Drums of Debilitation]]></entry>
    <entry id="str_monster_skill_butcher_cut"><![CDATA[Butcher Cut]]></entry>
    <entry id="str_monster_skill_ball_and_chain"><![CDATA[Ball and Chain]]></entry>
    <entry id="str_monster_skill_vomit"><![CDATA[Vomit]]></entry>
    <entry id="str_monster_skill_munch"><![CDATA[Munch]]></entry>
    <entry id="str_monster_skill_weaken_prey"><![CDATA[Weaken Prey]]></entry>
    <entry id="str_monster_skill_tentacle_devour"><![CDATA[Tentacle Devour]]></entry>
    <entry id="str_monster_skill_obliterate_marked_one"><![CDATA[Obliterate Body]]></entry>
    <entry id="str_monster_skill_obliterate_marked_two"><![CDATA[Obliterate Masses]]></entry>
    <entry id="str_monster_skill_obliterate_blind"><![CDATA[Wild Flailing]]></entry>
    <entry id="str_monster_skill_obliterate_enraged"><![CDATA[Enraged Destruction]]></entry>
    <entry id="str_monster_skill_squeal"><![CDATA[Squeal]]></entry>
    <entry id="str_monster_skill_squeal_single"><![CDATA[Bit o' Squeal]]></entry>
    <entry id="str_monster_skill_wilbur_mark_1"><![CDATA[End This One]]></entry>
    <entry id="str_monster_skill_wilbur_mark_2"><![CDATA[End These Two]]></entry>
    <entry id="str_monster_skill_hook_where_it_hurts"><![CDATA[Hook Where it Hurts]]></entry>
    <entry id="str_monster_skill_swine_block"><![CDATA[Turtle]]></entry>
    <entry id="str_monster_skill_hag_grab"><![CDATA[Into the Pot!]]></entry>
    <entry id="str_monster_skill_hag_tenderize"><![CDATA[Meat Tenderizer]]></entry>
    <entry id="str_monster_skill_hag_season"><![CDATA[Season to Perfection]]></entry>
    <entry id="str_monster_skill_hag_taste"><![CDATA[Taste the Stew]]></entry>
    <entry id="str_monster_skill_shamble_fwd"><![CDATA[Obdurous Advancement]]></entry>
    <entry id="str_monster_skill_shamble_back"><![CDATA[Undulating Withdrawal]]></entry>
    <entry id="str_monster_skill_shambler_howl"><![CDATA[Stentorious Lament]]></entry>
    <entry id="str_monster_skill_tentacle_slap"><![CDATA[Clapperclaw]]></entry>
    <entry id="str_monster_skill_fish_cutlass"><![CDATA[Seaward Slash]]></entry>
    <entry id="str_monster_skill_fish_harpoon"><![CDATA[Spearfishing]]></entry>
    <entry id="str_monster_skill_fish_stresscast"><![CDATA[Stress Wave]]></entry>
    <entry id="str_monster_skill_call_of_the_deep"><![CDATA[Call of the Deep]]></entry>
    <entry id="str_monster_skill_shaman_stab"><![CDATA[Ceremonial Cut]]></entry>
    <entry id="str_monster_skill_shaman_heal"><![CDATA[Sea Breeze]]></entry>
    <entry id="str_monster_skill_the_pinch"><![CDATA[Arterial Pinch]]></entry>
    <entry id="str_monster_skill_pincer_smack"><![CDATA[Tidal Slam]]></entry>
    <entry id="str_monster_skill_snail_slime"><![CDATA[Brine]]></entry>
    <entry id="str_monster_skill_octo_cestus"><![CDATA[Octocestus]]></entry>
    <entry id="str_monster_skill_octo_guard"><![CDATA[Barnacle Barrier]]></entry>
    <entry id="str_monster_skill_bloated_swipe"><![CDATA[Gargling Grab]]></entry>
    <entry id="str_monster_skill_explode"><![CDATA[The Revenge]]></entry>
    <entry id="str_monster_skill_jellyfish_sting"><![CDATA[Shocker]]></entry>
    <entry id="str_monster_skill_jellyfish_rend"><![CDATA[Salty Gouge]]></entry>
    <entry id="str_monster_skill_siren_song"><![CDATA[Song of Desire]]></entry>
    <entry id="str_monster_skill_conch_summon"><![CDATA[High Tide]]></entry>
    <entry id="str_monster_skill_conch_horror"><![CDATA[Pressure Crash]]></entry>
    <entry id="str_monster_skill_conch_celldisrupt"><![CDATA[Devour]]></entry>
    <entry id="str_monster_skill_all_hands"><![CDATA[All Hands on Deck!]]></entry>
    <entry id="str_monster_skill_captain_shout"><![CDATA[Drink with the Dead]]></entry>
    <entry id="str_monster_skill_captain_shout_debuff"><![CDATA[Mutiny]]></entry>
    <entry id="str_monster_skill_gaffer_hook"><![CDATA[Boarding Clutch]]></entry>
    <entry id="str_monster_skill_anchor_grapple"><![CDATA[Heave to!]]></entry>
    <entry id="str_monster_skill_prophet_mark"><![CDATA[Calamitous Prognostication]]></entry>
    <entry id="str_monster_skill_prophet_attack"><![CDATA[Rubble of Ruin]]></entry>
    <entry id="str_monster_skill_eye_on_you"><![CDATA[Eye on You]]></entry>
    <entry id="str_monster_skill_fulminate"><![CDATA[Fulminate]]></entry>
    <entry id="str_monster_skill_formless_melee_attack"><![CDATA[Maws of Life]]></entry>
    <entry id="str_monster_skill_formless_guard_attack"><![CDATA[Bone Zephyr]]></entry>
    <entry id="str_monster_skill_formless_weak_heal"><![CDATA[Sanguine Stroke]]></entry>
    <entry id="str_monster_skill_formless_ranged_attack"><![CDATA[Undulating Invasion]]></entry>
    <entry id="str_monster_skill_cannon_boom"><![CDATA[BOOOOOOOM!]]></entry>
    <entry id="str_monster_skill_cannon_misfire"><![CDATA[MISFIRE!]]></entry>
    <entry id="str_monster_skill_cannon_summon"><![CDATA[Reinforcements!]]></entry>
    <entry id="str_monster_skill_light_fuse"><![CDATA[Fire in the Hole!]]></entry>
    <entry id="str_monster_skill_hot_shot"><![CDATA[Hot Shot]]></entry>
    <entry id="str_monster_skill_show_collection"><![CDATA[Show Collection]]></entry>
    <entry id="str_monster_skill_collect_call"><![CDATA[Collect Call]]></entry>
    <entry id="str_monster_skill_life_steal"><![CDATA[Life Steal]]></entry>
    <entry id="str_monster_skill_head_chomp"><![CDATA[Headhunt]]></entry>
    <entry id="str_monster_skill_head_guard"><![CDATA[Head Games]]></entry>
    <entry id="str_monster_skill_head_heal"><![CDATA[Headstrong]]></entry>
    <entry id="str_monster_skill_head_buff"><![CDATA[Headache]]></entry>
    <entry id="str_monster_skill_accusation"><![CDATA[Accusation]]></entry>
    <entry id="str_monster_skill_doomsay"><![CDATA[Doomsay]]></entry>
    <entry id="str_monstername_corpse_A"><![CDATA[Corpse]]></entry>
    <entry id="str_monstername_corpse_B"><![CDATA[Corpse]]></entry>
    <entry id="str_monstername_corpse_C"><![CDATA[Corpse]]></entry>
    <entry id="str_monstername_corpse_D"><![CDATA[Corpse]]></entry>
    <entry id="str_monstername_corpse_large_A"><![CDATA[Large Corpse]]></entry>
    <entry id="str_monstername_corpse_large_B"><![CDATA[Large Corpse]]></entry>
    <entry id="str_monstername_corpse_large_C"><![CDATA[Large Corpse]]></entry>
    <entry id="str_monstername_corpse_large_D"><![CDATA[Large Corpse]]></entry>
    <entry id="str_monstername_maggot_A"><![CDATA[Maggot]]></entry>
    <entry id="str_monstername_maggot_B"><![CDATA[Twitching Maggot]]></entry>
    <entry id="str_monstername_maggot_C"><![CDATA[Bulbous Maggot]]></entry>
    <entry id="str_monstername_cultist_brawler_A"><![CDATA[Cultist Brawler]]></entry>
    <entry id="str_monstername_cultist_brawler_B"><![CDATA[Cultist Gladiator]]></entry>
    <entry id="str_monstername_cultist_brawler_C"><![CDATA[Cultist Champion]]></entry>
    <entry id="str_monstername_cultist_warlord_D"><![CDATA[Ascended Brawler]]></entry>
    <entry id="str_monstername_cultist_witch_A"><![CDATA[Cultist Acolyte]]></entry>
    <entry id="str_monstername_cultist_witch_B"><![CDATA[Cultist Enchantress]]></entry>
    <entry id="str_monstername_cultist_witch_C"><![CDATA[Cultist Witch]]></entry>
    <entry id="str_monstername_cultist_harpy_D"><![CDATA[Ascended Witch]]></entry>
    <entry id="str_monstername_brigand_cutthroat_A"><![CDATA[Brigand Cutthroat]]></entry>
    <entry id="str_monstername_brigand_cutthroat_B"><![CDATA[Outlaw Cutthroat]]></entry>
    <entry id="str_monstername_brigand_cutthroat_C"><![CDATA[Infamous Cutthroat]]></entry>
    <entry id="str_monstername_brigand_fusilier_A"><![CDATA[Brigand Fusilier]]></entry>
    <entry id="str_monstername_brigand_fusilier_B"><![CDATA[Outlaw Fusilier]]></entry>
    <entry id="str_monstername_brigand_fusilier_C"><![CDATA[Infamous Fusilier]]></entry>
    <entry id="str_monstername_brigand_blood_A"><![CDATA[Brigand Bloodletter]]></entry>
    <entry id="str_monstername_brigand_blood_B"><![CDATA[Outlaw Bloodletter]]></entry>
    <entry id="str_monstername_brigand_blood_C"><![CDATA[Infamous Bloodletter]]></entry>
    <entry id="str_monstername_spider_webber_A"><![CDATA[Webber]]></entry>
    <entry id="str_monstername_spider_webber_B"><![CDATA[Overgrown Webber]]></entry>
    <entry id="str_monstername_spider_webber_C"><![CDATA[Ancient Webber]]></entry>
    <entry id="str_monstername_spider_spitter_A"><![CDATA[Spitter]]></entry>
    <entry id="str_monstername_spider_spitter_B"><![CDATA[Overgrown Spitter]]></entry>
    <entry id="str_monstername_spider_spitter_C"><![CDATA[Ancient Spitter]]></entry>
    <entry id="str_monstername_ghoul_A"><![CDATA[Ghoul]]></entry>
    <entry id="str_monstername_ghoul_B"><![CDATA[Slavering Ghoul]]></entry>
    <entry id="str_monstername_ghoul_C"><![CDATA[Insatiable Ghoul]]></entry>
    <entry id="str_monstername_shambler_A"><![CDATA[Shambler]]></entry>
    <entry id="str_monstername_shambler_B"><![CDATA[Grotesque Shambler]]></entry>
    <entry id="str_monstername_shambler_C"><![CDATA[Abhorrent Shambler]]></entry>
    <entry id="str_monstername_shambler_D"><![CDATA[Ethereal Shambler]]></entry>
    <entry id="str_monstername_shambler_tentacle_A"><![CDATA[Shambler Sycophant]]></entry>
    <entry id="str_monstername_shambler_tentacle_B"><![CDATA[Shambler Spore]]></entry>
    <entry id="str_monstername_shambler_tentacle_C"><![CDATA[Shambler Spawn]]></entry>
    <entry id="str_monstername_shambler_tentacle_D"><![CDATA[Shambler Spur]]></entry>
    <entry id="str_monstername_collector_A"><![CDATA[The Collector]]></entry>
    <entry id="str_monstername_collector_B"><![CDATA[The Collector]]></entry>
    <entry id="str_monstername_collector_C"><![CDATA[The Collector]]></entry>
    <entry id="str_monstername_madman_A"><![CDATA[Madman]]></entry>
    <entry id="str_monstername_madman_B"><![CDATA[Frothing Madman]]></entry>
    <entry id="str_monstername_madman_C"><![CDATA[Raving Madman]]></entry>
    <entry id="str_monstername_collector_battle_A"><![CDATA[Collected Highwayman]]></entry>
    <entry id="str_monstername_collector_battle_B"><![CDATA[Collected Highwayman]]></entry>
    <entry id="str_monstername_collector_battle_C"><![CDATA[Collected Highwayman]]></entry>
    <entry id="str_monstername_collector_protect_A"><![CDATA[Collected Man-at-Arms]]></entry>
    <entry id="str_monstername_collector_protect_B"><![CDATA[Collected Man-at-Arms]]></entry>
    <entry id="str_monstername_collector_protect_C"><![CDATA[Collected Man-at-Arms]]></entry>
    <entry id="str_monstername_collector_shaman_A"><![CDATA[Collected Vestal]]></entry>
    <entry id="str_monstername_collector_shaman_B"><![CDATA[Collected Vestal]]></entry>
    <entry id="str_monstername_collector_shaman_C"><![CDATA[Collected Vestal]]></entry>
    <entry id="str_monstername_skeleton_common_A"><![CDATA[Bone Rabble]]></entry>
    <entry id="str_monstername_skeleton_common_B"><![CDATA[Bone Conscript]]></entry>
    <entry id="str_monstername_skeleton_common_C"><![CDATA[Bone Militia]]></entry>
    <entry id="str_monstername_skeleton_militia_A"><![CDATA[Bone Soldier]]></entry>
    <entry id="str_monstername_skeleton_militia_B"><![CDATA[Bone Veteran]]></entry>
    <entry id="str_monstername_skeleton_militia_C"><![CDATA[Bone Sergeant]]></entry>
    <entry id="str_monstername_skeleton_defender_A"><![CDATA[Bone Defender]]></entry>
    <entry id="str_monstername_skeleton_defender_B"><![CDATA[Bone Bulwark]]></entry>
    <entry id="str_monstername_skeleton_defender_C"><![CDATA[Bone Shieldwall]]></entry>
    <entry id="str_monstername_skeleton_spear_A"><![CDATA[Bone Spearman]]></entry>
    <entry id="str_monstername_skeleton_spear_B"><![CDATA[Bone Spearman]]></entry>
    <entry id="str_monstername_skeleton_spear_C"><![CDATA[Bone Lancer]]></entry>
    <entry id="str_monstername_skeleton_courtier_A"><![CDATA[Bone Courtier]]></entry>
    <entry id="str_monstername_skeleton_courtier_B"><![CDATA[Bone Noble]]></entry>
    <entry id="str_monstername_skeleton_courtier_C"><![CDATA[Bone Royalty]]></entry>
    <entry id="str_monstername_skeleton_arbalist_A"><![CDATA[Bone Arbalist]]></entry>
    <entry id="str_monstername_skeleton_arbalist_B"><![CDATA[Bone Marksman]]></entry>
    <entry id="str_monstername_skeleton_arbalist_C"><![CDATA[Bone Sharpshooter]]></entry>
    <entry id="str_monstername_skeleton_captain_A"><![CDATA[Bone Captain]]></entry>
    <entry id="str_monstername_skeleton_captain_B"><![CDATA[Bone Commander]]></entry>
    <entry id="str_monstername_skeleton_captain_C"><![CDATA[Bone General]]></entry>
    <entry id="str_monstername_gargoyle_A"><![CDATA[Gargoyle]]></entry>
    <entry id="str_monstername_gargoyle_B"><![CDATA[Gargoyle]]></entry>
    <entry id="str_monstername_gargoyle_C"><![CDATA[Menacing Gargoyle]]></entry>
    <entry id="str_monstername_skeleton_bishop_A"><![CDATA[Bone Bishop]]></entry>
    <entry id="str_monstername_skeleton_bishop_B"><![CDATA[Bone Bishop]]></entry>
    <entry id="str_monstername_skeleton_bishop_C"><![CDATA[Bone Bishop]]></entry>
    <entry id="str_monstername_skeleton_bishop"><![CDATA[Bone Bishop]]></entry>
    <entry id="str_monstername_necromancer"><![CDATA[Necromancer]]></entry>
    <entry id="str_monstername_necromancer_A"><![CDATA[Necromancer Apprentice]]></entry>
    <entry id="str_monstername_necromancer_B"><![CDATA[Necromancer]]></entry>
    <entry id="str_monstername_necromancer_C"><![CDATA[Necromancer Lord]]></entry>
    <entry id="str_monstername_prophet_A"><![CDATA[Sonorous Prophet]]></entry>
    <entry id="str_monstername_prophet_B"><![CDATA[Fulminating Prophet]]></entry>
    <entry id="str_monstername_prophet_C"><![CDATA[Gibbering Prophet]]></entry>
    <entry id="str_monstername_pew_small_A"><![CDATA[Dashed Pew]]></entry>
    <entry id="str_monstername_pew_small_B"><![CDATA[Dashed Pew]]></entry>
    <entry id="str_monstername_pew_small_C"><![CDATA[Dashed Pew]]></entry>
    <entry id="str_monstername_pew_medium_A"><![CDATA[Fractured Pew]]></entry>
    <entry id="str_monstername_pew_medium_B"><![CDATA[Fractured Pew]]></entry>
    <entry id="str_monstername_pew_medium_C"><![CDATA[Fractured Pew]]></entry>
    <entry id="str_monstername_pew_large_A"><![CDATA[Pew Blockade]]></entry>
    <entry id="str_monstername_pew_large_B"><![CDATA[Pew Blockade]]></entry>
    <entry id="str_monstername_pew_large_C"><![CDATA[Pew Blockade]]></entry>
    <entry id="str_monstername_unclean_giant_A"><![CDATA[Unclean Giant]]></entry>
    <entry id="str_monstername_unclean_giant_B"><![CDATA[Blighted Giant]]></entry>
    <entry id="str_monstername_unclean_giant_C"><![CDATA[Corrupted Giant]]></entry>
    <entry id="str_monstername_ectoplasm_A"><![CDATA[Ectoplasm]]></entry>
    <entry id="str_monstername_ectoplasm_B"><![CDATA[Quivering Ectoplasm]]></entry>
    <entry id="str_monstername_ectoplasm_C"><![CDATA[Cohesive Ectoplasm]]></entry>
    <entry id="str_monstername_ectoplasm_large_A"><![CDATA[Large Ectoplasm]]></entry>
    <entry id="str_monstername_ectoplasm_large_B"><![CDATA[Towering Ectoplasm]]></entry>
    <entry id="str_monstername_ectoplasm_large_C"><![CDATA[Giant Ectoplasm]]></entry>
    <entry id="str_monstername_rabid_dog_A"><![CDATA[Rabid Gnasher]]></entry>
    <entry id="str_monstername_rabid_dog_B"><![CDATA[Crazed Gnasher]]></entry>
    <entry id="str_monstername_rabid_dog_C"><![CDATA[Harrying Gnasher]]></entry>
    <entry id="str_monstername_fungal_bloat_A"><![CDATA[Fungal Scratcher]]></entry>
    <entry id="str_monstername_fungal_bloat_B"><![CDATA[Fungal Grabber]]></entry>
    <entry id="str_monstername_fungal_bloat_C"><![CDATA[Fungal Clawer]]></entry>
    <entry id="str_monstername_fungal_artillery_A"><![CDATA[Fungal Artillery]]></entry>
    <entry id="str_monstername_fungal_artillery_B"><![CDATA[Fungal Battery]]></entry>
    <entry id="str_monstername_fungal_artillery_C"><![CDATA[Fungal Bombard]]></entry>
    <entry id="str_monstername_crone_A"><![CDATA[Crone]]></entry>
    <entry id="str_monstername_crone_B"><![CDATA[Tenacious Crone]]></entry>
    <entry id="str_monstername_crone_C"><![CDATA[Blighted Crone]]></entry>
    <entry id="str_monstername_hag"><![CDATA[Hag]]></entry>
    <entry id="str_monstername_hag_A"><![CDATA[Wizened Hag]]></entry>
    <entry id="str_monstername_hag_B"><![CDATA[Hag]]></entry>
    <entry id="str_monstername_hag_C"><![CDATA[Hag Witch]]></entry>
    <entry id="str_monstername_cauldron"><![CDATA[Cauldron]]></entry>
    <entry id="str_monstername_cauldron_empty_A"><![CDATA[Cauldron (empty)]]></entry>
    <entry id="str_monstername_cauldron_empty_B"><![CDATA[Cauldron (empty)]]></entry>
    <entry id="str_monstername_cauldron_empty_C"><![CDATA[Cauldron (empty)]]></entry>
    <entry id="str_monstername_cauldron_full_A"><![CDATA[Cauldron (full)]]></entry>
    <entry id="str_monstername_cauldron_full_B"><![CDATA[Cauldron (full)]]></entry>
    <entry id="str_monstername_cauldron_full_C"><![CDATA[Cauldron (full)]]></entry>
    <entry id="str_monstername_brigand_cannon_A"><![CDATA[Brigand 8 Pounder]]></entry>
    <entry id="str_monstername_brigand_cannon_B"><![CDATA[Brigand 12 Pounder]]></entry>
    <entry id="str_monstername_brigand_cannon_C"><![CDATA[Brigand 16 Pounder]]></entry>
    <entry id="str_monstername_brigand_fuseman_A"><![CDATA[Brigand Matchman]]></entry>
    <entry id="str_monstername_brigand_fuseman_B"><![CDATA[Brigand Fuseman]]></entry>
    <entry id="str_monstername_brigand_fuseman_C"><![CDATA[Brigand Pyro]]></entry>
    <entry id="str_monstername_swinetaur_A"><![CDATA[Swinetaur]]></entry>
    <entry id="str_monstername_swinetaur_B"><![CDATA[Hulking Swinetaur]]></entry>
    <entry id="str_monstername_swinetaur_C"><![CDATA[Swinetaur Champion]]></entry>
    <entry id="str_monstername_swine_drummer_A"><![CDATA[Swine Drummer]]></entry>
    <entry id="str_monstername_swine_drummer_B"><![CDATA[Swine Marcher]]></entry>
    <entry id="str_monstername_swine_drummer_C"><![CDATA[Swine Thunderer]]></entry>
    <entry id="str_monstername_swine_reaver_A"><![CDATA[Swine Chopper]]></entry>
    <entry id="str_monstername_swine_reaver_B"><![CDATA[Swine Reaver]]></entry>
    <entry id="str_monstername_swine_reaver_C"><![CDATA[Swine Slayer]]></entry>
    <entry id="str_monstername_swine_wretch_A"><![CDATA[Swine Wretch]]></entry>
    <entry id="str_monstername_swine_wretch_B"><![CDATA[Swine Spawn]]></entry>
    <entry id="str_monstername_swine_wretch_C"><![CDATA[Swine Heaver]]></entry>
    <entry id="str_monstername_carrion_eater_A"><![CDATA[Carrion Eater]]></entry>
    <entry id="str_monstername_carrion_eater_B"><![CDATA[Corpse Eater]]></entry>
    <entry id="str_monstername_carrion_eater_C"><![CDATA[Flesh Eater]]></entry>
    <entry id="str_monstername_carrion_eater_big_A"><![CDATA[Large Carrion Eater]]></entry>
    <entry id="str_monstername_carrion_eater_big_B"><![CDATA[Large Corpse Eater]]></entry>
    <entry id="str_monstername_carrion_eater_big_C"><![CDATA[Large Flesh Eater]]></entry>
    <entry id="str_monstername_swine_prince"><![CDATA[Swine Prince]]></entry>
    <entry id="str_monstername_swine_piglet"><![CDATA[Wilbur]]></entry>
    <entry id="str_monstername_swine_prince_A"><![CDATA[Swine Prince]]></entry>
    <entry id="str_monstername_swine_piglet_A"><![CDATA[Wilbur]]></entry>
    <entry id="str_monstername_swine_prince_B"><![CDATA[Swine King]]></entry>
    <entry id="str_monstername_swine_piglet_B"><![CDATA[Wilbur]]></entry>
    <entry id="str_monstername_swine_prince_C"><![CDATA[Swine God]]></entry>
    <entry id="str_monstername_swine_piglet_C"><![CDATA[Wilbur]]></entry>
    <entry id="str_monstername_swine_slasher_A"><![CDATA[Swine Slasher]]></entry>
    <entry id="str_monstername_swine_slasher_B"><![CDATA[Swine Gorer]]></entry>
    <entry id="str_monstername_swine_slasher_C"><![CDATA[Swine Meathooker]]></entry>
    <entry id="str_monstername_formless_melee_A"><![CDATA[Inchoate Flesh]]></entry>
    <entry id="str_monstername_formless_melee_B"><![CDATA[Unstable Flesh]]></entry>
    <entry id="str_monstername_formless_melee_C"><![CDATA[Formless Flesh]]></entry>
    <entry id="str_monstername_formless_guard_A"><![CDATA[Inchoate Flesh]]></entry>
    <entry id="str_monstername_formless_guard_B"><![CDATA[Unstable Flesh]]></entry>
    <entry id="str_monstername_formless_guard_C"><![CDATA[Formless Flesh]]></entry>
    <entry id="str_monstername_formless_weak_A"><![CDATA[Inchoate Flesh]]></entry>
    <entry id="str_monstername_formless_weak_B"><![CDATA[Unstable Flesh]]></entry>
    <entry id="str_monstername_formless_weak_C"><![CDATA[Formless Flesh]]></entry>
    <entry id="str_monstername_formless_ranged_A"><![CDATA[Inchoate Flesh]]></entry>
    <entry id="str_monstername_formless_ranged_B"><![CDATA[Unstable Flesh]]></entry>
    <entry id="str_monstername_formless_ranged_C"><![CDATA[Formless Flesh]]></entry>
    <entry id="str_monstername_fishman_harpoon_A"><![CDATA[Pelagic Grouper]]></entry>
    <entry id="str_monstername_fishman_harpoon_B"><![CDATA[Pelagic Widemouth]]></entry>
    <entry id="str_monstername_fishman_harpoon_C"><![CDATA[Pelagic Piranha]]></entry>
    <entry id="str_monstername_fishman_shaman_A"><![CDATA[Pelagic Shaman]]></entry>
    <entry id="str_monstername_fishman_shaman_B"><![CDATA[Pelagic Oracle]]></entry>
    <entry id="str_monstername_fishman_shaman_C"><![CDATA[Pelagic Tidemaster]]></entry>
    <entry id="str_monstername_fishman_crabby_A"><![CDATA[Uca Major]]></entry>
    <entry id="str_monstername_fishman_crabby_B"><![CDATA[Uca Crusher]]></entry>
    <entry id="str_monstername_fishman_crabby_C"><![CDATA[Uca Savage]]></entry>
    <entry id="str_monstername_snail_urchin_A"><![CDATA[Sea Maggot]]></entry>
    <entry id="str_monstername_snail_urchin_B"><![CDATA[Plated Maggot]]></entry>
    <entry id="str_monstername_snail_urchin_C"><![CDATA[Armored Maggot]]></entry>
    <entry id="str_monstername_octotank_A"><![CDATA[Pelagic Guardian]]></entry>
    <entry id="str_monstername_octotank_B"><![CDATA[Pelagic Bulwark]]></entry>
    <entry id="str_monstername_octotank_C"><![CDATA[Pelagic Champion]]></entry>
    <entry id="str_monstername_bloated_corpse_A"><![CDATA[Drowned Thrall]]></entry>
    <entry id="str_monstername_bloated_corpse_B"><![CDATA[Pustulent Thrall]]></entry>
    <entry id="str_monstername_bloated_corpse_C"><![CDATA[Bloated Thrall]]></entry>
    <entry id="str_monstername_jellyfish_A"><![CDATA[Deep Stinger]]></entry>
    <entry id="str_monstername_jellyfish_B"><![CDATA[Energized Stinger]]></entry>
    <entry id="str_monstername_jellyfish_C"><![CDATA[Paralyzing Stinger]]></entry>
    <entry id="str_monstername_siren_A"><![CDATA[Siren]]></entry>
    <entry id="str_monstername_siren_B"><![CDATA[Alluring Siren]]></entry>
    <entry id="str_monstername_siren_C"><![CDATA[Beguiling Siren]]></entry>
    <entry id="str_monstername_drowned_captain_A"><![CDATA[Sodden Crew]]></entry>
    <entry id="str_monstername_drowned_captain_B"><![CDATA[Sunken Crew]]></entry>
    <entry id="str_monstername_drowned_captain_C"><![CDATA[Drowned Crew]]></entry>
    <entry id="str_monstername_drowned_anchor_A"><![CDATA[Drowned Puller]]></entry>
    <entry id="str_monstername_drowned_anchor_B"><![CDATA[Drowned Ropeman]]></entry>
    <entry id="str_monstername_drowned_anchor_C"><![CDATA[Drowned Anchorman]]></entry>
    <entry id="str_monstername_drowned_anchored_A"><![CDATA[Drowned Puller]]></entry>
    <entry id="str_monstername_drowned_anchored_B"><![CDATA[Drowned Ropeman]]></entry>
    <entry id="str_monstername_drowned_anchored_C"><![CDATA[Drowned Anchorman]]></entry>
    <entry id="str_monster_skill_orgiastic_heal"><![CDATA[Flesh to Flesh]]></entry>
    <entry id="str_monster_skill_orgiastic_guard"><![CDATA[Flesh Wall]]></entry>
    <entry id="str_monster_skill_shrouded_melee"><![CDATA[Death Lash]]></entry>
    <entry id="str_monster_skill_shrouded_ranged"><![CDATA[The Finger]]></entry>
    <entry id="str_monster_skill_shuffler_eat"><![CDATA[Lacerate]]></entry>
    <entry id="str_monster_skill_shuffler_howl"><![CDATA[Echoing Dissassembly]]></entry>
    <entry id="str_monster_skill_shuffler_shuffle"><![CDATA[Undulations]]></entry>
    <entry id="str_monster_skill_totem_maul"><![CDATA[Maul the Flesh]]></entry>
    <entry id="str_monster_skill_totem_stun"><![CDATA[Daze the Mind]]></entry>
    <entry id="str_monster_skill_totem_guard"><![CDATA[Grand Guard]]></entry>
    <entry id="str_monster_skill_totem_bolster"><![CDATA[Bolster]]></entry>
    <entry id="str_monster_skill_totem_heal"><![CDATA[Ritualistic Restoration]]></entry>
    <entry id="str_monster_skill_totem_stressblast"><![CDATA[Unbearable Tremors]]></entry>
    <entry id="str_monster_skill_errant_bite"><![CDATA[Gnash]]></entry>
    <entry id="str_monster_skill_errant_nip"><![CDATA[Nibble]]></entry>
    <entry id="str_monster_skill_errant_pull"><![CDATA[Fetch]]></entry>
    <entry id="str_monster_skill_errant_spit"><![CDATA[Venomous Phlegm]]></entry>
    <entry id="str_monster_skill_errant_cough"><![CDATA[Violent Hack]]></entry>
    <entry id="str_monster_skill_errant_push"><![CDATA[Banish]]></entry>
    <entry id="str_monster_skill_templar_pinch"><![CDATA[Torment]]></entry>
    <entry id="str_monster_skill_templar_sting"><![CDATA[Stinger Stab]]></entry>
    <entry id="str_monster_skill_templar_slam"><![CDATA[Body Slam]]></entry>
    <entry id="str_monster_skill_templar_snipe"><![CDATA[Stinger Shot]]></entry>
    <entry id="str_monster_skill_templar_aoe"><![CDATA[Doomsday]]></entry>
    <entry id="str_monster_skill_darkest_eye"><![CDATA[Revelation]]></entry>
    <entry id="str_monster_skill_beholder_gaze"><![CDATA[Bulging Gaze]]></entry>
    <entry id="str_monster_skill_beholder_burn"><![CDATA[Digestion]]></entry>
    <entry id="str_monster_skill_beholder_healself"><![CDATA[Revivify]]></entry>
    <entry id="str_monster_skill_beholder_summon"><![CDATA[Summon]]></entry>
    <entry id="str_monster_skill_cell_reconstruct"><![CDATA[Reconstitute]]></entry>
    <entry id="str_monster_skill_cell_teleport"><![CDATA[Teleport]]></entry>
    <entry id="str_monster_skill_battlecell_bam"><![CDATA[Stunning Secretion]]></entry>
    <entry id="str_monster_skill_cell_shuffle"><![CDATA[Displace]]></entry>
    <entry id="str_monster_skill_summon_perfect"><![CDATA[Perfect Replication]]></entry>
    <entry id="str_monster_skill_summon_mixed"><![CDATA[Sporadic Reproduction]]></entry>
    <entry id="str_monster_skill_summon_flawed"><![CDATA[Imperfect Reproduction]]></entry>
    <entry id="str_monster_skill_ancestor_aoe_heal"><![CDATA[Time Heals All]]></entry>
    <entry id="str_monster_skill_perfect_bloodsteal"><![CDATA[Reunion]]></entry>
    <entry id="str_monster_skill_perfect_reveal"><![CDATA[We Are the Same]]></entry>
    <entry id="str_monster_skill_flawed_mark"><![CDATA[It Chooses]]></entry>
    <entry id="str_monster_skill_flawed_reveal"><![CDATA[We Are the Same]]></entry>
    <entry id="str_monster_skill_ancestor_contemplate"><![CDATA[Embrace Futility]]></entry>
    <entry id="str_monster_skill_pod_emit"><![CDATA[Dispersion]]></entry>
    <entry id="str_monster_skill_pod_die"><![CDATA[Ascension]]></entry>
    <entry id="str_monstername_cultist_orgiastic_D"><![CDATA[Rapturous Cultist]]></entry>
    <entry id="str_monstername_cultist_shrouded_D"><![CDATA[Cultist Priest]]></entry>
    <entry id="str_monstername_totem_attack_D"><![CDATA[Malignant Growth]]></entry>
    <entry id="str_monstername_totem_guard_D"><![CDATA[Defensive Growth]]></entry>
    <entry id="str_monstername_errant_flesh_dog_D"><![CDATA[Flesh Hound]]></entry>
    <entry id="str_monstername_errant_flesh_bat_D"><![CDATA[Polyp]]></entry>
    <entry id="str_monstername_templar_melee_D"><![CDATA[Templar Gladiator]]></entry>
    <entry id="str_monstername_templar_ranged_D"><![CDATA[Templar Sniper]]></entry>
    <entry id="str_monstername_templar_ranged_mb_D"><![CDATA[Templar Warlord]]></entry>
    <entry id="str_monstername_templar_melee_mb_D"><![CDATA[Templar Impaler]]></entry>
    <entry id="str_monstername_cyst_D"><![CDATA[Mammoth Cyst]]></entry>
    <entry id="str_monstername_cell_white_D"><![CDATA[White Cell Stalk]]></entry>
    <entry id="str_monstername_shuffler_D"><![CDATA[Shuffling Horror]]></entry>
    <entry id="str_monstername_cell_battle_D"><![CDATA[Antibody]]></entry>
    <entry id="str_monstername_ancestor_big_D"><![CDATA[Ancestor]]></entry>
    <entry id="str_monstername_ancestor_small_D"><![CDATA[Ancestor]]></entry>
    <entry id="str_monstername_ancestor_perfect_D"><![CDATA[Perfect Reflection]]></entry>
    <entry id="str_monstername_ancestor_flawed_D"><![CDATA[Imperfect Reflection]]></entry>
    <entry id="str_monstername_ancestor_pod_D"><![CDATA[Gestating Heart]]></entry>
    <entry id="str_monstername_ancestor_heart_D"><![CDATA[Heart of Darkness]]></entry>
    <entry id="str_monstername_ancestor_nebula_D"><![CDATA[Absolute Nothingness]]></entry>
    <entry id="str_monster_skill_ancestor_fuse_two"><![CDATA[Refashion Them]]></entry>
    <entry id="str_monster_skill_ancestor_fuse_all"><![CDATA[Unmake Them All]]></entry>
    <entry id="str_monster_skill_kill_pill"><![CDATA[Come Unto Your Maker]]></entry>
    <entry id="str_monster_skill_heart_pierce"><![CDATA[Puncture]]></entry>
    <entry id="str_monster_skill_heart_stun"><![CDATA[Dissolution]]></entry>
    <entry id="str_monster_skill_heart_stress"><![CDATA[Know This]]></entry>
  </language>
</root>

