<?xml version="1.0" encoding="UTF-8"?>
<root>
  <language id="english">
    <entry id="hero_name_0"><![CDATA[Miron]]></entry>
    <entry id="hero_name_1"><![CDATA[Sigman]]></entry>
    <entry id="hero_name_2"><![CDATA[Bourassa]]></entry>
    <entry id="hero_name_3"><![CDATA[Tardif]]></entry>
    <entry id="hero_name_4"><![CDATA[Gordon]]></entry>
    <entry id="hero_name_5"><![CDATA[Achard]]></entry>
    <entry id="hero_name_6"><![CDATA[Addinell]]></entry>
    <entry id="hero_name_7"><![CDATA[Adeney]]></entry>
    <entry id="hero_name_8"><![CDATA[Aguilon]]></entry>
    <entry id="hero_name_9"><![CDATA[Albelin]]></entry>
    <entry id="hero_name_10"><![CDATA[Alevi]]></entry>
    <entry id="hero_name_11"><![CDATA[Alis]]></entry>
    <entry id="hero_name_12"><![CDATA[Altard]]></entry>
    <entry id="hero_name_13"><![CDATA[Ansgot]]></entry>
    <entry id="hero_name_14"><![CDATA[Anzeray]]></entry>
    <entry id="hero_name_15"><![CDATA[Arundel]]></entry>
    <entry id="hero_name_16"><![CDATA[Aschuill]]></entry>
    <entry id="hero_name_17"><![CDATA[Asselin]]></entry>
    <entry id="hero_name_18"><![CDATA[Auber]]></entry>
    <entry id="hero_name_19"><![CDATA[Aubert]]></entry>
    <entry id="hero_name_20"><![CDATA[Auffrye]]></entry>
    <entry id="hero_name_21"><![CDATA[Aungier]]></entry>
    <entry id="hero_name_22"><![CDATA[Auvray]]></entry>
    <entry id="hero_name_23"><![CDATA[Azor]]></entry>
    <entry id="hero_name_24"><![CDATA[Bachiler]]></entry>
    <entry id="hero_name_25"><![CDATA[Baignard]]></entry>
    <entry id="hero_name_26"><![CDATA[Bailleul]]></entry>
    <entry id="hero_name_27"><![CDATA[Bainard]]></entry>
    <entry id="hero_name_28"><![CDATA[Baliol]]></entry>
    <entry id="hero_name_29"><![CDATA[Ballard]]></entry>
    <entry id="hero_name_30"><![CDATA[Barkentin]]></entry>
    <entry id="hero_name_31"><![CDATA[Basnage]]></entry>
    <entry id="hero_name_32"><![CDATA[Basset]]></entry>
    <entry id="hero_name_33"><![CDATA[Baudry]]></entry>
    <entry id="hero_name_34"><![CDATA[Baujot]]></entry>
    <entry id="hero_name_35"><![CDATA[Bauldry]]></entry>
    <entry id="hero_name_36"><![CDATA[Bauquemare]]></entry>
    <entry id="hero_name_37"><![CDATA[Bavent]]></entry>
    <entry id="hero_name_38"><![CDATA[Becdelievre]]></entry>
    <entry id="hero_name_39"><![CDATA[Bele]]></entry>
    <entry id="hero_name_40"><![CDATA[Belet]]></entry>
    <entry id="hero_name_41"><![CDATA[Bellecote]]></entry>
    <entry id="hero_name_42"><![CDATA[Belmis]]></entry>
    <entry id="hero_name_43"><![CDATA[Beringar]]></entry>
    <entry id="hero_name_44"><![CDATA[Berners]]></entry>
    <entry id="hero_name_45"><![CDATA[Bernieres]]></entry>
    <entry id="hero_name_46"><![CDATA[Bertran]]></entry>
    <entry id="hero_name_47"><![CDATA[Bigod]]></entry>
    <entry id="hero_name_48"><![CDATA[Bertran]]></entry>
    <entry id="hero_name_49"><![CDATA[Blangi]]></entry>
    <entry id="hero_name_50"><![CDATA[Blosbeville]]></entry>
    <entry id="hero_name_51"><![CDATA[Blouet]]></entry>
    <entry id="hero_name_52"><![CDATA[Bohon]]></entry>
    <entry id="hero_name_53"><![CDATA[Bohun]]></entry>
    <entry id="hero_name_54"><![CDATA[Boisivon]]></entry>
    <entry id="hero_name_55"><![CDATA[Boislevesque]]></entry>
    <entry id="hero_name_56"><![CDATA[Boissel]]></entry>
    <entry id="hero_name_57"><![CDATA[Boivin]]></entry>
    <entry id="hero_name_58"><![CDATA[Bolam]]></entry>
    <entry id="hero_name_59"><![CDATA[Bolbec]]></entry>
    <entry id="hero_name_60"><![CDATA[Boleyn]]></entry>
    <entry id="hero_name_61"><![CDATA[Bondeville]]></entry>
    <entry id="hero_name_62"><![CDATA[Bonel]]></entry>
    <entry id="hero_name_63"><![CDATA[Bonenffant]]></entry>
    <entry id="hero_name_64"><![CDATA[Boneth]]></entry>
    <entry id="hero_name_65"><![CDATA[Bonvalet]]></entry>
    <entry id="hero_name_66"><![CDATA[Bordel]]></entry>
    <entry id="hero_name_67"><![CDATA[Bosanquet]]></entry>
    <entry id="hero_name_68"><![CDATA[Bosc]]></entry>
    <entry id="hero_name_69"><![CDATA[Bosiet]]></entry>
    <entry id="hero_name_70"><![CDATA[Bossard]]></entry>
    <entry id="hero_name_71"><![CDATA[Bostel]]></entry>
    <entry id="hero_name_72"><![CDATA[Boteler]]></entry>
    <entry id="hero_name_73"><![CDATA[Boterel]]></entry>
    <entry id="hero_name_74"><![CDATA[Botin]]></entry>
    <entry id="hero_name_75"><![CDATA[Bouchard]]></entry>
    <entry id="hero_name_76"><![CDATA[Bourchier]]></entry>
    <entry id="hero_name_77"><![CDATA[Bourdekin]]></entry>
    <entry id="hero_name_78"><![CDATA[Bourdet]]></entry>
    <entry id="hero_name_79"><![CDATA[Bourneville]]></entry>
    <entry id="hero_name_80"><![CDATA[Bradwardine]]></entry>
    <entry id="hero_name_81"><![CDATA[Brai]]></entry>
    <entry id="hero_name_82"><![CDATA[Braund]]></entry>
    <entry id="hero_name_83"><![CDATA[Brebeuf]]></entry>
    <entry id="hero_name_84"><![CDATA[Brereton]]></entry>
    <entry id="hero_name_85"><![CDATA[Bretel]]></entry>
    <entry id="hero_name_86"><![CDATA[Breteuil]]></entry>
    <entry id="hero_name_87"><![CDATA[Bretteville]]></entry>
    <entry id="hero_name_88"><![CDATA[Brevedent]]></entry>
    <entry id="hero_name_89"><![CDATA[Brimou]]></entry>
    <entry id="hero_name_90"><![CDATA[Brinon]]></entry>
    <entry id="hero_name_91"><![CDATA[Briouse]]></entry>
    <entry id="hero_name_92"><![CDATA[Briqueville]]></entry>
    <entry id="hero_name_93"><![CDATA[Brix]]></entry>
    <entry id="hero_name_94"><![CDATA[Buci]]></entry>
    <entry id="hero_name_95"><![CDATA[Budi]]></entry>
    <entry id="hero_name_96"><![CDATA[Bulli]]></entry>
    <entry id="hero_name_97"><![CDATA[Burci]]></entry>
    <entry id="hero_name_98"><![CDATA[Burguet]]></entry>
    <entry id="hero_name_99"><![CDATA[Buron]]></entry>
    <entry id="hero_name_100"><![CDATA[Bursigni]]></entry>
    <entry id="hero_name_101"><![CDATA[Busnois]]></entry>
    <entry id="hero_name_102"><![CDATA[Busquent]]></entry>
    <entry id="hero_name_103"><![CDATA[Caen]]></entry>
    <entry id="hero_name_104"><![CDATA[Cailli]]></entry>
    <entry id="hero_name_105"><![CDATA[Caillot]]></entry>
    <entry id="hero_name_106"><![CDATA[Cairon]]></entry>
    <entry id="hero_name_107"><![CDATA[Calmette]]></entry>
    <entry id="hero_name_108"><![CDATA[Cambrai]]></entry>
    <entry id="hero_name_109"><![CDATA[Campion]]></entry>
    <entry id="hero_name_110"><![CDATA[Canaigres]]></entry>
    <entry id="hero_name_111"><![CDATA[Canouville]]></entry>
    <entry id="hero_name_112"><![CDATA[Caradas]]></entry>
    <entry id="hero_name_113"><![CDATA[Carbonnel]]></entry>
    <entry id="hero_name_114"><![CDATA[Cardon]]></entry>
    <entry id="hero_name_115"><![CDATA[Cardonell]]></entry>
    <entry id="hero_name_116"><![CDATA[Carnet]]></entry>
    <entry id="hero_name_117"><![CDATA[Carteret]]></entry>
    <entry id="hero_name_118"><![CDATA[Castillon]]></entry>
    <entry id="hero_name_119"><![CDATA[Caunter]]></entry>
    <entry id="hero_name_120"><![CDATA[Cavelier]]></entry>
    <entry id="hero_name_121"><![CDATA[Ceauce]]></entry>
    <entry id="hero_name_122"><![CDATA[Cecil]]></entry>
    <entry id="hero_name_123"><![CDATA[Cely]]></entry>
    <entry id="hero_name_124"><![CDATA[Chandos]]></entry>
    <entry id="hero_name_125"><![CDATA[Chartres]]></entry>
    <entry id="hero_name_126"><![CDATA[Chauncy]]></entry>
    <entry id="hero_name_127"><![CDATA[Cheney]]></entry>
    <entry id="hero_name_128"><![CDATA[Cioches]]></entry>
    <entry id="hero_name_129"><![CDATA[Claville]]></entry>
    <entry id="hero_name_130"><![CDATA[Clerinell]]></entry>
    <entry id="hero_name_131"><![CDATA[Clinchamps]]></entry>
    <entry id="hero_name_132"><![CDATA[Coliar]]></entry>
    <entry id="hero_name_133"><![CDATA[Colombelles]]></entry>
    <entry id="hero_name_134"><![CDATA[Colombieres]]></entry>
    <entry id="hero_name_135"><![CDATA[Comyn]]></entry>
    <entry id="hero_name_136"><![CDATA[Conteville]]></entry>
    <entry id="hero_name_137"><![CDATA[Corbet]]></entry>
    <entry id="hero_name_138"><![CDATA[Corbiere]]></entry>
    <entry id="hero_name_139"><![CDATA[Corbon]]></entry>
    <entry id="hero_name_140"><![CDATA[Cormeilles]]></entry>
    <entry id="hero_name_141"><![CDATA[Corneilles]]></entry>
    <entry id="hero_name_142"><![CDATA[Corviser]]></entry>
    <entry id="hero_name_143"><![CDATA[Cosin]]></entry>
    <entry id="hero_name_144"><![CDATA[Couci]]></entry>
    <entry id="hero_name_145"><![CDATA[Couer]]></entry>
    <entry id="hero_name_146"><![CDATA[Courci]]></entry>
    <entry id="hero_name_147"><![CDATA[Courcon]]></entry>
    <entry id="hero_name_148"><![CDATA[Courcy]]></entry>
    <entry id="hero_name_149"><![CDATA[Courseume]]></entry>
    <entry id="hero_name_150"><![CDATA[Courteney]]></entry>
    <entry id="hero_name_151"><![CDATA[Craon]]></entry>
    <entry id="hero_name_152"><![CDATA[Crevecoeur]]></entry>
    <entry id="hero_name_153"><![CDATA[Croc]]></entry>
    <entry id="hero_name_154"><![CDATA[Cruel]]></entry>
    <entry id="hero_name_155"><![CDATA[Cugey]]></entry>
    <entry id="hero_name_156"><![CDATA[Culai]]></entry>
    <entry id="hero_name_157"><![CDATA[Cumin]]></entry>
    <entry id="hero_name_158"><![CDATA[Curteys]]></entry>
    <entry id="hero_name_159"><![CDATA[Dacre]]></entry>
    <entry id="hero_name_160"><![CDATA[Dalyngridge]]></entry>
    <entry id="hero_name_161"><![CDATA[Damours]]></entry>
    <entry id="hero_name_162"><![CDATA[Danneville]]></entry>
    <entry id="hero_name_163"><![CDATA[Danvers]]></entry>
    <entry id="hero_name_164"><![CDATA[Darcy]]></entry>
    <entry id="hero_name_165"><![CDATA[Darell]]></entry>
    <entry id="hero_name_166"><![CDATA[Daunger]]></entry>
    <entry id="hero_name_167"><![CDATA[Destain]]></entry>
    <entry id="hero_name_168"><![CDATA[Devereux]]></entry>
    <entry id="hero_name_169"><![CDATA[Digby]]></entry>
    <entry id="hero_name_170"><![CDATA[Ditton]]></entry>
    <entry id="hero_name_171"><![CDATA[Dive Beugelin]]></entry>
    <entry id="hero_name_172"><![CDATA[Douai]]></entry>
    <entry id="hero_name_173"><![CDATA[Dreux]]></entry>
    <entry id="hero_name_174"><![CDATA[Droullin]]></entry>
    <entry id="hero_name_175"><![CDATA[Druel]]></entry>
    <entry id="hero_name_176"><![CDATA[Dubosc]]></entry>
    <entry id="hero_name_177"><![CDATA[Dudley]]></entry>
    <entry id="hero_name_178"><![CDATA[Dufay]]></entry>
    <entry id="hero_name_179"><![CDATA[Dufour]]></entry>
    <entry id="hero_name_180"><![CDATA[Duhamel]]></entry>
    <entry id="hero_name_181"><![CDATA[Dumont]]></entry>
    <entry id="hero_name_182"><![CDATA[Dupasquier]]></entry>
    <entry id="hero_name_183"><![CDATA[Duquesne]]></entry>
    <entry id="hero_name_184"><![CDATA[Durandal]]></entry>
    <entry id="hero_name_185"><![CDATA[Durerie]]></entry>
    <entry id="hero_name_186"><![CDATA[Durjardin]]></entry>
    <entry id="hero_name_187"><![CDATA[Durville]]></entry>
    <entry id="hero_name_188"><![CDATA[Duval]]></entry>
    <entry id="hero_name_189"><![CDATA[Dyel]]></entry>
    <entry id="hero_name_190"><![CDATA[Ecouland]]></entry>
    <entry id="hero_name_191"><![CDATA[Elers]]></entry>
    <entry id="hero_name_192"><![CDATA[Emory]]></entry>
    <entry id="hero_name_193"><![CDATA[Engerrand]]></entry>
    <entry id="hero_name_194"><![CDATA[Erquemboure]]></entry>
    <entry id="hero_name_195"><![CDATA[Espec]]></entry>
    <entry id="hero_name_196"><![CDATA[Esteney]]></entry>
    <entry id="hero_name_197"><![CDATA[Evelyn]]></entry>
    <entry id="hero_name_198"><![CDATA[Eveque]]></entry>
    <entry id="hero_name_199"><![CDATA[Faceby]]></entry>
    <entry id="hero_name_200"><![CDATA[Faintree]]></entry>
    <entry id="hero_name_201"><![CDATA[Fairfax]]></entry>
    <entry id="hero_name_202"><![CDATA[Falaise]]></entry>
    <entry id="hero_name_203"><![CDATA[Fantosme]]></entry>
    <entry id="hero_name_204"><![CDATA[Faucon]]></entry>
    <entry id="hero_name_205"><![CDATA[Fecamp]]></entry>
    <entry id="hero_name_206"><![CDATA[Fergant]]></entry>
    <entry id="hero_name_207"><![CDATA[Ferrers]]></entry>
    <entry id="hero_name_208"><![CDATA[Ferrieres]]></entry>
    <entry id="hero_name_209"><![CDATA[Feu]]></entry>
    <entry id="hero_name_210"><![CDATA[Fiennes]]></entry>
    <entry id="hero_name_211"><![CDATA[Fitton]]></entry>
    <entry id="hero_name_212"><![CDATA[Fitzalan]]></entry>
    <entry id="hero_name_213"><![CDATA[Fitzherbert]]></entry>
    <entry id="hero_name_214"><![CDATA[Fitzhugh]]></entry>
    <entry id="hero_name_215"><![CDATA[Fitzroy]]></entry>
    <entry id="hero_name_216"><![CDATA[Flambard]]></entry>
    <entry id="hero_name_217"><![CDATA[Folet]]></entry>
    <entry id="hero_name_218"><![CDATA[Foliot]]></entry>
    <entry id="hero_name_219"><![CDATA[Fonnereau]]></entry>
    <entry id="hero_name_220"><![CDATA[Fontemai]]></entry>
    <entry id="hero_name_221"><![CDATA[Fossard]]></entry>
    <entry id="hero_name_222"><![CDATA[Fougeres]]></entry>
    <entry id="hero_name_223"><![CDATA[Fourneaux]]></entry>
    <entry id="hero_name_224"><![CDATA[Framan]]></entry>
    <entry id="hero_name_225"><![CDATA[Fresle]]></entry>
    <entry id="hero_name_226"><![CDATA[Fribois]]></entry>
    <entry id="hero_name_227"><![CDATA[Froissart]]></entry>
    <entry id="hero_name_228"><![CDATA[Fromentin]]></entry>
    <entry id="hero_name_229"><![CDATA[Furnival]]></entry>
    <entry id="hero_name_230"><![CDATA[Gael]]></entry>
    <entry id="hero_name_231"><![CDATA[Gand]]></entry>
    <entry id="hero_name_232"><![CDATA[Garin]]></entry>
    <entry id="hero_name_233"><![CDATA[Gaveston]]></entry>
    <entry id="hero_name_234"><![CDATA[Gibard]]></entry>
    <entry id="hero_name_235"><![CDATA[Giffard]]></entry>
    <entry id="hero_name_236"><![CDATA[Gillain]]></entry>
    <entry id="hero_name_237"><![CDATA[Gilpin]]></entry>
    <entry id="hero_name_238"><![CDATA[Giscard]]></entry>
    <entry id="hero_name_239"><![CDATA[Glanville]]></entry>
    <entry id="hero_name_240"><![CDATA[Godart]]></entry>
    <entry id="hero_name_241"><![CDATA[Godefroy]]></entry>
    <entry id="hero_name_242"><![CDATA[Gomboult]]></entry>
    <entry id="hero_name_243"><![CDATA[Gouel]]></entry>
    <entry id="hero_name_244"><![CDATA[Goulaffre]]></entry>
    <entry id="hero_name_245"><![CDATA[Gournai]]></entry>
    <entry id="hero_name_246"><![CDATA[Grai]]></entry>
    <entry id="hero_name_247"><![CDATA[Grancourt]]></entry>
    <entry id="hero_name_248"><![CDATA[Grentemesnil]]></entry>
    <entry id="hero_name_249"><![CDATA[Grenteville]]></entry>
    <entry id="hero_name_250"><![CDATA[Greslet]]></entry>
    <entry id="hero_name_251"><![CDATA[Griffin]]></entry>
    <entry id="hero_name_252"><![CDATA[Grimoult]]></entry>
    <entry id="hero_name_253"><![CDATA[Grouchet]]></entry>
    <entry id="hero_name_254"><![CDATA[Groulart]]></entry>
    <entry id="hero_name_255"><![CDATA[Gueribout]]></entry>
    <entry id="hero_name_256"><![CDATA[Guernon]]></entry>
    <entry id="hero_name_257"><![CDATA[Gueron]]></entry>
    <entry id="hero_name_258"><![CDATA[Guideville]]></entry>
    <entry id="hero_name_259"><![CDATA[Guiffart]]></entry>
    <entry id="hero_name_260"><![CDATA[Guildersleeve]]></entry>
    <entry id="hero_name_261"><![CDATA[Guinand]]></entry>
    <entry id="hero_name_262"><![CDATA[Gurney]]></entry>
    <entry id="hero_name_263"><![CDATA[Guyot]]></entry>
    <entry id="hero_name_264"><![CDATA[Hachet]]></entry>
    <entry id="hero_name_265"><![CDATA[Halacre]]></entry>
    <entry id="hero_name_266"><![CDATA[Halle]]></entry>
    <entry id="hero_name_267"><![CDATA[Hamage]]></entry>
    <entry id="hero_name_268"><![CDATA[Harcourt]]></entry>
    <entry id="hero_name_269"><![CDATA[Haute]]></entry>
    <entry id="hero_name_270"><![CDATA[Hauville]]></entry>
    <entry id="hero_name_271"><![CDATA[Hediart]]></entry>
    <entry id="hero_name_272"><![CDATA[Hendry]]></entry>
    <entry id="hero_name_273"><![CDATA[Herbard]]></entry>
    <entry id="hero_name_274"><![CDATA[Herbert]]></entry>
    <entry id="hero_name_275"><![CDATA[Heriet]]></entry>
    <entry id="hero_name_276"><![CDATA[Heuze]]></entry>
    <entry id="hero_name_277"><![CDATA[Hewse]]></entry>
    <entry id="hero_name_278"><![CDATA[Hodenc]]></entry>
    <entry id="hero_name_279"><![CDATA[Holland]]></entry>
    <entry id="hero_name_280"><![CDATA[Hotot]]></entry>
    <entry id="hero_name_281"><![CDATA[Howard]]></entry>
    <entry id="hero_name_282"><![CDATA[Hue]]></entry>
    <entry id="hero_name_283"><![CDATA[Hugonin]]></entry>
    <entry id="hero_name_284"><![CDATA[Hynde]]></entry>
    <entry id="hero_name_285"><![CDATA[Ide]]></entry>
    <entry id="hero_name_286"><![CDATA[Jolland]]></entry>
    <entry id="hero_name_287"><![CDATA[Jubert]]></entry>
    <entry id="hero_name_288"><![CDATA[Laci]]></entry>
    <entry id="hero_name_289"><![CDATA[Lanquetot]]></entry>
    <entry id="hero_name_290"><![CDATA[Lhuillier]]></entry>
    <entry id="hero_name_291"><![CDATA[Libourg]]></entry>
    <entry id="hero_name_292"><![CDATA[Ligonier]]></entry>
    <entry id="hero_name_293"><![CDATA[L'ile]]></entry>
    <entry id="hero_name_294"><![CDATA[Linesi]]></entry>
    <entry id="hero_name_295"><![CDATA[Lisieux]]></entry>
    <entry id="hero_name_296"><![CDATA[Loges]]></entry>
    <entry id="hero_name_297"><![CDATA[Lorz]]></entry>
    <entry id="hero_name_298"><![CDATA[Loucelles]]></entry>
    <entry id="hero_name_299"><![CDATA[Louet]]></entry>
    <entry id="hero_name_300"><![CDATA[Louvet]]></entry>
    <entry id="hero_name_301"><![CDATA[Lovell]]></entry>
    <entry id="hero_name_302"><![CDATA[Lovet]]></entry>
    <entry id="hero_name_303"><![CDATA[Lucy]]></entry>
    <entry id="hero_name_304"><![CDATA[Ludel]]></entry>
    <entry id="hero_name_305"><![CDATA[Lynom]]></entry>
    <entry id="hero_name_306"><![CDATA[Machault]]></entry>
    <entry id="hero_name_307"><![CDATA[Machel]]></entry>
    <entry id="hero_name_308"><![CDATA[Maci]]></entry>
    <entry id="hero_name_309"><![CDATA[Maignart]]></entry>
    <entry id="hero_name_310"><![CDATA[Malet]]></entry>
    <entry id="hero_name_311"><![CDATA[Mallebisse]]></entry>
    <entry id="hero_name_312"><![CDATA[Malleville]]></entry>
    <entry id="hero_name_313"><![CDATA[Mallilie]]></entry>
    <entry id="hero_name_314"><![CDATA[Mallory]]></entry>
    <entry id="hero_name_315"><![CDATA[Malvallet]]></entry>
    <entry id="hero_name_316"><![CDATA[Malveisin]]></entry>
    <entry id="hero_name_317"><![CDATA[Maminot]]></entry>
    <entry id="hero_name_318"><![CDATA[Mandeville]]></entry>
    <entry id="hero_name_319"><![CDATA[Manneilli]]></entry>
    <entry id="hero_name_320"><![CDATA[Mansel]]></entry>
    <entry id="hero_name_321"><![CDATA[Mantel]]></entry>
    <entry id="hero_name_322"><![CDATA[Marches]]></entry>
    <entry id="hero_name_323"><![CDATA[Marchmain]]></entry>
    <entry id="hero_name_324"><![CDATA[Marci]]></entry>
    <entry id="hero_name_325"><![CDATA[Marescot]]></entry>
    <entry id="hero_name_326"><![CDATA[Margas]]></entry>
    <entry id="hero_name_327"><![CDATA[Mariage]]></entry>
    <entry id="hero_name_328"><![CDATA[Marillac]]></entry>
    <entry id="hero_name_329"><![CDATA[Marisco]]></entry>
    <entry id="hero_name_330"><![CDATA[Martel]]></entry>
    <entry id="hero_name_331"><![CDATA[Mathan]]></entry>
    <entry id="hero_name_332"><![CDATA[Maubenc]]></entry>
    <entry id="hero_name_333"><![CDATA[Maudit]]></entry>
    <entry id="hero_name_334"><![CDATA[Mauduit]]></entry>
    <entry id="hero_name_335"><![CDATA[Maunsell]]></entry>
    <entry id="hero_name_336"><![CDATA[Maurouard]]></entry>
    <entry id="hero_name_337"><![CDATA[Mautravers]]></entry>
    <entry id="hero_name_338"><![CDATA[Maynet]]></entry>
    <entry id="hero_name_339"><![CDATA[Medley]]></entry>
    <entry id="hero_name_340"><![CDATA[Mercier]]></entry>
    <entry id="hero_name_341"><![CDATA[Meri]]></entry>
    <entry id="hero_name_342"><![CDATA[Merteberge]]></entry>
    <entry id="hero_name_343"><![CDATA[Mesnage]]></entry>
    <entry id="hero_name_344"><![CDATA[Meulan]]></entry>
    <entry id="hero_name_345"><![CDATA[Meules]]></entry>
    <entry id="hero_name_346"><![CDATA[Meverel]]></entry>
    <entry id="hero_name_347"><![CDATA[Middleton]]></entry>
    <entry id="hero_name_348"><![CDATA[Mobec]]></entry>
    <entry id="hero_name_349"><![CDATA[Moion]]></entry>
    <entry id="hero_name_350"><![CDATA[Monceaux]]></entry>
    <entry id="hero_name_351"><![CDATA[Montacute]]></entry>
    <entry id="hero_name_352"><![CDATA[Montague]]></entry>
    <entry id="hero_name_353"><![CDATA[Montaigu]]></entry>
    <entry id="hero_name_354"><![CDATA[Montbrai]]></entry>
    <entry id="hero_name_355"><![CDATA[Mont-Canisi]]></entry>
    <entry id="hero_name_356"><![CDATA[Montfiquet]]></entry>
    <entry id="hero_name_357"><![CDATA[Montfort]]></entry>
    <entry id="hero_name_358"><![CDATA[Montgomery]]></entry>
    <entry id="hero_name_359"><![CDATA[Morphew]]></entry>
    <entry id="hero_name_360"><![CDATA[Mortagne]]></entry>
    <entry id="hero_name_361"><![CDATA[Mortain]]></entry>
    <entry id="hero_name_362"><![CDATA[Mortemer]]></entry>
    <entry id="hero_name_363"><![CDATA[Mortimer]]></entry>
    <entry id="hero_name_364"><![CDATA[Mortmain]]></entry>
    <entry id="hero_name_365"><![CDATA[Mowbray]]></entry>
    <entry id="hero_name_366"><![CDATA[Moyaux]]></entry>
    <entry id="hero_name_367"><![CDATA[Mucedent]]></entry>
    <entry id="hero_name_368"><![CDATA[Munneville]]></entry>
    <entry id="hero_name_369"><![CDATA[Murdac]]></entry>
    <entry id="hero_name_370"><![CDATA[Musard]]></entry>
    <entry id="hero_name_371"><![CDATA[Musart]]></entry>
    <entry id="hero_name_372"><![CDATA[Mussegros]]></entry>
    <entry id="hero_name_373"><![CDATA[Mustel]]></entry>
    <entry id="hero_name_374"><![CDATA[Nelond]]></entry>
    <entry id="hero_name_375"><![CDATA[Neot]]></entry>
    <entry id="hero_name_376"><![CDATA[Nesdin]]></entry>
    <entry id="hero_name_377"><![CDATA[Neufmarche]]></entry>
    <entry id="hero_name_378"><![CDATA[Neuville]]></entry>
    <entry id="hero_name_379"><![CDATA[Neville]]></entry>
    <entry id="hero_name_380"><![CDATA[Noyers]]></entry>
    <entry id="hero_name_381"><![CDATA[Omand]]></entry>
    <entry id="hero_name_382"><![CDATA[Orlebar]]></entry>
    <entry id="hero_name_383"><![CDATA[Ormond]]></entry>
    <entry id="hero_name_384"><![CDATA[Osmond]]></entry>
    <entry id="hero_name_385"><![CDATA[Osmont]]></entry>
    <entry id="hero_name_386"><![CDATA[Ouistreham]]></entry>
    <entry id="hero_name_387"><![CDATA[Painel]]></entry>
    <entry id="hero_name_388"><![CDATA[Paixdecouer]]></entry>
    <entry id="hero_name_389"><![CDATA[Pancevolt]]></entry>
    <entry id="hero_name_390"><![CDATA[Pantoul]]></entry>
    <entry id="hero_name_391"><![CDATA[Papelion]]></entry>
    <entry id="hero_name_392"><![CDATA[Papon]]></entry>
    <entry id="hero_name_393"><![CDATA[Paris]]></entry>
    <entry id="hero_name_394"><![CDATA[Parry]]></entry>
    <entry id="hero_name_395"><![CDATA[Parthenai]]></entry>
    <entry id="hero_name_396"><![CDATA[Paschal]]></entry>
    <entry id="hero_name_397"><![CDATA[Pasquier]]></entry>
    <entry id="hero_name_398"><![CDATA[Pastforeire]]></entry>
    <entry id="hero_name_399"><![CDATA[Patris]]></entry>
    <entry id="hero_name_400"><![CDATA[Paumera]]></entry>
    <entry id="hero_name_401"><![CDATA[Peccoth]]></entry>
    <entry id="hero_name_402"><![CDATA[Peche]]></entry>
    <entry id="hero_name_403"><![CDATA[Peis]]></entry>
    <entry id="hero_name_404"><![CDATA[Pennant]]></entry>
    <entry id="hero_name_405"><![CDATA[Perci]]></entry>
    <entry id="hero_name_406"><![CDATA[Percy]]></entry>
    <entry id="hero_name_407"><![CDATA[Pericard]]></entry>
    <entry id="hero_name_408"><![CDATA[Perroy]]></entry>
    <entry id="hero_name_409"><![CDATA[Petremol]]></entry>
    <entry id="hero_name_410"><![CDATA[Peveril]]></entry>
    <entry id="hero_name_411"><![CDATA[Pevrel]]></entry>
    <entry id="hero_name_412"><![CDATA[Picard]]></entry>
    <entry id="hero_name_413"><![CDATA[Picot]]></entry>
    <entry id="hero_name_414"><![CDATA[Picvini]]></entry>
    <entry id="hero_name_415"><![CDATA[Pierrepont]]></entry>
    <entry id="hero_name_416"><![CDATA[Pinel]]></entry>
    <entry id="hero_name_417"><![CDATA[Pipin]]></entry>
    <entry id="hero_name_418"><![CDATA[Pippery]]></entry>
    <entry id="hero_name_419"><![CDATA[Piquiri]]></entry>
    <entry id="hero_name_420"><![CDATA[Pistres]]></entry>
    <entry id="hero_name_421"><![CDATA[Pithou]]></entry>
    <entry id="hero_name_422"><![CDATA[Plucknet]]></entry>
    <entry id="hero_name_423"><![CDATA[Poer]]></entry>
    <entry id="hero_name_424"><![CDATA[Poignant]]></entry>
    <entry id="hero_name_425"><![CDATA[Poillei]]></entry>
    <entry id="hero_name_426"><![CDATA[Pointel]]></entry>
    <entry id="hero_name_427"><![CDATA[Pont]]></entry>
    <entry id="hero_name_428"><![CDATA[Pontchardon]]></entry>
    <entry id="hero_name_429"><![CDATA[Port]]></entry>
    <entry id="hero_name_430"><![CDATA[Postel]]></entry>
    <entry id="hero_name_431"><![CDATA[Poussin]]></entry>
    <entry id="hero_name_432"><![CDATA[Prestcote]]></entry>
    <entry id="hero_name_433"><![CDATA[Puchot]]></entry>
    <entry id="hero_name_434"><![CDATA[Quesnel]]></entry>
    <entry id="hero_name_435"><![CDATA[Quievremont]]></entry>
    <entry id="hero_name_436"><![CDATA[Quincarnon]]></entry>
    <entry id="hero_name_437"><![CDATA[Quincey]]></entry>
    <entry id="hero_name_438"><![CDATA[Raimbeaucourt]]></entry>
    <entry id="hero_name_439"><![CDATA[Rainecourt]]></entry>
    <entry id="hero_name_440"><![CDATA[Raleigh]]></entry>
    <entry id="hero_name_441"><![CDATA[Rames]]></entry>
    <entry id="hero_name_442"><![CDATA[Raoullin]]></entry>
    <entry id="hero_name_443"><![CDATA[Rassent]]></entry>
    <entry id="hero_name_444"><![CDATA[Ravenot]]></entry>
    <entry id="hero_name_445"><![CDATA[Rennes]]></entry>
    <entry id="hero_name_446"><![CDATA[Renold]]></entry>
    <entry id="hero_name_447"><![CDATA[Restault]]></entry>
    <entry id="hero_name_448"><![CDATA[Reviers]]></entry>
    <entry id="hero_name_449"><![CDATA[Riebou]]></entry>
    <entry id="hero_name_450"><![CDATA[Riviere]]></entry>
    <entry id="hero_name_451"><![CDATA[Roard]]></entry>
    <entry id="hero_name_452"><![CDATA[Rocque]]></entry>
    <entry id="hero_name_453"><![CDATA[Roger]]></entry>
    <entry id="hero_name_454"><![CDATA[Rome]]></entry>
    <entry id="hero_name_455"><![CDATA[Romenel]]></entry>
    <entry id="hero_name_456"><![CDATA[Ros]]></entry>
    <entry id="hero_name_457"><![CDATA[Rosai]]></entry>
    <entry id="hero_name_458"><![CDATA[Rou]]></entry>
    <entry id="hero_name_459"><![CDATA[Roussel]]></entry>
    <entry id="hero_name_460"><![CDATA[Runeville]]></entry>
    <entry id="hero_name_461"><![CDATA[Russell]]></entry>
    <entry id="hero_name_462"><![CDATA[Sacquerville]]></entry>
    <entry id="hero_name_463"><![CDATA[Saisset]]></entry>
    <entry id="hero_name_464"><![CDATA[Sauvigni]]></entry>
    <entry id="hero_name_465"><![CDATA[Scolland]]></entry>
    <entry id="hero_name_466"><![CDATA[Seguier]]></entry>
    <entry id="hero_name_467"><![CDATA[Senarpont]]></entry>
    <entry id="hero_name_468"><![CDATA[Senlis]]></entry>
    <entry id="hero_name_469"><![CDATA[Sidney]]></entry>
    <entry id="hero_name_470"><![CDATA[Simnel]]></entry>
    <entry id="hero_name_471"><![CDATA[Sollers]]></entry>
    <entry id="hero_name_472"><![CDATA[Somneri]]></entry>
    <entry id="hero_name_473"><![CDATA[Sourdeval]]></entry>
    <entry id="hero_name_474"><![CDATA[Stafford]]></entry>
    <entry id="hero_name_475"><![CDATA[Stanley]]></entry>
    <entry id="hero_name_476"><![CDATA[Strivelyn]]></entry>
    <entry id="hero_name_477"><![CDATA[Stukely]]></entry>
    <entry id="hero_name_478"><![CDATA[Tabraham]]></entry>
    <entry id="hero_name_479"><![CDATA[Taillebois]]></entry>
    <entry id="hero_name_480"><![CDATA[Taillepied]]></entry>
    <entry id="hero_name_481"><![CDATA[Talbot]]></entry>
    <entry id="hero_name_482"><![CDATA[Talvace]]></entry>
    <entry id="hero_name_483"><![CDATA[Tessel]]></entry>
    <entry id="hero_name_484"><![CDATA[Thaon]]></entry>
    <entry id="hero_name_485"><![CDATA[Theroulde]]></entry>
    <entry id="hero_name_486"><![CDATA[Thibault]]></entry>
    <entry id="hero_name_487"><![CDATA[Thiboust]]></entry>
    <entry id="hero_name_488"><![CDATA[Thorel]]></entry>
    <entry id="hero_name_489"><![CDATA[Tibon]]></entry>
    <entry id="hero_name_490"><![CDATA[Tilly]]></entry>
    <entry id="hero_name_491"><![CDATA[Tinel]]></entry>
    <entry id="hero_name_492"><![CDATA[Tirel]]></entry>
    <entry id="hero_name_493"><![CDATA[Toclive]]></entry>
    <entry id="hero_name_494"><![CDATA[Torteval]]></entry>
    <entry id="hero_name_495"><![CDATA[Touchet]]></entry>
    <entry id="hero_name_496"><![CDATA[Tourlaville]]></entry>
    <entry id="hero_name_497"><![CDATA[Tourmente]]></entry>
    <entry id="hero_name_498"><![CDATA[Tournai]]></entry>
    <entry id="hero_name_499"><![CDATA[Tournebulle]]></entry>
    <entry id="hero_name_500"><![CDATA[Tournebut]]></entry>
    <entry id="hero_name_501"><![CDATA[Tourneville]]></entry>
    <entry id="hero_name_502"><![CDATA[Toustain]]></entry>
    <entry id="hero_name_503"><![CDATA[Tranchant]]></entry>
    <entry id="hero_name_504"><![CDATA[Trelli]]></entry>
    <entry id="hero_name_505"><![CDATA[Tulles]]></entry>
    <entry id="hero_name_506"><![CDATA[Umfraville]]></entry>
    <entry id="hero_name_507"><![CDATA[Urry]]></entry>
    <entry id="hero_name_508"><![CDATA[Valance]]></entry>
    <entry id="hero_name_509"><![CDATA[Valognes]]></entry>
    <entry id="hero_name_510"><![CDATA[Vane]]></entry>
    <entry id="hero_name_511"><![CDATA[Vastel]]></entry>
    <entry id="hero_name_512"><![CDATA[Vatteville]]></entry>
    <entry id="hero_name_513"><![CDATA[Vaubadon]]></entry>
    <entry id="hero_name_514"><![CDATA[Vaughan]]></entry>
    <entry id="hero_name_515"><![CDATA[Vauville]]></entry>
    <entry id="hero_name_516"><![CDATA[Vaux]]></entry>
    <entry id="hero_name_517"><![CDATA[Vavassour]]></entry>
    <entry id="hero_name_518"><![CDATA[Veci]]></entry>
    <entry id="hero_name_519"><![CDATA[Venois]]></entry>
    <entry id="hero_name_520"><![CDATA[Ventris]]></entry>
    <entry id="hero_name_521"><![CDATA[Ver]]></entry>
    <entry id="hero_name_522"><![CDATA[Verdun]]></entry>
    <entry id="hero_name_523"><![CDATA[Vernold]]></entry>
    <entry id="hero_name_524"><![CDATA[Vernon]]></entry>
    <entry id="hero_name_525"><![CDATA[Verrall]]></entry>
    <entry id="hero_name_526"><![CDATA[Vesci]]></entry>
    <entry id="hero_name_527"><![CDATA[Vesli]]></entry>
    <entry id="hero_name_528"><![CDATA[Veteripont]]></entry>
    <entry id="hero_name_529"><![CDATA[Vieuxpont]]></entry>
    <entry id="hero_name_530"><![CDATA[Villehardain]]></entry>
    <entry id="hero_name_531"><![CDATA[Villon]]></entry>
    <entry id="hero_name_532"><![CDATA[Vipont]]></entry>
    <entry id="hero_name_533"><![CDATA[Vitalis]]></entry>
    <entry id="hero_name_534"><![CDATA[Vivers]]></entry>
    <entry id="hero_name_535"><![CDATA[Viville]]></entry>
    <entry id="hero_name_536"><![CDATA[Voisin]]></entry>
    <entry id="hero_name_537"><![CDATA[Wadard]]></entry>
    <entry id="hero_name_538"><![CDATA[Warci]]></entry>
    <entry id="hero_name_539"><![CDATA[Watteau]]></entry>
    <entry id="hero_name_540"><![CDATA[Werables]]></entry>
    <entry id="hero_name_541"><![CDATA[Willoughby]]></entry>
    <entry id="hero_name_542"><![CDATA[Wissant]]></entry>
    <entry id="hero_name_543"><![CDATA[Woodville]]></entry>
    <entry id="hero_name_544"><![CDATA[Ygou]]></entry>
    <entry id="hero_name_545"><![CDATA[MacRae]]></entry>
    <entry id="hero_name_546"><![CDATA[Fortier]]></entry>
    <entry id="hero_name_547"><![CDATA[Campbell]]></entry>
    <entry id="hero_name_548"><![CDATA[Lindvay]]></entry>
    <entry id="hero_name_549"><![CDATA[Rathgeber]]></entry>
    <entry id="hero_name_550"><![CDATA[Chatwood]]></entry>
    <entry id="hero_name_551"><![CDATA[Tangsoc]]></entry>
    <entry id="hero_name_552"><![CDATA[Regamey]]></entry>
    <entry id="hero_name_553"><![CDATA[Godard]]></entry>
    <entry id="hero_name_554"><![CDATA[McDowell]]></entry>
    <entry id="hero_name_555"><![CDATA[Norman]]></entry>
  </language>
</root>

