<?xml version="1.0" encoding="UTF-8"?>
<root>
  <language id="english">
    <entry id="str_quirk_name_tough"><![CDATA[Tough]]></entry>
    <entry id="str_quirk_name_fragile"><![CDATA[Fragile]]></entry>
    <entry id="str_quirk_name_hard_skinned"><![CDATA[Hard Skinned]]></entry>
    <entry id="str_quirk_name_soft"><![CDATA[Soft]]></entry>
    <entry id="str_quirk_name_quick_reflexes"><![CDATA[Quick Reflexes]]></entry>
    <entry id="str_quirk_name_slow_reflexes"><![CDATA[Slow Reflexes]]></entry>
    <entry id="str_quirk_name_quickdraw"><![CDATA[Quickdraw]]></entry>
    <entry id="str_quirk_name_slowdraw"><![CDATA[Slowdraw]]></entry>
    <entry id="str_quirk_name_natural_swing"><![CDATA[Natural Swing]]></entry>
    <entry id="str_quirk_name_the_yips"><![CDATA[The Yips]]></entry>
    <entry id="str_quirk_name_natural_eye"><![CDATA[Natural Eye]]></entry>
    <entry id="str_quirk_name_lazy_eye"><![CDATA[Lazy Eye]]></entry>
    <entry id="str_quirk_name_evasive"><![CDATA[Evasive]]></entry>
    <entry id="str_quirk_name_clumsy"><![CDATA[Clumsy]]></entry>
    <entry id="str_quirk_name_slugger"><![CDATA[Slugger]]></entry>
    <entry id="str_quirk_name_torn_rotator_cuff"><![CDATA[Torn Rotator]]></entry>
    <entry id="str_quirk_name_unerring"><![CDATA[Unerring]]></entry>
    <entry id="str_quirk_name_scattering"><![CDATA[Scattering]]></entry>
    <entry id="str_quirk_name_accurate"><![CDATA[Deadly]]></entry>
    <entry id="str_quirk_name_inaccurate"><![CDATA[Misses the Spot]]></entry>
    <entry id="str_quirk_name_precision_striker"><![CDATA[Precise Striker]]></entry>
    <entry id="str_quirk_name_weak_grip"><![CDATA[Weak Grip]]></entry>
    <entry id="str_quirk_name_eagle_eye"><![CDATA[Eagle Eye]]></entry>
    <entry id="str_quirk_name_flawed_release"><![CDATA[Flawed Release]]></entry>
    <entry id="str_quirk_name_nervous"><![CDATA[Nervous]]></entry>
    <entry id="str_quirk_name_steady"><![CDATA[Steady]]></entry>
    <entry id="str_quirk_name_resilient"><![CDATA[Resilient]]></entry>
    <entry id="str_quirk_name_ruminator"><![CDATA[Ruminator]]></entry>
    <entry id="str_quirk_name_fated"><![CDATA[Fated]]></entry>
    <entry id="str_quirk_name_hard_noggin"><![CDATA[Hard Noggin]]></entry>
    <entry id="str_quirk_name_shocker"><![CDATA[Shocker]]></entry>
    <entry id="str_quirk_name_thin_blooded"><![CDATA[Thin Blooded]]></entry>
    <entry id="str_quirk_name_thick_blooded"><![CDATA[Thick Blooded]]></entry>
    <entry id="str_quirk_name_anemic"><![CDATA[Anemic]]></entry>
    <entry id="str_quirk_name_clotter"><![CDATA[Clotter]]></entry>
    <entry id="str_quirk_name_sickly"><![CDATA[Sickly]]></entry>
    <entry id="str_quirk_name_robust"><![CDATA[Robust]]></entry>
    <entry id="str_quirk_name_dark_temptation"><![CDATA[Dark Temptation]]></entry>
    <entry id="str_quirk_name_claustrophobia"><![CDATA[Claustrophobia]]></entry>
    <entry id="str_quirk_name_lurker"><![CDATA[Lurker]]></entry>
    <entry id="str_quirk_name_alcoholism"><![CDATA[Tippler]]></entry>
    <entry id="str_quirk_name_resolution"><![CDATA[Resolution]]></entry>
    <entry id="str_quirk_name_gambler"><![CDATA[Gambler]]></entry>
    <entry id="str_quirk_name_bad_gambler"><![CDATA[Bad Gambler]]></entry>
    <entry id="str_quirk_name_known_cheat"><![CDATA[Known Cheat]]></entry>
    <entry id="str_quirk_name_love_interest"><![CDATA[Love Interest]]></entry>
    <entry id="str_quirk_name_deviant_tastes"><![CDATA[Deviant Tastes]]></entry>
    <entry id="str_quirk_name_enlightened"><![CDATA[Enlightened]]></entry>
    <entry id="str_quirk_name_improved_balance"><![CDATA[Balanced]]></entry>
    <entry id="str_quirk_name_meditator"><![CDATA[Meditator]]></entry>
    <entry id="str_quirk_name_calm"><![CDATA[Calm]]></entry>
    <entry id="str_quirk_name_unquiet_mind"><![CDATA[Unquiet Mind]]></entry>
    <entry id="str_quirk_name_god_fearing"><![CDATA[God Fearing]]></entry>
    <entry id="str_quirk_name_tither"><![CDATA[Tither]]></entry>
    <entry id="str_quirk_name_witness"><![CDATA[Witness]]></entry>
    <entry id="str_quirk_name_flagellant"><![CDATA[Flagellant]]></entry>
    <entry id="str_quirk_name_faithless"><![CDATA[Faithless]]></entry>
    <entry id="str_quirk_name_bad_humours"><![CDATA[Bad Humours]]></entry>
    <entry id="str_quirk_name_creeping_cough"><![CDATA[Creeping Cough]]></entry>
    <entry id="str_quirk_name_hemophilia"><![CDATA[Hemophilia]]></entry>
    <entry id="str_quirk_name_the_runs"><![CDATA[The Runs]]></entry>
    <entry id="str_quirk_name_lethargy"><![CDATA[Lethargy]]></entry>
    <entry id="str_quirk_name_wasting_sickness"><![CDATA[Wasting Sickness]]></entry>
    <entry id="str_quirk_name_tetanus"><![CDATA[Tetanus]]></entry>
    <entry id="str_quirk_name_rabies"><![CDATA[Rabies]]></entry>
    <entry id="str_quirk_name_syphilis"><![CDATA[Syphilis]]></entry>
    <entry id="str_quirk_name_spotted_fever"><![CDATA[Spotted Fever]]></entry>
    <entry id="str_quirk_name_vertigo"><![CDATA[Vertigo]]></entry>
    <entry id="str_quirk_name_vampiric_spirits"><![CDATA[Vampiric Spirits]]></entry>
    <entry id="str_quirk_name_ennui"><![CDATA[Ennui]]></entry>
    <entry id="str_quirk_name_the_ague"><![CDATA[The Ague]]></entry>
    <entry id="str_quirk_name_hysterical_blindness"><![CDATA[Hysterical Blindness]]></entry>
    <entry id="str_quirk_name_scurvy"><![CDATA[Scurvy]]></entry>
    <entry id="str_quirk_name_the_worries"><![CDATA[The Worries]]></entry>
    <entry id="str_quirk_name_the_fits"><![CDATA[The Fits]]></entry>
    <entry id="str_quirk_name_tapeworm"><![CDATA[Tapeworm]]></entry>
    <entry id="str_quirk_name_the_red_plague"><![CDATA[The Red Plague]]></entry>
    <entry id="str_quirk_name_the_black_plague"><![CDATA[The Black Plague]]></entry>
    <entry id="str_quirk_name_kleptomaniac"><![CDATA[Kleptomaniac]]></entry>
    <entry id="str_quirk_name_curious"><![CDATA[Curious]]></entry>
    <entry id="str_quirk_name_bloodthirsty"><![CDATA[Bloodthirsty]]></entry>
    <entry id="str_quirk_name_guilty_conscience"><![CDATA[Guilty Conscience]]></entry>
    <entry id="str_quirk_name_hieromania"><![CDATA[Hieromania]]></entry>
    <entry id="str_quirk_name_necromania"><![CDATA[Necromania]]></entry>
    <entry id="str_quirk_name_mercurial"><![CDATA[Mercurial]]></entry>
    <entry id="str_quirk_name_irrepressible"><![CDATA[Irrepressible]]></entry>
    <entry id="str_quirk_name_unyielding"><![CDATA[Unyielding]]></entry>
    <entry id="str_quirk_name_suicidal"><![CDATA[Weak Grip on Life]]></entry>
    <entry id="str_quirk_name_pack_mule"><![CDATA[Pack Mule]]></entry>
    <entry id="str_quirk_name_weapons_haggler"><![CDATA[Weapon Tinker]]></entry>
    <entry id="str_quirk_name_armor_haggler"><![CDATA[Armor Tinker]]></entry>
    <entry id="str_quirk_name_early_riser"><![CDATA[Early Riser]]></entry>
    <entry id="str_quirk_name_night_owl"><![CDATA[Night Owl]]></entry>
    <entry id="str_quirk_name_night_blindness"><![CDATA[Night Blindness]]></entry>
    <entry id="str_quirk_name_sensitive_to_light"><![CDATA[Light Sensitive]]></entry>
    <entry id="str_quirk_name_fast_healer"><![CDATA[Fast Healer]]></entry>
    <entry id="str_quirk_name_stomach_cramp"><![CDATA[Spasm of the Entrails]]></entry>
    <entry id="str_quirk_name_inspired"><![CDATA[Inspired]]></entry>
    <entry id="str_quirk_name_gave_it_all"><![CDATA[Gave It All]]></entry>
    <entry id="str_quirk_name_second_wind"><![CDATA[Second Wind]]></entry>
    <entry id="str_quirk_name_tuckered_out"><![CDATA[Tuckered Out]]></entry>
    <entry id="str_quirk_name_last_gasp"><![CDATA[Last Gasp]]></entry>
    <entry id="str_quirk_name_winded"><![CDATA[Winded]]></entry>
    <entry id="str_quirk_name_in_the_zone"><![CDATA[In The Zone]]></entry>
    <entry id="str_quirk_name_double_vision"><![CDATA[Double Vision]]></entry>
    <entry id="str_quirk_name_too_boastful"><![CDATA[Too Boastful]]></entry>
    <entry id="str_quirk_name_on_guard"><![CDATA[On Guard]]></entry>
    <entry id="str_quirk_name_off_guard"><![CDATA[Off Guard]]></entry>
    <entry id="str_quirk_name_clutch_hitter"><![CDATA[Clutch Hitter]]></entry>
    <entry id="str_quirk_name_dud_hitter"><![CDATA[Dud Hitter]]></entry>
    <entry id="str_quirk_name_predator"><![CDATA[Predator]]></entry>
    <entry id="str_quirk_name_cruelty_conscious"><![CDATA[Cruelty Conscious]]></entry>
    <entry id="str_quirk_name_stress_faster"><![CDATA[Stress Faster]]></entry>
    <entry id="str_quirk_name_stress_eater"><![CDATA[Stress Eater]]></entry>
    <entry id="str_quirk_name_organized"><![CDATA[Organized]]></entry>
    <entry id="str_quirk_name_disorganized"><![CDATA[Disorganized]]></entry>
    <entry id="str_quirk_name_stout"><![CDATA[Stout]]></entry>
    <entry id="str_quirk_name_bulimic"><![CDATA[Bulimic]]></entry>
    <entry id="str_quirk_name_gift_of_the_healer"><![CDATA[Healer's Gift]]></entry>
    <entry id="str_quirk_name_light_sleeper"><![CDATA[Light Sleeper]]></entry>
    <entry id="str_quirk_name_survivalist"><![CDATA[Survivalist]]></entry>
    <entry id="str_quirk_name_tootheache"><![CDATA[Toothache]]></entry>
    <entry id="str_quirk_name_fear_of_eldritch"><![CDATA[Fear of Eldritch]]></entry>
    <entry id="str_quirk_name_fear_of_unholy"><![CDATA[Fear of Unholy]]></entry>
    <entry id="str_quirk_name_fear_of_man"><![CDATA[Fear of Mankind]]></entry>
    <entry id="str_quirk_name_fear_of_beast"><![CDATA[Fear of Beasts]]></entry>
    <entry id="str_quirk_name_hatred_of_eldritch"><![CDATA[Eldritch Hater]]></entry>
    <entry id="str_quirk_name_hatred_of_unholy"><![CDATA[Unholy Hater]]></entry>
    <entry id="str_quirk_name_hatred_of_man"><![CDATA[Mankind Hater]]></entry>
    <entry id="str_quirk_name_hatred_of_beast"><![CDATA[Beast Hater]]></entry>
    <entry id="str_quirk_name_slayer_of_eldritch"><![CDATA[Eldritch Slayer]]></entry>
    <entry id="str_quirk_name_slayer_of_unholy"><![CDATA[Unholy Slayer]]></entry>
    <entry id="str_quirk_name_slayer_of_man"><![CDATA[Man Slayer]]></entry>
    <entry id="str_quirk_name_slayer_of_beast"><![CDATA[Beast Slayer]]></entry>
    <entry id="str_quirk_name_ruins_explorer"><![CDATA[Ruins Explorer]]></entry>
    <entry id="str_quirk_name_warren_explorer"><![CDATA[Warrens Explorer]]></entry>
    <entry id="str_quirk_name_weald_explorer"><![CDATA[Weald Explorer]]></entry>
    <entry id="str_quirk_name_cove_explorer"><![CDATA[Cove Explorer]]></entry>
    <entry id="str_quirk_name_darkest_dungeon_explorer"><![CDATA[Darkest Dungeon Explorer]]></entry>
    <entry id="str_quirk_name_ruins_adventurer"><![CDATA[Ruins Adventurer]]></entry>
    <entry id="str_quirk_name_warren_adventurer"><![CDATA[Warrens Adventurer]]></entry>
    <entry id="str_quirk_name_weald_adventurer"><![CDATA[Weald Adventurer]]></entry>
    <entry id="str_quirk_name_cove_adventurer"><![CDATA[Cove Adventurer]]></entry>
    <entry id="str_quirk_name_darkest_dungeon_adventurer"><![CDATA[Darkest Dungeon Adventurer]]></entry>
    <entry id="str_quirk_name_ruins_scrounger"><![CDATA[Ruins Scrounger]]></entry>
    <entry id="str_quirk_name_warren_scrounger"><![CDATA[Warrens Scrounger]]></entry>
    <entry id="str_quirk_name_weald_scrounger"><![CDATA[Weald Scrounger]]></entry>
    <entry id="str_quirk_name_cove_scrounger"><![CDATA[Cove Scrounger]]></entry>
    <entry id="str_quirk_name_darkest_dungeon_scrounger"><![CDATA[Darkest Dungeon Scrounger]]></entry>
    <entry id="str_quirk_name_ruins_tactician"><![CDATA[Ruins Tactician]]></entry>
    <entry id="str_quirk_name_warren_tactician"><![CDATA[Warrens Tactician]]></entry>
    <entry id="str_quirk_name_weald_tactician"><![CDATA[Weald Tactician]]></entry>
    <entry id="str_quirk_name_cove_tactician"><![CDATA[Cove Tactician]]></entry>
    <entry id="str_quirk_name_darkest_dungeon_tactician"><![CDATA[Darkest Dungeon Tactician]]></entry>
    <entry id="str_quirk_name_ruins_survivor"><![CDATA[Ruins Survivor]]></entry>
    <entry id="str_quirk_name_warren_survivor"><![CDATA[Warrens Survivor]]></entry>
    <entry id="str_quirk_name_weald_survivor"><![CDATA[Weald Survivor]]></entry>
    <entry id="str_quirk_name_cove_survivor"><![CDATA[Cove Survivor]]></entry>
    <entry id="str_quirk_name_darkest_dungeon_survivor"><![CDATA[Darkest Dungeon Survivor]]></entry>
    <entry id="str_quirk_name_ruins_master"><![CDATA[Ruins Master]]></entry>
    <entry id="str_quirk_name_warren_master"><![CDATA[Warrens Master]]></entry>
    <entry id="str_quirk_name_weald_master"><![CDATA[Weald Master]]></entry>
    <entry id="str_quirk_name_cove_master"><![CDATA[Cove Master]]></entry>
    <entry id="str_quirk_name_darkest_dungeon_master"><![CDATA[Darkest Dungeon Master]]></entry>
    <entry id="str_quirk_name_ruins_phobe"><![CDATA[Ruins Phobe]]></entry>
    <entry id="str_quirk_name_warren_phobe"><![CDATA[Warrens Phobe]]></entry>
    <entry id="str_quirk_name_weald_phobe"><![CDATA[Weald Phobe]]></entry>
    <entry id="str_quirk_name_cove_phobe"><![CDATA[Cove Phobe]]></entry>
    <entry id="str_quirk_name_darkest_dungeon_phobe"><![CDATA[Darkest Dungeon Phobe]]></entry>
    <entry id="str_quirk_name_ablutomania"><![CDATA[Ablutomania]]></entry>
    <entry id="str_quirk_name_dacnomania"><![CDATA[Dacnomania]]></entry>
    <entry id="str_quirk_name_egomania"><![CDATA[Egomania]]></entry>
    <entry id="str_quirk_name_hylomania"><![CDATA[Hylomania]]></entry>
    <entry id="str_quirk_name_nymphomania"><![CDATA[Nymphomania]]></entry>
    <entry id="str_quirk_name_sitiomania"><![CDATA[Sitiomania]]></entry>
    <entry id="str_quirk_name_photomania"><![CDATA[Photomania]]></entry>
    <entry id="str_quirk_name_plutomania"><![CDATA[Plutomania]]></entry>
    <entry id="str_quirk_name_autophobia"><![CDATA[Autophobia]]></entry>
    <entry id="str_quirk_name_lygophobia"><![CDATA[Lygophobia]]></entry>
    <entry id="str_quirk_name_necrophobia"><![CDATA[Necrophobia]]></entry>
    <entry id="str_quirk_name_phengophobia"><![CDATA[Phengophobia]]></entry>
    <entry id="str_quirk_name_zoophobia"><![CDATA[Zoophobia]]></entry>
    <entry id="str_quirk_name_thanatophobia"><![CDATA[Thanatophobia]]></entry>
    <entry id="str_quirk_name_satanophobia"><![CDATA[Satanophobia]]></entry>
    <entry id="str_quirk_name_automatonophobia"><![CDATA[Automatonophobia]]></entry>
    <entry id="str_quirk_name_back_tracker"><![CDATA[Back Tracker]]></entry>
    <entry id="str_quirk_name_nocturnal"><![CDATA[Nocturnal]]></entry>
    <entry id="str_quirk_name_diurnal"><![CDATA[Diurnal]]></entry>
    <entry id="str_quirk_name_warrior_of_light"><![CDATA[Warrior of Light]]></entry>
    <entry id="str_quirk_name_dipsomania"><![CDATA[Dipsomania]]></entry>
    <entry id="str_quirk_name_paranormania"><![CDATA[Paranormania]]></entry>
    <entry id="str_quirk_name_demonomania"><![CDATA[Demonomania]]></entry>
    <entry id="str_quirk_name_compulsive"><![CDATA[Compulsive]]></entry>
    <entry id="str_quirk_name_hagiomania"><![CDATA[Hagiomania]]></entry>
    <entry id="str_quirk_description_fated"><![CDATA[Chance to turn any MISS into a HIT]]></entry>
    <entry id="str_quirk_description_dark_temptation"><![CDATA[Prone to investigating the Dark Arts.]]></entry>
    <entry id="str_quirk_description_claustrophobia"><![CDATA[Severe fear of enclosed spaces.]]></entry>
    <entry id="str_quirk_description_lurker"><![CDATA[Becomes stronger in the dark.]]></entry>
    <entry id="str_quirk_description_alcoholism"><![CDATA[In town, will only Drink.]]></entry>
    <entry id="str_quirk_description_resolution"><![CDATA[In town, will never Drink.]]></entry>
    <entry id="str_quirk_description_gambler"><![CDATA[In town, will only Gamble.]]></entry>
    <entry id="str_quirk_description_bad_gambler"><![CDATA[Increased chance of losing money while Gambling.]]></entry>
    <entry id="str_quirk_description_known_cheat"><![CDATA[Is not allowed to Gamble while in town.]]></entry>
    <entry id="str_quirk_description_love_interest"><![CDATA[In town, will only visit the Brothel for stress relief.]]></entry>
    <entry id="str_quirk_description_deviant_tastes"><![CDATA[Is not allowed to visit the Brothel. For reasons best left to discretion.]]></entry>
    <entry id="str_quirk_description_enlightened"><![CDATA[In town, will only Meditate for stress relief.]]></entry>
    <entry id="str_quirk_description_improved_balance"><![CDATA[Chance to resist being pushed or pulled in battle.]]></entry>
    <entry id="str_quirk_description_meditator"><![CDATA[Improved stress reduction while Meditating and while Camping.]]></entry>
    <entry id="str_quirk_description_calm"><![CDATA[Reduced damage for first two rounds of combat.]]></entry>
    <entry id="str_quirk_description_unquiet_mind"><![CDATA[May not Meditate while in town.]]></entry>
    <entry id="str_quirk_description_god_fearing"><![CDATA[In town, will only Pray for stress relief.]]></entry>
    <entry id="str_quirk_description_tither"><![CDATA[Pays extra gold for all Abbey activities.]]></entry>
    <entry id="str_quirk_description_witness"><![CDATA[Will not take part in Prayer activity in town, after certain traumatic events.]]></entry>
    <entry id="str_quirk_description_flagellant"><![CDATA[In town, will only Flagellate for stress relief.]]></entry>
    <entry id="str_quirk_description_faithless"><![CDATA[Will not Pray or Flagellate for stress relief.]]></entry>
    <entry id="str_quirk_description_leprosy"><![CDATA[Leprosy...]]></entry>
    <entry id="str_quirk_description_wasting_sickness"><![CDATA[Life drains with each step...]]></entry>
    <entry id="str_quirk_description_syphilis"><![CDATA[The Great Pox...a sign of indiscretions.]]></entry>
    <entry id="str_quirk_new"><![CDATA[New Quirk!]]></entry>
    <entry id="str_disease_new"><![CDATA[New Disease!]]></entry>
    <entry id="str_quirk_description_kleptomaniac"><![CDATA[Prone to stealing items.]]></entry>
    <entry id="str_quirk_description_curious"><![CDATA[Obsessed with the acquisition of knowledge.]]></entry>
    <entry id="str_quirk_description_bloodthirsty"><![CDATA[Fascinated with injury, wounds, and torture.]]></entry>
    <entry id="str_quirk_description_guilty_conscience"><![CDATA[Bears the crushing guilt of deeds real and imagined.]]></entry>
    <entry id="str_quirk_description_hieromania"><![CDATA[Experiences religious visions and delusions.]]></entry>
    <entry id="str_quirk_description_necromania"><![CDATA[Fascinated with corpses.]]></entry>
    <entry id="str_quirk_description_thanatophobia"><![CDATA[Terrified of meeting an untimely end.]]></entry>
    <entry id="str_quirk_description_zoophobia"><![CDATA[Afraid of beasts.]]></entry>
    <entry id="str_quirk_description_clotter"><![CDATA[Stops bleeding really well.]]></entry>
    <entry id="str_quirk_description_necrophobia"><![CDATA[Intense fear of dead bodies.]]></entry>
    <entry id="str_quirk_description_back_tracker"><![CDATA[No stress penalty when walking backwards.]]></entry>
    <entry id="str_quirk_description_ablutomania"><![CDATA[Obsessed with cleanliness.]]></entry>
    <entry id="str_quirk_description_dacnomania"><![CDATA[Obsessed with killing.]]></entry>
    <entry id="str_quirk_description_egomania"><![CDATA[Obsessed with self-worship.]]></entry>
    <entry id="str_quirk_description_hylomania"><![CDATA[Obsessed with material things.]]></entry>
    <entry id="str_quirk_description_sitiomania"><![CDATA[Obsessed with food.]]></entry>
    <entry id="str_quirk_description_plutomania"><![CDATA[Manic for money.]]></entry>
    <entry id="str_quirk_description_dipsomania"><![CDATA[Intense craving for alcohol.]]></entry>
    <entry id="str_quirk_description_paranormania"><![CDATA[Obsessed with the paranormal.]]></entry>
    <entry id="str_quirk_description_demonomania"><![CDATA[Believes is possessed by demons.]]></entry>
    <entry id="str_quirk_description_hagiomania"><![CDATA[Obsessed with sainthood.]]></entry>
    <entry id="str_quirk_description_compulsive"><![CDATA[Suffers intense need to do specific actions.]]></entry>
  </language>
</root>

