<?xml version="1.0" encoding="UTF-8"?>
<root>
  <language id="english">
    <entry id="retreat_raid_party_kill_darkestdungeon_confirm_question"><![CDATA[The fiends are closing in and a random hero must give their life to ensure the others will escape from the Darkest Dungeon. Really abandon quest?]]></entry>
    <entry id="retreat_raid_party_kill_darkestdungeon_confirm_answer_yes"><![CDATA[Yes]]></entry>
    <entry id="retreat_raid_party_kill_darkestdungeon_confirm_answer_no"><![CDATA[No]]></entry>
    <entry id="retreat_raid_party_kill_town_confirm_question"><![CDATA[A hero must sacrifice themself to delay the bandits until help arrives. Really abandon quest?]]></entry>
    <entry id="retreat_raid_party_kill_town_confirm_answer_yes"><![CDATA[Yes]]></entry>
    <entry id="retreat_raid_party_kill_town_confirm_answer_no"><![CDATA[No]]></entry>
    <entry id="str_vo_town_event_embark_party_buff_crypts_buff_0"><![CDATA[The shuffling dead are silenced - we have claimed dominion over the Ruins once more!]]></entry>
    <entry id="str_vo_town_event_embark_party_buff_weald_buff_0"><![CDATA[Pallid light filters its way through the rotting boughs...let us press on!]]></entry>
    <entry id="str_vo_town_event_embark_party_buff_warrens_buff_0"><![CDATA[The twisting tunnels no longer exhale the toxic stench of degeneracy...]]></entry>
    <entry id="str_vo_town_event_embark_party_buff_cove_buff_0"><![CDATA[The frothing waters subside; the advantage is ours!]]></entry>
    <entry id="str_vo_town_event_idle_resolve_level_plague_doctor_0"><![CDATA[A new enemy - insipid and incurable.]]></entry>
    <entry id="str_vo_town_event_idle_resolve_level_jester_0"><![CDATA[Tonight, the fools make merry. Tomorrow, they die laughing.]]></entry>
    <entry id="str_vo_town_event_idle_resolve_level_highwayman_0"><![CDATA[The shadows hide the guilty and guilt-ridden alike...]]></entry>
    <entry id="str_vo_town_event_idle_resolve_level_grave_robber_0"><![CDATA[To the resourceful thief, burials are merely... ephemeral affairs.]]></entry>
    <entry id="str_vo_town_event_idle_resolve_level_man_at_arms_0"><![CDATA[Strength, purpose, and peace - all can be found in the focused mind.]]></entry>
    <entry id="str_vo_town_event_idle_resolve_level_arbalest_0"><![CDATA[Competition fosters skill and confidence...]]></entry>
    <entry id="str_vo_town_event_idle_resolve_level_houndmaster_0"><![CDATA[Seditionists and heretics skulk in the alleys - they must be found out!]]></entry>
    <entry id="str_vo_town_event_idle_resolve_level_abomination_0"><![CDATA[The man is slave to the beast, and the beast is slave to the moon.]]></entry>
    <entry id="str_vo_town_event_bonus_recruit_crusader_0"><![CDATA[Behold - righteousness and zealotry - gleaming in the morning sun.]]></entry>
    <entry id="str_vo_town_event_bonus_recruit_bounty_hunter_0"><![CDATA[Risk and reward - a siren's call to the enterprising stalker.]]></entry>
    <entry id="str_vo_town_event_bonus_recruit_vestal_0"><![CDATA[Let the organ notes ring out from the Abbey - the Sisters are gathering...]]></entry>
    <entry id="str_vo_town_event_bonus_recruit_hellion_0"><![CDATA[There will be no sleep tonight - the wild shouts and frantic drumming will see to that.]]></entry>
    <entry id="str_vo_town_event_bonus_recruit_occultist_0"><![CDATA[They meet in secret, that none may know the horrifying depths of their inquiries.]]></entry>
    <entry id="str_vo_town_event_bonus_recruit_leper_0"><![CDATA[Cast out from the 'civilized' world, these men may yet be of use to us.]]></entry>
    <entry id="str_vo_town_event_bonus_recruit_antiquarian_0"><![CDATA[There is, indeed, no better place for those in search of rarities and forgotten lore...]]></entry>
    <entry id="str_vo_town_event_in_activity_buff_stress_heal_buff_0"><![CDATA[A ray of sunlight. A beacon of golden hope.]]></entry>
    <entry id="str_vo_town_event_in_activity_buff_stress_heal_debuff_0"><![CDATA[Windows and doors will be bolted. Tonight, something haunts the dark.]]></entry>
    <entry id="str_vo_town_event_lock_bar_discount_tavern_0"><![CDATA[A troubling shortage of ale...and a notable absence of good humour.]]></entry>
    <entry id="str_vo_town_event_lock_gambling_discount_tavern_0"><![CDATA[The beating heart of the gambling hall - now bloodless and still.]]></entry>
    <entry id="str_vo_town_event_lock_brothel_discount_tavern_0"><![CDATA[Any evidence of excessive exertions must be made scarce. After all, apearances must be maintained...]]></entry>
    <entry id="str_vo_town_event_lock_meditation_discount_abbey_0"><![CDATA[Ancient and crumbling, the Abbey's masonry fares no better than the faith of its congregation.]]></entry>
    <entry id="str_vo_town_event_lock_prayer_discount_abbey_0"><![CDATA[Woe to the sheep, for does the absence of the shepherd not invite the wolves?]]></entry>
    <entry id="str_vo_town_event_lock_flagellation_discount_abbey_0"><![CDATA[No amount of scrubbing can remove the stains of such fearsome piety.]]></entry>
    <entry id="str_vo_town_event_provision_supply_discount_0"><![CDATA[Surplus - a rare and wonderful thing!]]></entry>
    <entry id="str_vo_town_event_provision_reduced_amounts_0"><![CDATA[What little there is must suffice, for the time being.]]></entry>
    <entry id="str_vo_town_event_provision_supply_free_0"><![CDATA[A modest offering from those few surrounding farms yet untouched by the spreading calamity.]]></entry>
    <entry id="str_vo_town_event_nomad_wagon_trinket_discount_0"><![CDATA[Their customs are curious, and their generosity is notoriously short-lived.]]></entry>
    <entry id="str_vo_town_event_dead_recruit_01_0"><![CDATA[Back across the styx - Boatman be damned!]]></entry>
    <entry id="str_vo_town_event_dead_recruit_02_0"><![CDATA[Life...the greatest treasure of all.]]></entry>
    <entry id="str_vo_town_event_dead_recruit_03_0"><![CDATA[No rest, no peace for this wretched soul.]]></entry>
    <entry id="str_vo_town_event_free_abbey_0"><![CDATA[Take advantage of this faith-fueled charity - it will not last.]]></entry>
    <entry id="str_vo_town_event_free_tavern_0"><![CDATA[Death and demise - cause for celebration!]]></entry>
    <entry id="str_vo_town_event_free_sanitarium_0"><![CDATA[The preponderance of rare and exotic injuries make this place perfect for the study of suffering.]]></entry>
    <entry id="str_vo_town_event_remove_quest_hero_level_restriction_0"><![CDATA[Let each help the other, and in so doing, help themselves...]]></entry>
    <entry id="str_vo_town_event_embark_party_buff_virtue_chance_0"><![CDATA[A fever of wilfull determination sweeps through the barracks!]]></entry>
    <entry id="str_vo_town_event_embark_party_buff_affliction_chance_0"><![CDATA[Your soldiers' minds are mired in malignancy - fear has taken root!]]></entry>
    <entry id="str_vo_town_event_upgrade_tag_free_armour_0"><![CDATA[An exquisite example of craftsmanship... and futility.]]></entry>
    <entry id="str_vo_town_event_upgrade_tag_free_weapon_0"><![CDATA[A finely crafted instrument of butchery and bloodshed - yours for the taking.]]></entry>
    <entry id="str_vo_town_event_upgrade_tag_free_building_upgrade_0"><![CDATA[Even these dirt-covered dullards have their uses - put them to work!]]></entry>
    <entry id="str_vo_town_event_idle_stress_heal_buff_0"><![CDATA[Perhaps things are not as bad as they seem... (laughter)]]></entry>
    <entry id="str_vo_town_event_free_disease_0"><![CDATA[Finally the serum is working, and the side-effects are... manageable.]]></entry>
    <entry id="str_vo_town_event_plot_quest_town_invasion_0_0"><![CDATA[Flames on the horizon, sulfur in the air - the wolves are at the door!]]></entry>
    <entry id="str_vo_town_event_free_all_activities_0"><![CDATA[The town is alive with wild merriment and desperate jubilation!]]></entry>
    <entry id="str_death_attack_hero"><![CDATA[fell to the hand of an ally!]]></entry>
    <entry id="retreat_raid_party_kill_town_confirm_question"><![CDATA[One hero must be sacrificed to hold back the Brigand's advance. Really abandon quest?]]></entry>
    <entry id="retreat_raid_party_kill_town_confirm_yes"><![CDATA[Flee]]></entry>
    <entry id="retreat_raid_party_kill_town_confirm_no"><![CDATA[Stand Fast]]></entry>
    <entry id="town_quest_select_not_town_event_plot_quest_plot_town_invasion_0_confirm"><![CDATA[By ignoring the Brigand Incursion event, you are allowing your Hamlet to be razed! Several building upgrades will be destroyed as Vvulf and his men mercilessly pillage the township.]]></entry>
    <entry id="town_quest_select_town_event_plot_quest_plot_town_invasion_0_confirm"><![CDATA[You must battle the merciless Brigands amidst crumbling buildings and rampant structure fires - this is not an easy task. Retreating will result in the death of one of your heroes.]]></entry>
    <entry id="dungeon_name_town"><![CDATA[Hamlet]]></entry>
    <entry id="town_quest_name_plot_town_invasion_0"><![CDATA[Wolves at the Door]]></entry>
    <entry id="town_quest_description_plot_town_invasion_0"><![CDATA[To arms! A Brigand raiding party is descending upon the Hamlet with explosive fury, and murderous intent!]]></entry>
    <entry id="str_caretaker_goal_plot_town_invasion_0"><![CDATA[Repel the Brigand Incursion]]></entry>
    <entry id="str_returned_from_plot_town_invasion_0_success"><![CDATA[repelled the Brigand raiders!]]></entry>
    <entry id="str_returned_from_plot_town_invasion_0_failure"><![CDATA[skirmished with the Brigands, at great cost.]]></entry>
    <entry id="str_embarked_on_plot_town_invasion_0"><![CDATA[deployed to stop the Brigand raiders!]]></entry>
    <entry id="str_monstername_brigand_raider_D"><![CDATA[Brigand Raider]]></entry>
    <entry id="str_monstername_brigand_hunter_D"><![CDATA[Brigand Hunter]]></entry>
    <entry id="str_monstername_brigand_sapper_D"><![CDATA[Brigand Vvulf]]></entry>
    <entry id="str_monstername_brigand_barrel_D"><![CDATA[Barrel 'o Bombs]]></entry>
    <entry id="str_monster_skill_sapper_throw"><![CDATA[Bombs Away]]></entry>
    <entry id="str_monster_skill_sapper_detonate"><![CDATA[Time's Up!]]></entry>
    <entry id="str_monster_skill_sapper_summon"><![CDATA[Get Them!]]></entry>
    <entry id="str_monster_skill_sapper_stress"><![CDATA[Warcry]]></entry>
    <entry id="str_monster_skill_sapper_guard"><![CDATA[Tower Shield]]></entry>
    <entry id="str_curio_incursion_knapsack_loot"><![CDATA[Pillaged Satchel]]></entry>
    <entry id="str_inventory_title_trinketboss_tassle"><![CDATA[Vvulf's Tassel]]></entry>
    <entry id="town_name_town_Event"><![CDATA[Hear Ye, Hear Ye!]]></entry>
    <entry id="town_event_title_embark_party_buff_crypts_buff"><![CDATA[Silence in the Crypts]]></entry>
    <entry id="town_event_description_embark_party_buff_crypts_buff"><![CDATA[Reports from the hill cottages confirm a welcome reduction in the general aire of malaise in and around the old Ruins.]]></entry>
    <entry id="town_event_title_embark_party_buff_weald_buff"><![CDATA[Sunshine in the Thicket]]></entry>
    <entry id="town_event_description_embark_party_buff_weald_buff"><![CDATA[Wholesome plant life has been spotted in the surrounding wood - a rarity in these parts.]]></entry>
    <entry id="town_event_title_embark_party_buff_warrens_buff"><![CDATA[Fresh Air in the Tunnels]]></entry>
    <entry id="town_event_description_embark_party_buff_warrens_buff"><![CDATA[West side residents have expressed relief at the abatement of the nauseating odour emanating from the ancient aqueducts.]]></entry>
    <entry id="town_event_title_embark_party_buff_cove_buff"><![CDATA[Gentle Tide]]></entry>
    <entry id="town_event_description_embark_party_buff_cove_buff"><![CDATA[Superstitious mariners rejoiced earlier today at news that unspeakable eldritch evils no longer threaten their cargo.]]></entry>
    <entry id="town_event_title_idle_resolve_level_plague_doctor"><![CDATA[The Plague]]></entry>
    <entry id="town_event_description_idle_resolve_level_plague_doctor"><![CDATA[The shadow of sickness and disease has cast itself upon our Hamlet, and with it - panic.]]></entry>
    <entry id="town_event_title_idle_resolve_level_jester"><![CDATA[Idle Busking]]></entry>
    <entry id="town_event_description_idle_resolve_level_jester"><![CDATA[The music itself is damnably familiar, and yet, strangely unplaceable. Is it the instrument's odd tuning, or some inhuman quality in the bard's fingers?]]></entry>
    <entry id="town_event_title_idle_resolve_level_highwayman"><![CDATA[Laying Low]]></entry>
    <entry id="town_event_description_idle_resolve_level_highwayman"><![CDATA[In the ensuing melee, two of the men escaped the scene and are said to be at large. They are most assuredly armed, dangerous, and desperate.]]></entry>
    <entry id="town_event_title_idle_resolve_level_grave_robber"><![CDATA[Eat the Rich]]></entry>
    <entry id="town_event_description_idle_resolve_level_grave_robber"><![CDATA[Most curious of all, however, is the absence of any evidence in the crypt itself. Nevertheless, the chest was found open, its contents conspicuously missing.]]></entry>
    <entry id="town_event_title_idle_resolve_level_man_at_arms"><![CDATA[Militia Training]]></entry>
    <entry id="town_event_description_idle_resolve_level_man_at_arms"><![CDATA[The veteran Sergeant will be demonstrating his training regimen at the Guild Hall every night for the next week. All those concerned with self-preservation are encouraged to attend.]]></entry>
    <entry id="town_event_title_idle_resolve_level_arbalest"><![CDATA[Archery Tournament]]></entry>
    <entry id="town_event_description_idle_resolve_level_arbalest"><![CDATA[The keenest eye and steadiest hand will prevail during this week's tournament. The winner will claim the coveted Caretaker's Cup.]]></entry>
    <entry id="town_event_title_idle_resolve_level_houndmaster"><![CDATA[Rats Among Us]]></entry>
    <entry id="town_event_description_idle_resolve_level_houndmaster"><![CDATA[Threats to our collective safety are never in short supply, but this week our local constabulary received a welcome augmentation...]]></entry>
    <entry id="town_event_title_idle_resolve_level_abomination"><![CDATA[A Gibbous Moon]]></entry>
    <entry id="town_event_description_idle_resolve_level_abomination"><![CDATA[...and it is during such lunar phases that many residents report shrieks and howls of the most profoundly unnerving quality.]]></entry>
    <entry id="town_event_title_bonus_recruit_crusader"><![CDATA[Call of the Crusade]]></entry>
    <entry id="town_event_description_bonus_recruit_crusader"><![CDATA[...inexplicably however, only two have arrived. It appears that the Abbot's earnest appeal has been answered, albeit with mocking cruelty.]]></entry>
    <entry id="town_event_title_bonus_recruit_bounty_hunter"><![CDATA[Rumour of Riches]]></entry>
    <entry id="town_event_description_bonus_recruit_bounty_hunter"><![CDATA[Quiet and reserved, these men are professionals, compelled not by the scent of blood, but rather the gleam of gold.]]></entry>
    <entry id="town_event_title_bonus_recruit_vestal"><![CDATA[Holy Gathering]]></entry>
    <entry id="town_event_description_bonus_recruit_vestal"><![CDATA[The Sisters of St. Martha's will lead the service with a chorus of 'We Are the Flame', after which they will be accepting confessions in the lower hall.]]></entry>
    <entry id="town_event_title_bonus_recruit_hellion"><![CDATA[Revelry]]></entry>
    <entry id="town_event_description_bonus_recruit_hellion"><![CDATA[Debaucherous and decadent in the extreme, several nomadic warriors have wandered into the Hamlet in search of a glorious death. We can only hope they find it quickly.]]></entry>
    <entry id="town_event_title_bonus_recruit_occultist"><![CDATA[Wyrd Council]]></entry>
    <entry id="town_event_description_bonus_recruit_occultist"><![CDATA[While strange utterances and unsettling chants typically characterize such events, we have been assured there is no real danger present in the rituals themselves.]]></entry>
    <entry id="town_event_title_bonus_recruit_leper"><![CDATA[Leper Colony]]></entry>
    <entry id="town_event_description_bonus_recruit_leper"><![CDATA[One cannot help but admire these unfortunate souls - they bear their burden with a grace and humility seldom seen in the able-bodied.]]></entry>
    <entry id="town_event_title_bonus_recruit_antiquarian"><![CDATA[Antique Roadshow]]></entry>
    <entry id="town_event_description_bonus_recruit_antiquarian"><![CDATA[...the recently recovered cache has excited local enthusiasts, and drawn the attention of experts in the neighboring regions.]]></entry>
    <entry id="town_event_title_in_activity_buff_stress_heal_buff"><![CDATA[A Ray of Sunlight]]></entry>
    <entry id="town_event_description_in_activity_buff_stress_heal_buff"><![CDATA[This pleasant weather comes as a welcome change, particularly for those currently enjoying a period of convalescence.]]></entry>
    <entry id="town_event_title_in_activity_buff_stress_heal_debuff"><![CDATA[The Miserable Dark]]></entry>
    <entry id="town_event_description_in_activity_buff_stress_heal_debuff"><![CDATA[...as one man put it, Somethin' ain't right with them shadows - movin' and twistin' as they do.". Residents are advised to stay indoors until daybreak."]]></entry>
    <entry id="town_event_title_lock_bar_discount_tavern"><![CDATA[Empty Kegs]]></entry>
    <entry id="town_event_description_lock_bar_discount_tavern"><![CDATA[Ironically, those most vocal concerning the current dearth of spirits and mead are the same patrons whose unrestrained exuberance the night before exhausted the supply.]]></entry>
    <entry id="town_event_title_lock_gambling_discount_tavern"><![CDATA[Daylight Robbery]]></entry>
    <entry id="town_event_description_lock_gambling_discount_tavern"><![CDATA[Operations will be suspended temporarily, but given the limited avenues of egress from the Hamlet, officials are optimistic the thieves will be apprehended shortly.]]></entry>
    <entry id="town_event_title_lock_brothel_discount_tavern"><![CDATA[Laundry Day]]></entry>
    <entry id="town_event_description_lock_brothel_discount_tavern"><![CDATA[Bedsheets and pillowcases gleam white on the line, their lascivious history easily erased, unlike the consciences of those who sullied them.]]></entry>
    <entry id="town_event_title_lock_meditation_discount_abbey"><![CDATA[Noisy Repairs]]></entry>
    <entry id="town_event_description_lock_meditation_discount_abbey"><![CDATA[Indeed, the elements have not been kind to the old Abbey; the very soil itself seems to reject the place. Work is expected to last through the week.]]></entry>
    <entry id="town_event_title_lock_prayer_discount_abbey"><![CDATA[Absent Abbot]]></entry>
    <entry id="town_event_description_lock_prayer_discount_abbey"><![CDATA[The Abbot has sequestered himself in the wine cellar, ostensibly to consider how best to help his parisioners cope with the deluge of godless horrors that plague these lands.]]></entry>
    <entry id="town_event_title_lock_flagellation_discount_abbey"><![CDATA[Cell Cleaning]]></entry>
    <entry id="town_event_description_lock_flagellation_discount_abbey"><![CDATA[The Abbot will not comment on the condition of the Penance Hall at this time, except to say that he expects normal operations to be resumed shortly.]]></entry>
    <entry id="town_event_title_provision_supply_discount"><![CDATA[Supply Run]]></entry>
    <entry id="town_event_description_provision_supply_discount"><![CDATA[Met at the bridge by a jubilant crowd, the Caretaker credits a thick fog and an early departure time for the wagon's safe arrival.]]></entry>
    <entry id="town_event_title_provision_supply_free"><![CDATA[Bumper Crop]]></entry>
    <entry id="town_event_description_provision_supply_free"><![CDATA[Nearby farmers have banded together, increasing security in an effort to protect the healthy livestock and crops upon which the Hamlet depends.]]></entry>
    <entry id="town_event_title_provision_reduced_amounts"><![CDATA[Lost Shipment]]></entry>
    <entry id="town_event_description_provision_reduced_amounts"><![CDATA[Yet another cargo vessel has sunk off the coast, and the surviving crew have proven distressingly evasive concerning the particulars of this latest nautical nightmare.]]></entry>
    <entry id="town_event_title_nomad_wagon_trinket_discount"><![CDATA[Nomad New Year]]></entry>
    <entry id="town_event_description_nomad_wagon_trinket_discount"><![CDATA[The collection is indeed impressive, and all the more appealing when one takes notice of the discounted prices.]]></entry>
    <entry id="town_event_title_free_abbey"><![CDATA[All Saints Day]]></entry>
    <entry id="town_event_description_free_abbey"><![CDATA[The Abbey will be decorated for the duration of the event, and all are welcome to visit during the extended hours.]]></entry>
    <entry id="town_event_title_free_tavern"><![CDATA[Mardis Gras]]></entry>
    <entry id="town_event_description_free_tavern"><![CDATA[The Tavern will be open later than normal throughout the celebration, and residents are asked to maintain some semblance of decorum when leaving after midnight.]]></entry>
    <entry id="town_event_title_free_sanitarium"><![CDATA[Caregivers Convention]]></entry>
    <entry id="town_event_description_free_sanitarium"><![CDATA[Among the visiting delegation are experts in corporeal and cognitive disability, as well as several forensic specialists.]]></entry>
    <entry id="town_event_title_free_all_activities"><![CDATA[Town Fair]]></entry>
    <entry id="town_event_description_free_all_activities"><![CDATA[The town is alight with a spirit of goodwill and revelry, but this life-affirming attitude is not predicted to last long.]]></entry>
    <entry id="town_event_title_dead_recruit"><![CDATA[From Beyond]]></entry>
    <entry id="town_event_description_dead_recruit"><![CDATA[By hateful curse or malign miracle, it seems even death may be defied in this damnable place. Only ONE of these soldiers can be returned to the living...]]></entry>
    <entry id="town_event_title_remove_quest_hero_level_restriction"><![CDATA[Helping Hand]]></entry>
    <entry id="town_event_description_remove_quest_hero_level_restriction"><![CDATA[Putting ego aside does not come easily to such seasoned survivors, but the new recruits are palpably grateful for the assistance.]]></entry>
    <entry id="town_event_title_upgrade_tag_free_armour"><![CDATA[A Job Well Done]]></entry>
    <entry id="town_event_description_upgrade_tag_free_armour"><![CDATA[He stayed up working for days, inspired by the rare quality of his materials, and determined to do them justice with his own skill.]]></entry>
    <entry id="town_event_title_upgrade_tag_free_weapon"><![CDATA[Lost and Found]]></entry>
    <entry id="town_event_description_upgrade_tag_free_weapon"><![CDATA[In the end, the hours of rooting through the old barrels and forgotten weapon racks bore fruit!]]></entry>
    <entry id="town_event_title_upgrade_tag_free_building_upgrade"><![CDATA[Labour Force]]></entry>
    <entry id="town_event_description_upgrade_tag_free_building_upgrade"><![CDATA[Historically, seasonal labourers have been loath to make the journey along the Old Road, but harsh economic conditions have driven them to desperation.]]></entry>
    <entry id="town_event_title_idle_stress_heal_buff"><![CDATA[One Good Week]]></entry>
    <entry id="town_event_description_idle_stress_heal_buff"><![CDATA[...and while the campaign continues to drag on, recent events have emboldened the standing roster. Confidence is reported to be at an all-time high.]]></entry>
    <entry id="town_event_title_free_disease"><![CDATA[Medical Breakthrough]]></entry>
    <entry id="town_event_description_free_disease"><![CDATA[The time and gold were not spent in vain, however, as today caregivers announced they have succeeded in concocting an effective antidote.]]></entry>
    <entry id="town_event_title_embark_party_buff_affliction_chance"><![CDATA[The Dark is Rising]]></entry>
    <entry id="town_event_description_embark_party_buff_affliction_chance"><![CDATA[Despondency and ambivalence seem to be on the wind. Many adventurers confess to having a troubled disposition, even here, in the relative safety of the Hamlet]]></entry>
    <entry id="town_event_title_embark_party_buff_virtue_chance"><![CDATA[Valiant Spirit]]></entry>
    <entry id="town_event_description_embark_party_buff_virtue_chance"><![CDATA[They were a fearsome lot - gritted teeth, distant stares; and between them, an unbreakable bond of fellowship.]]></entry>
    <entry id="town_event_title_plot_quest_town_invasion_0"><![CDATA[Brigand Incursion!]]></entry>
    <entry id="town_event_description_plot_quest_town_invasion_0"><![CDATA[To arms! A Brigand raiding party is descending upon the Hamlet with explosive fury and murderous intent!]]></entry>
    <entry id="town_event_info_format_embark_party_buff"><![CDATA[%s on Next Quest]]></entry>
    <entry id="town_event_info_format_idle_buff"><![CDATA[All Idle Heroes %s]]></entry>
    <entry id="town_event_info_format_idle_resolve_level"><![CDATA[Idle {?hero_class}%ss gain {?resolve_level}%d Resolve Level]]></entry>
    <entry id="town_event_info_in_activity_buff_stress_heal_buff"><![CDATA[All Stress Relief Activities More Effective]]></entry>
    <entry id="town_event_info_in_activity_buff_stress_heal_debuff"><![CDATA[All Stress Relief Activities Less Effective]]></entry>
    <entry id="town_event_info_format_activity_lock"><![CDATA[%s is Locked]]></entry>
    <entry id="town_event_info_format_free_activity"><![CDATA[%s is Free]]></entry>
    <entry id="town_event_info_format_activity_cost_change"><![CDATA[{?activity}%s costs {?cost_change}%d%%]]></entry>
    <entry id="town_event_info_format_provision_item_type_cost_change"><![CDATA[{?item_type}%s costs {?cost_change}%d%%]]></entry>
    <entry id="town_event_info_format_provision_item_type_amount_change"><![CDATA[{?item_type}%s quantities change by {?amount_change}%d%%]]></entry>
    <entry id="str_inventory_type_name_supply"><![CDATA[Supply]]></entry>
    <entry id="str_inventory_type_name_provision"><![CDATA[Provision]]></entry>
    <entry id="upgrade_tag_name_armour"><![CDATA[Armour]]></entry>
    <entry id="upgrade_tag_name_weapon"><![CDATA[Weapon]]></entry>
    <entry id="upgrade_tag_name_building"><![CDATA[Building]]></entry>
    <entry id="upgrade_tag_name_trinket"><![CDATA[Trinket]]></entry>
    <entry id="town_event_info_format_upgrade_tag_discount"><![CDATA[%s cost %d%%]]></entry>
    <entry id="town_event_info_remove_quest_hero_level_restriction"><![CDATA[Level Restrictions Removed for Next Quest]]></entry>
    <entry id="town_event_info_format_upgrade_tag_free"><![CDATA[Free Upgrade: {?upgrade_tag}%s x {?amount}%d]]></entry>
    <entry id="town_free"><![CDATA[Free]]></entry>
    <entry id="town_event_info_format_plot_quest"><![CDATA[Plot Quest: %s]]></entry>
    <entry id="town_quest_quest_select_no_combat_skills_equipped_confirm"><![CDATA[No combat skills equipped]]></entry>
    <entry id="town_quest_quest_select_no_combat_skills_equipped_confirm_hero_name_format"><![CDATA[Hero: %s]]></entry>
    <entry id="options_value_off"><![CDATA[OFF]]></entry>
    <entry id="options_value_normal"><![CDATA[NORMAL]]></entry>
    <entry id="options_value_plentiful"><![CDATA[PLENTIFUL]]></entry>
    <entry id="str_party_default_order"><![CDATA[Default Party order]]></entry>
    <entry id="town_event_info_free_all_activities"><![CDATA[All Treatment Facilities Free]]></entry>
    <entry id="str_curio_locked_strongbox_loot"><![CDATA[The contents are yours!]]></entry>
    <entry id="str_curio_tutorial_shovel_loot"><![CDATA[The contents are yours!]]></entry>
    <entry id="str_curio_tutorial_holy_loot"><![CDATA[The sack's contents are yours...]]></entry>
    <entry id="str_curio_tutorial_key_loot"><![CDATA[The pack contains loot!]]></entry>
    <entry id="str_curio_tutorial_food_loot"><![CDATA[The pack contains loot!]]></entry>
    <entry id="str_curio_thanks_chest_loot"><![CDATA[The contents are yours!]]></entry>
    <entry id="tray_icon_tooltip_buff_duration_quest_end_format"><![CDATA[%s (%d quests)]]></entry>
    <entry id="tray_icon_tooltip_buff_duration_quest_not_complete_format"><![CDATA[%s (%d quests)]]></entry>
    <entry id="str_town_event_started"><![CDATA[{colour_start|town_activity_log_positive_result}Town Event: {?town_event_name}%s{colour_end}]]></entry>
    <entry id="str_perished_from_town_exit"><![CDATA[%s died ensuring the Bandit raiders were delayed.]]></entry>
    <entry id="str_death_townexit_unknown"><![CDATA[died ensuring the Bandit raiders were delayed.]]></entry>
    <entry id="menu_options_element_town_events"><![CDATA[Town Events]]></entry>
    <entry id="menu_options_element_tooltip_town_events"><![CDATA[Adjust the frequency of Town Events, which happen upon return from a quest.]]></entry>
    <entry id="str_plot_town_invasion_0_tip"><![CDATA[The Vvulf has rallied his men! Push through the Brigand hordes, defeat him, and restore some semblance of safety to the Hamlet!]]></entry>
    <entry id="str_obstacle_town_rubble_title"><![CDATA[Collapsed Wall]]></entry>
    <entry id="str_obstacle_town_rubble_description"><![CDATA[The Hamlet crumbles! An impasse of freshly fallen stone & splintered wooden beams.]]></entry>
    <entry id="str_crier_bar"><![CDATA[Aha - a full glass! Good news at last!]]></entry>
    <entry id="str_crier_bar"><![CDATA[hic! My liver - as doomed as the Hamlet - hahah!]]></entry>
    <entry id="str_crier_gambling"><![CDATA[hic! Chance and fate - one and the same!]]></entry>
    <entry id="str_crier_gambling"><![CDATA[I bet the news is bad tomorrow - call it a hunch.]]></entry>
    <entry id="str_crier_brothel"><![CDATA[Feh - get gone and leave me to myself!]]></entry>
    <entry id="str_crier_brothel"><![CDATA[I...I wish only to lie here for a spell.]]></entry>
    <entry id="str_crier_meditation"><![CDATA[hic!]]></entry>
    <entry id="str_crier_meditation"><![CDATA[Gods and men. Gods are men. Gobs of men...hehehahahaa!]]></entry>
    <entry id="str_crier_prayer"><![CDATA[Quiet, damn you! It's so hard to nap with all this chanting!]]></entry>
    <entry id="str_crier_prayer"><![CDATA[hic! They pray with their bibles, while I pray with my flask!]]></entry>
    <entry id="str_crier_flagellation"><![CDATA[I lash the sorrow away! See it run red down the drain...]]></entry>
    <entry id="str_crier_flagellation"><![CDATA[Open the scabs once more, for I am a shameful thing.]]></entry>
    <entry id="str_cant_place_hero_here_crier"><![CDATA[The Crier is currently enjoying this activity...]]></entry>
    <entry id="str_town_event_upgrade_destroyed"><![CDATA[{colour_start|town_activity_log_positive_result}Town Event: Quest failed {?town_event_name}%s{colour_end}]]></entry>
    <entry id="str_town_event_upgrade_destroyed_per_upgrade"><![CDATA[%s upgrade destroyed]]></entry>
    <entry id="town_quest_progress_plot_town_invasion_0"><![CDATA[Defend the Hamlet from brigand raid!]]></entry>
    <entry id="str_graveyard_week_string"><![CDATA[Week %d]]></entry>
  </language>
</root>

