<?xml version="1.0" encoding="UTF-8"?>
<root>
  <language id="english">
    <entry id="str_achievement_title_q1"><![CDATA[Welcome home...]]></entry>
    <entry id="str_achievement_description_q1"><![CDATA[Reach the Estate]]></entry>
    <entry id="str_achievement_title_q2"><![CDATA[The first of many victories...]]></entry>
    <entry id="str_achievement_description_q2"><![CDATA[Complete a quest]]></entry>
    <entry id="str_achievement_title_q3"><![CDATA[Our victories are mounting...]]></entry>
    <entry id="str_achievement_description_q3"><![CDATA[Complete 10 quests]]></entry>
    <entry id="str_achievement_title_q4"><![CDATA[We are victorious, but at what cost...]]></entry>
    <entry id="str_achievement_description_q4"><![CDATA[Complete 25 quests]]></entry>
    <entry id="str_achievement_title_q5"><![CDATA[Discretion, my old friend...]]></entry>
    <entry id="str_achievement_description_q5"><![CDATA[Abandon a quest]]></entry>
    <entry id="str_achievement_title_q6"><![CDATA[The first evil to fall...]]></entry>
    <entry id="str_achievement_description_q6"><![CDATA[Slay your first boss]]></entry>
    <entry id="str_achievement_title_q7"><![CDATA[A strenuous adventure comes to a close...]]></entry>
    <entry id="str_achievement_description_q7"><![CDATA[Complete a medium quest]]></entry>
    <entry id="str_achievement_title_q8"><![CDATA[A grueling adventure comes to a close...]]></entry>
    <entry id="str_achievement_description_q8"><![CDATA[Complete a long quest]]></entry>
    <entry id="str_achievement_title_q9"><![CDATA[A team of hardened veterans...]]></entry>
    <entry id="str_achievement_description_q9"><![CDATA[Start a quest with all four heroes of Resolve Level 6]]></entry>
    <entry id="str_achievement_title_q10"><![CDATA[Like lambs to the slaughter...]]></entry>
    <entry id="str_achievement_description_q10"><![CDATA[Start a Darkest Dungeon quest with four heroes of resolve level 0]]></entry>
    <entry id="str_achievement_title_q11"><![CDATA[I've seen every corner of this ruined land...]]></entry>
    <entry id="str_achievement_description_q11"><![CDATA[Complete a quest in all four regions]]></entry>
    <entry id="str_achievement_title_q12"><![CDATA[Twisted and about to break]]></entry>
    <entry id="str_achievement_description_q12"><![CDATA[Complete a dungeon with all 4 heroes afflicted]]></entry>
    <entry id="str_achievement_title_t1"><![CDATA[And our training begins...]]></entry>
    <entry id="str_achievement_description_t1"><![CDATA[Upgrade a Combat skill]]></entry>
    <entry id="str_achievement_title_t2"><![CDATA[It takes more than brawn...]]></entry>
    <entry id="str_achievement_description_t2"><![CDATA[Learn a new Camping skill]]></entry>
    <entry id="str_achievement_title_t3"><![CDATA[A drink, a hand, and a companion...]]></entry>
    <entry id="str_achievement_description_t3"><![CDATA[Treat a hero in the Tavern]]></entry>
    <entry id="str_achievement_title_t4"><![CDATA[A rumination, a prayer, and a confession...]]></entry>
    <entry id="str_achievement_description_t4"><![CDATA[Treat a hero in the Abbey]]></entry>
    <entry id="str_achievement_title_t5"><![CDATA[Weeding out the weak...]]></entry>
    <entry id="str_achievement_description_t5"><![CDATA[Dismiss your first hero]]></entry>
    <entry id="str_achievement_title_t6"><![CDATA[A veritable crowd...]]></entry>
    <entry id="str_achievement_description_t6"><![CDATA[Have one of each class on your roster]]></entry>
    <entry id="str_achievement_title_t7"><![CDATA[The price we pay for sanity...]]></entry>
    <entry id="str_achievement_description_t7"><![CDATA[Remove a Quirk in the Sanitarium]]></entry>
    <entry id="str_achievement_title_t8"><![CDATA[Encouragement...]]></entry>
    <entry id="str_achievement_description_t8"><![CDATA[Lock a positive Quirk in the Sanitarium]]></entry>
    <entry id="str_achievement_title_t9"><![CDATA[Our equipment polished to a mirror finish...]]></entry>
    <entry id="str_achievement_description_t9"><![CDATA[Fully upgrade the Blacksmith]]></entry>
    <entry id="str_achievement_title_t10"><![CDATA[Our techniques sharpened to a razor's edge...]]></entry>
    <entry id="str_achievement_description_t10"><![CDATA[Fully upgrade the Guild]]></entry>
    <entry id="str_achievement_title_t11"><![CDATA[The tavern my Ancestor once saw...]]></entry>
    <entry id="str_achievement_description_t11"><![CDATA[Fully upgrade the Tavern]]></entry>
    <entry id="str_achievement_title_t12"><![CDATA[The abbey my Ancestor once knew...]]></entry>
    <entry id="str_achievement_description_t12"><![CDATA[Fully upgrade the Abbey]]></entry>
    <entry id="str_achievement_title_t13"><![CDATA[Only the finest equipment will endure this torment...]]></entry>
    <entry id="str_achievement_description_t13"><![CDATA[Fully upgrade a hero's weapons and armor]]></entry>
    <entry id="str_achievement_title_t14"><![CDATA[Only masterful technique will suffice in battle...]]></entry>
    <entry id="str_achievement_description_t14"><![CDATA[Fully upgrade at least four of a hero's skills]]></entry>
    <entry id="str_achievement_title_t15"><![CDATA[Restored to its former glory...]]></entry>
    <entry id="str_achievement_description_t15"><![CDATA[Fully upgrade the Town]]></entry>
    <entry id="str_achievement_title_t16"><![CDATA[A sobering visit with the departed...]]></entry>
    <entry id="str_achievement_description_t16"><![CDATA[Visit the Graveyard]]></entry>
    <entry id="str_achievement_title_s1"><![CDATA[A true champion emerges...]]></entry>
    <entry id="str_achievement_description_s1"><![CDATA[Raise a hero to Resolve Level 6]]></entry>
    <entry id="str_achievement_title_s2"><![CDATA[Darkest sentinels...]]></entry>
    <entry id="str_achievement_description_s2"><![CDATA[Raise 4 heroes to Resolve Level 6]]></entry>
    <entry id="str_achievement_title_s3"><![CDATA[And we slew the evils that lurketh...]]></entry>
    <entry id="str_achievement_description_s3"><![CDATA[Defeat 100 Eldritch enemies]]></entry>
    <entry id="str_achievement_title_s4"><![CDATA[And we slew the abominations that haunteth...]]></entry>
    <entry id="str_achievement_description_s4"><![CDATA[Defeat 100 Unholy enemies]]></entry>
    <entry id="str_achievement_title_s5"><![CDATA[And we slew the beasts that creepeth...]]></entry>
    <entry id="str_achievement_description_s5"><![CDATA[Defeat 100 Beast enemies]]></entry>
    <entry id="str_achievement_title_s6"><![CDATA[And we slew the men who were wicked...]]></entry>
    <entry id="str_achievement_description_s6"><![CDATA[Defeat 100 Human enemies]]></entry>
    <entry id="str_achievement_title_s7"><![CDATA[The fiends must be driven back...]]></entry>
    <entry id="str_achievement_description_s7"><![CDATA[Slay 1000 enemies]]></entry>
    <entry id="str_achievement_title_s8"><![CDATA[The end of the first year...]]></entry>
    <entry id="str_achievement_description_s8"><![CDATA[Reach week 52]]></entry>
    <entry id="str_achievement_title_s9"><![CDATA[Two years of this...]]></entry>
    <entry id="str_achievement_description_s9"><![CDATA[Reach week 104]]></entry>
    <entry id="str_achievement_title_s10"><![CDATA[Greater riches were never witnessed...]]></entry>
    <entry id="str_achievement_description_s10"><![CDATA[Collect at least 20,000 gold from a single quest]]></entry>
    <entry id="str_achievement_title_s11"><![CDATA[A collection of treasured antiques...]]></entry>
    <entry id="str_achievement_description_s11"><![CDATA[Collect at least 30 heirlooms from a single quest]]></entry>
    <entry id="str_achievement_title_s12"><![CDATA[A killer of striking force and wit...]]></entry>
    <entry id="str_achievement_description_s12"><![CDATA[Kill 50 enemies with one hero]]></entry>
    <entry id="str_achievement_title_s13"><![CDATA[More than a weary traveler...]]></entry>
    <entry id="str_achievement_description_s13"><![CDATA[Walk 500 steps with one hero]]></entry>
    <entry id="str_achievement_title_d1"><![CDATA[The first of many has fallen...]]></entry>
    <entry id="str_achievement_description_d1"><![CDATA[Lose your first hero]]></entry>
    <entry id="str_achievement_title_d2"><![CDATA[The stresses were unbearable...]]></entry>
    <entry id="str_achievement_description_d2"><![CDATA[Lose your first hero to heart attack]]></entry>
    <entry id="str_achievement_title_d3"><![CDATA[Gnawing hunger sets in...]]></entry>
    <entry id="str_achievement_description_d3"><![CDATA[Lose a hero to hunger]]></entry>
    <entry id="str_achievement_title_d4"><![CDATA[That'll do, pig...]]></entry>
    <entry id="str_achievement_description_d4"><![CDATA[Lose a hero to Wilbur]]></entry>
    <entry id="str_achievement_title_d5"><![CDATA[We return to the worms of the earth...]]></entry>
    <entry id="str_achievement_description_d5"><![CDATA[Lose a hero to a Maggot]]></entry>
    <entry id="str_achievement_title_d6"><![CDATA[Watch your step...]]></entry>
    <entry id="str_achievement_description_d6"><![CDATA[Lose a hero to a trap]]></entry>
    <entry id="str_achievement_title_d7"><![CDATA[Blocked from life...]]></entry>
    <entry id="str_achievement_description_d7"><![CDATA[Lose a hero to an obstacle]]></entry>
    <entry id="str_achievement_title_d8"><![CDATA[Valiant sacrifice...]]></entry>
    <entry id="str_achievement_description_d8"><![CDATA[Lose all four heroes on a Darkest Dungeon quest]]></entry>
    <entry id="str_achievement_title_d9"><![CDATA[No retreat, no quarter...]]></entry>
    <entry id="str_achievement_description_d9"><![CDATA[First party wipe]]></entry>
    <entry id="str_achievement_title_d10"><![CDATA[We all return to dust...]]></entry>
    <entry id="str_achievement_description_d10"><![CDATA[Lose a Legendary (Level 6) hero]]></entry>
    <entry id="str_achievement_title_d11"><![CDATA[What is already Dead Cannot Die]]></entry>
    <entry id="str_achievement_description_d11"><![CDATA[Have a character survive 5 attacks at Death's Door in a single combat]]></entry>
    <entry id="str_achievement_title_d12"><![CDATA[More blood soaks the soil...]]></entry>
    <entry id="str_achievement_description_d12"><![CDATA[Party wipe on a boss]]></entry>
    <entry id="str_achievement_title_o1"><![CDATA[Sentimental relics from our forefathers...]]></entry>
    <entry id="str_achievement_description_o1"><![CDATA[Acquire all your Ancestor's Trinkets]]></entry>
    <entry id="str_achievement_title_o2"><![CDATA[A terrifying figure emerged from the darkness...]]></entry>
    <entry id="str_achievement_description_o2"><![CDATA[Slay a Shambler]]></entry>
    <entry id="str_achievement_title_o3"><![CDATA[Strict Mode]]></entry>
    <entry id="str_achievement_description_o3"><![CDATA[Complete the game with default difficulty options]]></entry>
    <entry id="str_achievement_title_o4"><![CDATA[Driven from this land...]]></entry>
    <entry id="str_achievement_description_o4"><![CDATA[Kill all bosses]]></entry>
    <entry id="str_achievement_title_o5"><![CDATA[Caretaker]]></entry>
    <entry id="str_achievement_description_o5"><![CDATA[Complete all Caretaker Goals]]></entry>
    <entry id="str_achievement_title_o6"><![CDATA[Victory, such as it is...]]></entry>
    <entry id="str_achievement_description_o6"><![CDATA[Complete the game]]></entry>
    <entry id="str_achievement_title_o7"><![CDATA[In such haste...]]></entry>
    <entry id="str_achievement_description_o7"><![CDATA[Complete the game within 99 Weeks]]></entry>
    <entry id="str_achievement_title_o8"><![CDATA[Lone survivor]]></entry>
    <entry id="str_achievement_description_o8"><![CDATA[Kill any boss with only one hero remaining]]></entry>
    <entry id="str_achievement_title_o9"><![CDATA[Dysfunction]]></entry>
    <entry id="str_achievement_description_o9"><![CDATA[Kill any boss with a party of four afflicted heroes]]></entry>
    <entry id="str_achievement_title_o10"><![CDATA[World End]]></entry>
    <entry id="str_achievement_description_o10"><![CDATA[Complete the game on NG+]]></entry>
    <entry id="str_achievement_title_o11"><![CDATA[On the old road, we found redemption.]]></entry>
    <entry id="str_achievement_description_o11"><![CDATA[Dismas and Reynauld Made it to the final Darkest Dungeon Quest]]></entry>
  </language>
</root>

