﻿<?xml version="1.0" encoding="utf-8"?>
<root>
  <language id="english">
    <entry id="buff_stat_tooltip_combat_stat_add_damage_low"><![CDATA[%+d 伤害]]></entry>
    <entry id="buff_stat_tooltip_combat_stat_add_defense_rating"><![CDATA[%+d 闪避]]></entry>
    <entry id="buff_stat_tooltip_combat_stat_add_protection_rating"><![CDATA[%+d%% 防御]]></entry>
    <entry id="buff_stat_tooltip_actor_combat_stat_add_protection_rating"><![CDATA[%+d%% 防御]]></entry>
    <entry id="buff_stat_tooltip_combat_stat_add_speed_rating"><![CDATA[%+d 速度]]></entry>
    <entry id="buff_stat_tooltip_combat_stat_add_attack_rating"><![CDATA[%+d 精准]]></entry>
    <entry id="buff_stat_tooltip_combat_stat_add_crit_chance"><![CDATA[%+d%% 爆击]]></entry>
    <entry id="buff_stat_tooltip_combat_stat_add_max_hp"><![CDATA[%+d 最大生命]]></entry>
    <entry id="buff_stat_tooltip_combat_stat_multiply_damage_low"><![CDATA[%+d%% 伤害]]></entry>
    <entry id="buff_stat_tooltip_combat_stat_multiply_damage_high"><![CDATA[%+d%% 伤害]]></entry>
    <entry id="buff_stat_tooltip_combat_stat_multiply_defense_rating"><![CDATA[%+d 闪避]]></entry>
    <entry id="buff_stat_tooltip_combat_stat_multiply_protection_rating"><![CDATA[%+d%% 防御]]></entry>
    <entry id="buff_stat_tooltip_combat_stat_multiply_speed_rating"><![CDATA[%+d%% 速度]]></entry>
    <entry id="buff_stat_tooltip_combat_stat_multiply_attack_rating"><![CDATA[%+d%% 精准]]></entry>
    <entry id="buff_stat_tooltip_combat_stat_multiply_crit_chance"><![CDATA[%+d%% 爆击]]></entry>
    <entry id="buff_stat_tooltip_combat_stat_multiply_max_hp"><![CDATA[%+d%% 最大生命]]></entry>
    <entry id="buff_stat_tooltip_damage_received_percent"><![CDATA[%+d%% 伤害]]></entry>
    <entry id="buff_stat_tooltip_hp_heal_amount"><![CDATA[%+d 额外生命 {colour_start|healhp}治疗{colour_end}]]></entry>
    <entry id="buff_stat_tooltip_hp_heal_percent"><![CDATA[%+d%% {colour_start|healhp}治疗{colour_end}技能]]></entry>
    <entry id="buff_stat_tooltip_hp_heal_received_percent"><![CDATA[%+d%% {colour_start|healhp}治疗{colour_end}获得]]></entry>
    <entry id="buff_stat_tooltip_stress_dmg_percent"><![CDATA[%+d%% 队伍{colour_start|stress}压力{colour_end}]]></entry>
    <entry id="buff_stat_tooltip_stress_heal_percent"><![CDATA[%+d%% 缓解{colour_start|stress}压力{colour_end}]]></entry>
    <entry id="buff_stat_tooltip_stress_dmg_received_percent"><![CDATA[%+d%% {colour_start|stress}压力{colour_end}]]></entry>
    <entry id="buff_stat_tooltip_stress_heal_received_percent"><![CDATA[%+d%% {colour_start|stress}压力{colour_end}Healed]]></entry>
    <entry id="buff_stat_tooltip_stress_dmg_received_percent_mode"><![CDATA[%+d%% 转化{colour_start|stress}压力{colour_end}]]></entry>
    <entry id="buff_stat_tooltip_resistance_stun"><![CDATA[%+d%% {colour_start|stun}昏迷{colour_end}抗性]]></entry>
    <entry id="buff_stat_tooltip_resistance_move"><![CDATA[%+d%% {colour_start|move}位移{colour_end}抗性]]></entry>
    <entry id="buff_stat_tooltip_resistance_poison"><![CDATA[%+d%% {colour_start|blight}腐蚀{colour_end}抗性]]></entry>
    <entry id="buff_stat_tooltip_resistance_bleed"><![CDATA[%+d%% {colour_start|bleed}流血{colour_end}抗性]]></entry>
    <entry id="buff_stat_tooltip_resistance_disease"><![CDATA[%+d%% {colour_start|disease}疾病{colour_end} 抗性]]></entry>
    <entry id="buff_stat_tooltip_resistance_debuff"><![CDATA[%+d%% {colour_start|debuff}减益{colour_end}抗性]]></entry>
    <entry id="buff_stat_tooltip_resistance_death_blow"><![CDATA[%+d%% {colour_start|deathblow}致死{colour_end}抗性]]></entry>
    <entry id="buff_stat_tooltip_poison_chance"><![CDATA[%+d%% {colour_start|blight}腐蚀{colour_end}技能几率]]></entry>
    <entry id="buff_stat_tooltip_bleed_chance"><![CDATA[%+d%% {colour_start|bleed}流血{colour_end}技能几率]]></entry>
    <entry id="buff_stat_tooltip_stun_chance"><![CDATA[%+d%% {colour_start|stun}昏迷{colour_end}技能几率]]></entry>
    <entry id="buff_stat_tooltip_debuff_chance"><![CDATA[%+d%% {colour_start|debuff}减益{colour_end}技能几率]]></entry>
    <entry id="buff_stat_tooltip_move_chance"><![CDATA[%+d%% {colour_start|move}位移{colour_end}技能几率]]></entry>
    <entry id="buff_stat_tooltip_resolve_check_percent"><![CDATA[%+d%% {colour_start|virtue}美德{colour_end}几率]]></entry>
    <entry id="buff_stat_tooltip_scouting_chance"><![CDATA[%+d%% {colour_start|scouting}侦查{colour_end}几率]]></entry>
    <entry id="buff_stat_tooltip_remove_negative_quirk_chance"><![CDATA[%+d%% 移除负面特质几率]]></entry>
    <entry id="buff_stat_tooltip_food_consumption_percent"><![CDATA[%+d%% 食物消耗]]></entry>
    <entry id="buff_stat_tooltip_starving_damage_percent"><![CDATA[%+d%% 饥饿时受到伤害]]></entry>
    <entry id="buff_stat_tooltip_resolve_xp_bonus_percent"><![CDATA[%+d%% 决心经验]]></entry>
    <entry id="buff_stat_tooltip_resistance_trap"><![CDATA[%+d%% {colour_start|trap}陷阱{colour_end} 解除几率]]></entry>
    <entry id="buff_stat_tooltip_upgrade_discount_weapon"><![CDATA[%-d%% 武器升级成本]]></entry>
    <entry id="buff_stat_tooltip_upgrade_discount_armour"><![CDATA[%-d%% 护甲升级成本]]></entry>
    <entry id="buff_stat_tooltip_party_surprise_chance"><![CDATA[%+d%% 受到{colour_start|surprised}惊吓{colour_end}几率]]></entry>
    <entry id="buff_stat_tooltip_monsters_surprise_chance"><![CDATA[%+d%% {colour_start|surprised}惊吓{colour_end}敌人几率]]></entry>
    <entry id="buff_rule_tooltip_always"><![CDATA[%s]]></entry>
    <entry id="buff_rule_tooltip_monsterSize"><![CDATA[%s vs size %d]]></entry>
    <entry id="buff_rule_tooltip_lightbelow"><![CDATA[%s 如果火光低于 %d]]></entry>
    <entry id="buff_rule_tooltip_lightabove"><![CDATA[%s 如果火光高于 %d]]></entry>
    <entry id="buff_rule_tooltip_hpbelow"><![CDATA[%s 如果生命低于 %d%%]]></entry>
    <entry id="buff_rule_tooltip_hpabove"><![CDATA[%s 如果生命高于 %d%%]]></entry>
    <entry id="buff_rule_tooltip_afflicted"><![CDATA[%s 如果承受{colour_start|afflicted}折磨{colour_end}]]></entry>
    <entry id="buff_rule_tooltip_virtued"><![CDATA[%s 如果{colour_start|virtue}美德{colour_end}激活]]></entry>
    <entry id="buff_rule_tooltip_meleeonly"><![CDATA[%s {colour_start|attacktype}近战{colour_end}技能]]></entry>
    <entry id="buff_rule_tooltip_rangedonly"><![CDATA[%s {colour_start|attacktype}远程{colour_end}技能]]></entry>
    <entry id="buff_rule_tooltip_firstroundonly"><![CDATA[%s 第一回合]]></entry>
    <entry id="buff_rule_tooltip_actorStatus"><![CDATA[%s vs %s]]></entry>
    <entry id="buff_rule_tooltip_monsterType"><![CDATA[%s vs %s]]></entry>
    <entry id="buff_rule_tooltip_at_deaths_door"><![CDATA[%s 正{colour_start|deathdoor}濒死{colour_end}]]></entry>
    <entry id="buff_rule_tooltip_in_rank"><![CDATA[%s 如果位于 %d]]></entry>
    <entry id="buff_rule_tooltip_in_camp"><![CDATA[扎营时%s ]]></entry>
    <entry id="buff_rule_tooltip_in_dungeon"><![CDATA[%s in %s]]></entry>
    <entry id="buff_rule_tooltip_stress_above"><![CDATA[%s 如果{colour_start|stress}压力{colour_end}高于 %d]]></entry>
    <entry id="buff_rule_tooltip_walking_backwards"><![CDATA[后退时%s ]]></entry>
    <entry id="buff_rule_tooltip_in_activity"><![CDATA[%s in %s]]></entry>
    <entry id="buff_rule_tooltip_in_corridor"><![CDATA[%s 在走廊]]></entry>
    <entry id="buff_rule_tooltip_stress_below"><![CDATA[%s 如果{colour_start|stress}压力{colour_end}低于 %d]]></entry>
    <entry id="buff_rule_tooltip_riposte"><![CDATA[%s {colour_start|riposte}反击{colour_end}时]]></entry>
    <entry id="buff_rule_tooltip_skill"><![CDATA[%s 来自技能 %s]]></entry>
    <entry id="buff_rule_tooltip_in_mode"><![CDATA[%s 在 %s 形态]]></entry>
    <entry id="buff_rule_tooltip_always_false"><![CDATA[没有 %s]]></entry>
    <entry id="buff_rule_tooltip_monsterSize_false"><![CDATA[%s vs not size %d]]></entry>
    <entry id="buff_rule_tooltip_lightbelow_false"><![CDATA[%s 如果火炬不低于 %d]]></entry>
    <entry id="buff_rule_tooltip_lightabove_false"><![CDATA[%s 如果火炬不高于 %d]]></entry>
    <entry id="buff_rule_tooltip_hpbelow_false"><![CDATA[%s 如果生命不低于 %d%%]]></entry>
    <entry id="buff_rule_tooltip_hpabove_false"><![CDATA[%s 如果生命不高于 %d%%]]></entry>
    <entry id="buff_rule_tooltip_afflicted_false"><![CDATA[%s 没有承受{colour_start|afflicted}折磨{colour_end}]]></entry>
    <entry id="buff_rule_tooltip_virtued_false"><![CDATA[%s 没有激活{colour_start|virtue}美德{colour_end}]]></entry>
    <entry id="buff_rule_tooltip_meleeonly_false"><![CDATA[%s 不是{colour_start|attacktype}近战{colour_end}]]></entry>
    <entry id="buff_rule_tooltip_rangedonly_false"><![CDATA[%s 不是{colour_start|attacktype}远程{colour_end}]]></entry>
    <entry id="buff_rule_tooltip_firstroundonly_false"><![CDATA[%s 第一回合之后]]></entry>
    <entry id="buff_rule_tooltip_monsterStatus_false"><![CDATA[%s not vs %s]]></entry>
    <entry id="buff_rule_tooltip_monsterType_false"><![CDATA[%s not vs %s]]></entry>
    <entry id="buff_rule_tooltip_at_deaths_door_false"><![CDATA[%s 没有 {colour_start|deathdoor}濒死{colour_end}]]></entry>
    <entry id="buff_rule_tooltip_in_rank_false"><![CDATA[%s 不位于 %d]]></entry>
    <entry id="buff_rule_tooltip_in_camp_false"><![CDATA[没有露营时%s]]></entry>
    <entry id="buff_rule_data_tooltip_stunned"><![CDATA[{colour_start|stun}昏迷{colour_end}]]></entry>
    <entry id="buff_rule_data_tooltip_tagged"><![CDATA[{colour_start|mark}标记{colour_end}]]></entry>
    <entry id="buff_rule_data_tooltip_poisoned"><![CDATA[{colour_start|blight}腐蚀{colour_end}]]></entry>
    <entry id="buff_rule_data_tooltip_bleeding"><![CDATA[{colour_start|bleed}流血{colour_end}]]></entry>
    <entry id="buff_rule_data_tooltip_unholy"><![CDATA[邪秽]]></entry>
    <entry id="buff_rule_data_tooltip_man"><![CDATA[人类]]></entry>
    <entry id="buff_rule_data_tooltip_beast"><![CDATA[野兽]]></entry>
    <entry id="buff_rule_data_tooltip_eldritch"><![CDATA[异魔]]></entry>
    <entry id="buff_rule_data_tooltip_crypts"><![CDATA[遗迹]]></entry>
    <entry id="buff_rule_data_tooltip_weald"><![CDATA[荒野]]></entry>
    <entry id="buff_rule_data_tooltip_warrens"><![CDATA[兽窟]]></entry>
    <entry id="buff_rule_data_tooltip_cove"><![CDATA[海湾]]></entry>
    <entry id="buff_rule_data_tooltip_bar"><![CDATA[酒吧]]></entry>
    <entry id="buff_rule_data_tooltip_gambling"><![CDATA[赌博]]></entry>
    <entry id="buff_rule_data_tooltip_brothel"><![CDATA[妓院]]></entry>
    <entry id="buff_rule_data_tooltip_meditation"><![CDATA[冥想]]></entry>
    <entry id="buff_rule_data_tooltip_prayer"><![CDATA[祈祷]]></entry>
    <entry id="buff_rule_data_tooltip_flagellation"><![CDATA[鞭笞]]></entry>
    <entry id="buff_rule_data_tooltip_hounds_rush"><![CDATA[猎犬的高峰]]></entry>
    <entry id="buff_rule_data_tooltip_beast"><![CDATA[野兽]]></entry>
    <entry id="buff_rule_data_tooltip_rake"><![CDATA[擦过]]></entry>
    <entry id="buff_rule_data_tooltip_rage"><![CDATA[愤怒]]></entry>
    <entry id="buff_rule_data_tooltip_transform"><![CDATA[变换]]></entry>
    <entry id="buff_rule_data_tooltip_darkest_eye"><![CDATA[启示]]></entry>
    <entry id="buff_bsrc_skill"><![CDATA[其他技能]]></entry>
    <entry id="buff_bsrc_instantSkill"><![CDATA[已选技能]]></entry>
    <entry id="buff_bsrc_affliction"><![CDATA[{colour_start|afflicted}折磨{colour_end}]]></entry>
    <entry id="buff_bsrc_virtue"><![CDATA[{colour_start|virtue}美德{colour_end}]]></entry>
    <entry id="buff_bsrc_quirk"><![CDATA[特质]]></entry>
    <entry id="buff_bsrc_trinket"><![CDATA[饰品]]></entry>
    <entry id="buff_bsrc_campingskill"><![CDATA[扎营技能]]></entry>
    <entry id="buff_bsrc_deathsdoor"><![CDATA[{colour_start|deathdoor}濒死{colour_end}]]></entry>
    <entry id="buff_bsrc_town"><![CDATA[小镇]]></entry>
    <entry id="buff_bsrc_town_event"><![CDATA[小镇]]></entry>
    <entry id="buff_bsrc_curio"><![CDATA[奇物]]></entry>
    <entry id="buff_bsrc_stun"><![CDATA[{colour_start|stun}昏迷{colour_end}]]></entry>
    <entry id="buff_bsrc_item"><![CDATA[物品]]></entry>
    <entry id="buff_bsrc_disease"><![CDATA[{colour_start|disease}疾病{colour_end}]]></entry>
    <entry id="buff_bsrc_deathsdoor_recovery"><![CDATA[{colour_start|deathdoor}濒死{colour_end} Recovery]]></entry>
    <entry id="buff_bsrc_deathsdoor_recovery_heart_attack"><![CDATA[心衰恢复]]></entry>
    <entry id="effect_tooltip_self"><![CDATA[自身:]]></entry>
    <entry id="effect_tooltip_target"><![CDATA[目标:]]></entry>
    <entry id="effect_tooltip_party"><![CDATA[所有英雄:]]></entry>
    <entry id="effect_tooltip_party_other"><![CDATA[其他英雄:]]></entry>
    <entry id="effect_tooltip_target_group"><![CDATA[敌人队伍:]]></entry>
    <entry id="effect_tooltip_target_buff"><![CDATA[{colour_start|buff}目标增益:{colour_end}]]></entry>
    <entry id="effect_tooltip_target_debuff"><![CDATA[{colour_start|debuff}目标减益:{colour_end}]]></entry>
    <entry id="effect_tooltip_target_group_buff"><![CDATA[{colour_start|buff}敌人增益:{colour_end}]]></entry>
    <entry id="effect_tooltip_target_group_debuff"><![CDATA[{colour_start|debuff}敌人减益:{colour_end}]]></entry>
    <entry id="effect_tooltip_target_group_other_buff"><![CDATA[{colour_start|buff}其他敌人增益:{colour_end}]]></entry>
    <entry id="effect_tooltip_target_group_other_debuff"><![CDATA[{colour_start|debuff}其他敌人减益:{colour_end}]]></entry>
    <entry id="effect_tooltip_self_buff"><![CDATA[{colour_start|buff}自身增益:{colour_end}]]></entry>
    <entry id="effect_tooltip_self_debuff"><![CDATA[{colour_start|debuff}自身减益:{colour_end}]]></entry>
    <entry id="effect_tooltip_party_buff"><![CDATA[{colour_start|buff}队伍增益:{colour_end}]]></entry>
    <entry id="effect_tooltip_party_debuff"><![CDATA[{colour_start|debuff}队伍减益:{colour_end}]]></entry>
    <entry id="effect_tooltip_party_other_buff"><![CDATA[{colour_start|buff}他人增益:{colour_end}]]></entry>
    <entry id="effect_tooltip_party_other_debuff"><![CDATA[{colour_start|debuff}他人减益:{colour_end}]]></entry>
    <entry id="effect_tooltip_stress_format"><![CDATA[{colour_start|stress}压力{colour_end}%+d]]></entry>
    <entry id="effect_tooltip_stress_heal_format"><![CDATA[{colour_start|stress}压力{colour_end}-%d]]></entry>
    <entry id="effect_tooltip_stun"><![CDATA[{colour_start|stun}昏迷{colour_end}]]></entry>
    <entry id="effect_tooltip_unstun"><![CDATA[清除{colour_start|stun}昏迷{colour_end}]]></entry>
    <entry id="effect_tooltip_tag"><![CDATA[{colour_start|mark}标记{colour_end}目标]]></entry>
    <entry id="effect_tooltip_untag"><![CDATA[清除{colour_start|mark}标记{colour_end}目标]]></entry>
    <entry id="effect_tooltip_cure"><![CDATA[治疗{colour_start|blight}腐蚀{colour_end}/{colour_start|bleed}流血{colour_end}]]></entry>
    <entry id="effect_tooltip_dot_poison"><![CDATA[{colour_start|blight}腐蚀{colour_end}]]></entry>
    <entry id="effect_tooltip_dot_bleed"><![CDATA[{colour_start|bleed}流血{colour_end}]]></entry>
    <entry id="effect_tooltip_dot_format"><![CDATA[%d pts/rd for %d rds]]></entry>
    <entry id="effect_tooltip_torch_format"><![CDATA[火炬 %+d]]></entry>
    <entry id="effect_tooltip_shuffle_party"><![CDATA[队伍洗牌]]></entry>
    <entry id="effect_tooltip_disease"><![CDATA[引起 {colour_start|disease}疾病{colour_end}]]></entry>
    <entry id="effect_tooltip_summon_format"><![CDATA[召唤 %s]]></entry>
    <entry id="effect_tooltip_heal_format"><![CDATA[{colour_start|healhp}治疗{colour_end} %d 生命]]></entry>
    <entry id="effect_tooltip_move_forward"><![CDATA[{colour_start|move}拉{colour_end} %d]]></entry>
    <entry id="effect_tooltip_move_backward"><![CDATA[{colour_start|knockback}击退{colour_end} %d]]></entry>
    <entry id="effect_tooltip_shuffle_single"><![CDATA[单人{colour_start|move}洗牌{colour_end}]]></entry>
    <entry id="effect_tooltip_shuffle_group"><![CDATA[队伍{colour_start|move}洗牌{colour_end}]]></entry>
    <entry id="effect_tooltip_guard"><![CDATA[{colour_start|guard}守卫{colour_end}队友]]></entry>
    <entry id="effect_tooltip_riposte"><![CDATA[激活{colour_start|riposte}反击{colour_end}]]></entry>
    <entry id="effect_tooltip_kill_enemy_type"><![CDATA[清除全部 %sS]]></entry>
    <entry id="effect_tooltip_set_actor_mode_format"><![CDATA[切换模式: %s]]></entry>
    <entry id="effect_tooltip_format"><![CDATA[%s %s]]></entry>
    <entry id="effect_tooltip_additional_description_format"><![CDATA[%s %s
%s]]></entry>
    <entry id="effect_chance_format"><![CDATA[(%d%% 几率)]]></entry>
    <entry id="effect_base_chance_format"><![CDATA[(%d%% 基础)]]></entry>
    <entry id="str_stat_base_weapon_and_skill"><![CDATA[武器 + 技能]]></entry>
    <entry id="skill_random_target"><![CDATA[随机目标]]></entry>
    <entry id="skill_heal_format"><![CDATA[{colour_start|healhp}治疗{colour_end} %d-%d]]></entry>
    <entry id="skill_party_heal_format"><![CDATA[{colour_start|healhp}治疗{colour_end}队伍 %d-%d]]></entry>
    <entry id="monster_tooltip_hp_format"><![CDATA[生命: %.0f/%.0f]]></entry>
    <entry id="monster_tooltip_prot_format"><![CDATA[防御: %.0f%%]]></entry>
    <entry id="monster_tooltip_dodge_format"><![CDATA[闪避: %0.f]]></entry>
    <entry id="monster_tooltip_speed_format"><![CDATA[速度: %0.f]]></entry>
    <entry id="actor_mode_name_human"><![CDATA[人类]]></entry>
    <entry id="str_skill_mode_info_human"><![CDATA[变形人类:]]></entry>
    <entry id="actor_mode_name_beast"><![CDATA[野兽]]></entry>
    <entry id="str_skill_mode_info_beast"><![CDATA[变形野兽:]]></entry>
    <entry id="skill_battle_limit_abomination_transform"><![CDATA[每场野兽次数: 1]]></entry>
  </language>
</root>