﻿<?xml version="1.0" encoding="utf-8"?>
<root>
  <language id="english">
    <entry id="menu_base_element_return_to_game"><![CDATA[返回游戏]]></entry>
    <entry id="menu_controls_category_0"><![CDATA[总体]]></entry>
    <entry id="menu_controls_element_0_0"><![CDATA[H - 打开帮助]]></entry>
    <entry id="menu_controls_category_1"><![CDATA[城镇热键]]></entry>
    <entry id="menu_controls_element_1_0"><![CDATA[[RIGHT-CLICK] 打开英雄列表]]></entry>
    <entry id="menu_controls_element_1_1"><![CDATA[Q / E - 切换 上/下一个英雄]]></entry>
    <entry id="menu_controls_category_2"><![CDATA[任务热键]]></entry>
    <entry id="menu_controls_element_2_0"><![CDATA[A - 左移]]></entry>
    <entry id="menu_controls_element_2_1"><![CDATA[D - 右移]]></entry>
    <entry id="menu_controls_element_2_2"><![CDATA[[RIGHT-CLICK] 打开英雄列表]]></entry>
    <entry id="menu_controls_element_2_3"><![CDATA[Q / E - 切换 上/下一个英雄]]></entry>
    <entry id="menu_controls_element_2_4"><![CDATA[T - 使用火炬]]></entry>
    <entry id="menu_controls_element_2_5"><![CDATA[1/2/3/4/5 - 快速选择英雄技能]]></entry>
    <entry id="menu_controls_element_2_6"><![CDATA[TAB - 切换地图和物品栏]]></entry>
    <entry id="menu_controls_element_2_7"><![CDATA[SPACE - 拿取全部战利品]]></entry>
    <entry id="menu_controls_element_2_8"><![CDATA[C - 角色详细信息]]></entry>
    <entry id="menu_transfer_saves_to_steam"><![CDATA[我们已启用 Steam 云同步, 你的存档文件已被移动到 Steam 用户目录.]]></entry>
    <entry id="menu_transfer_and_enable_steam_files"><![CDATA[好]]></entry>
    <entry id="options_category_audio"><![CDATA[音频]]></entry>
    <entry id="options_category_graphics"><![CDATA[图像]]></entry>
    <entry id="options_category_graphics_and_audio"><![CDATA[图像和音频]]></entry>
    <entry id="options_category_gameplay"><![CDATA[游戏设置]]></entry>
    <entry id="options_category_other"><![CDATA[其它]]></entry>
    <entry id="menu_options_not_recommended_confirm_dialog"><![CDATA[我们建议保持此选项为开启来获取最真实的游戏体验, 仍然要禁用?]]></entry>
    <entry id="menu_options_require_restart"><![CDATA[重启游戏使这些变化生效.]]></entry>
    <entry id="menu_options_value_seperation_resolution"><![CDATA[x]]></entry>
    <entry id="menu_options_back_confirm_dialog_question"><![CDATA[保存这些更改?]]></entry>
    <entry id="menu_options_back_confirm_dialog_answer_save"><![CDATA[保存]]></entry>
    <entry id="menu_options_back_confirm_dialog_answer_discard"><![CDATA[放弃]]></entry>
    <entry id="menu_options_element_fullscreen"><![CDATA[全屏?]]></entry>
    <entry id="menu_options_element_monitor_number"><![CDATA[显示器编号]]></entry>
    <entry id="menu_options_element_resolution"><![CDATA[分辨率]]></entry>
    <entry id="menu_options_element_mute"><![CDATA[静音]]></entry>
    <entry id="menu_options_element_master_volume"><![CDATA[主音量]]></entry>
    <entry id="menu_options_element_sfx_volume"><![CDATA[音效音量]]></entry>
    <entry id="menu_options_element_music_volume"><![CDATA[音乐音量]]></entry>
    <entry id="menu_options_element_narration_volume"><![CDATA[叙事音量]]></entry>
    <entry id="menu_options_element_video_volume"><![CDATA[影片音量]]></entry>
    <entry id="menu_options_element_metrics"><![CDATA[数据收集]]></entry>
    <entry id="menu_options_element_combat_pivot_camera"><![CDATA[多样化战斗视角]]></entry>
    <entry id="menu_options_element_extra_bark_time"><![CDATA[对话框停留时间]]></entry>
    <entry id="menu_options_element_bark_dismissal"><![CDATA[关闭对话框]]></entry>
    <entry id="menu_options_element_blur"><![CDATA[模糊效果]]></entry>
    <entry id="menu_options_element_debug_output"><![CDATA[调试日志]]></entry>
    <entry id="menu_options_element_tutorial"><![CDATA[教程]]></entry>
    <entry id="menu_options_element_subtitles"><![CDATA[字幕]]></entry>
    <entry id="menu_options_element_corpses"><![CDATA[怪物死亡留下尸体]]></entry>
    <entry id="menu_options_element_heart_attack"><![CDATA[心脏病发作]]></entry>
    <entry id="menu_options_element_dd_mode"><![CDATA[极暗地牢设置]]></entry>
    <entry id="menu_options_element_stall_penalty"><![CDATA[战斗的延迟]]></entry>
    <entry id="menu_options_element_deaths_door_recovery_debuffs"><![CDATA[重创减益]]></entry>
    <entry id="menu_options_element_retreats_can_fail"><![CDATA[战斗撤退可能失败]]></entry>
    <entry id="menu_options_element_multiplied_enemy_crits"><![CDATA[标准的敌人暴击]]></entry>
    <entry id="menu_base_element_view_options"><![CDATA[选项]]></entry>
    <entry id="menu_base_element_view_controls"><![CDATA[控制]]></entry>
    <entry id="menu_base_element_watch_intro"><![CDATA[看介绍电影]]></entry>
    <entry id="menu_base_element_exit_campaign"><![CDATA[返回主菜单]]></entry>
    <entry id="menu_base_element_exit_game"><![CDATA[退出游戏]]></entry>
    <entry id="menu_base_element_view_credits"><![CDATA[鸣谢]]></entry>
    <entry id="menu_options_element_tooltip_metrics"><![CDATA[收集匿名数据来帮助我们改善游戏.]]></entry>
    <entry id="menu_options_element_tooltip_combat_pivot_camera"><![CDATA[英雄和怪物的回合切换时有3D透视效果]]></entry>
    <entry id="menu_options_element_tooltip_extra_bark_time"><![CDATA[调整英雄对话框的显示时间.]]></entry>
    <entry id="menu_options_element_tooltip_bark_dismissal"><![CDATA[点击关闭英雄对话框.]]></entry>
    <entry id="menu_options_element_tooltip_blur"><![CDATA[关闭这个选项来提升游戏性能.]]></entry>
    <entry id="menu_options_element_tooltip_debug_output"><![CDATA[显示游戏错误的具体信息， 有助于调查问题和报告BUG.]]></entry>
    <entry id="menu_options_element_tooltip_tutorial"><![CDATA[显示教程的弹出信息.]]></entry>
    <entry id="menu_options_element_tooltip_subtitles"><![CDATA[显示旁白解说的字幕.]]></entry>
    <entry id="menu_options_element_tooltip_corpses"><![CDATA[敌人死亡后会留下尸骸, 占据相应的战斗位置.]]></entry>
    <entry id="menu_options_element_tooltip_dd_mode"><![CDATA[使用默认的游戏设置, 关闭此选项会允许你具体调整下列的游戏设置.]]></entry>
    <entry id="menu_options_element_tooltip_stall_penalty"><![CDATA[如果战斗刻意拖延, 英雄会增加{colour_start|stressNOT1}压力{colour_end}, 而敌人会呼叫增援]]></entry>
    <entry id="menu_options_element_tooltip_deaths_door_recovery_debuffs"><![CDATA[即使得到治疗而脱离濒死, 依然会受到的属性惩罚.]]></entry>
    <entry id="menu_options_element_tooltip_retreats_can_fail"><![CDATA[战斗中撤退有时需要多次尝试才能成功逃脱.]]></entry>
    <entry id="menu_options_element_tooltip_multiplied_enemy_crits"><![CDATA[敌人的暴击会造成和玩家相同倍数于基础的伤害, 如果关闭此选项, 敌人的暴击只造成最大伤害.]]></entry>
    <entry id="menu_options_element_language"><![CDATA[语言]]></entry>
    <entry id="menu_options_element_controller_enabled"><![CDATA[手柄已启用]]></entry>
    <entry id="menu_options_element_tooltip_controller_enabled"><![CDATA[手柄和键盘同时启用了.]]></entry>
    <entry id="menu_options_element_roster_sort_party_to_top"><![CDATA[队伍自动排序]]></entry>
    <entry id="menu_options_element_tooltip_roster_sort_party_to_top"><![CDATA[如果启用, 活跃的队员总是出现在名册顶部.]]></entry>
    <entry id="str_media_video"><![CDATA[开场白]]></entry>
    <entry id="str_media_boss_quests"><![CDATA[先祖之路]]></entry>
    <entry id="str_plot_kill_necromancer_1_audio_line"><![CDATA[Mastery Over Life and Death]]></entry>
    <entry id="str_plot_kill_necromancer_2_audio_line"><![CDATA[The Visitors]]></entry>
    <entry id="str_plot_kill_necromancer_3_audio_line"><![CDATA[The Dead Reviving The Dead]]></entry>
    <entry id="str_plot_kill_prophet_1_audio_line"><![CDATA[The Wandering Prophet]]></entry>
    <entry id="str_plot_kill_prophet_2_audio_line"><![CDATA[Time and Time Again]]></entry>
    <entry id="str_plot_kill_prophet_3_audio_line"><![CDATA[An Uncommon Corporeal Resilience]]></entry>
    <entry id="str_plot_kill_hag_1_audio_line"><![CDATA[Comfortable Study]]></entry>
    <entry id="str_plot_kill_hag_2_audio_line"><![CDATA[Professional Respect]]></entry>
    <entry id="str_plot_kill_hag_3_audio_line"><![CDATA[Welcome in the Wild]]></entry>
    <entry id="str_plot_kill_brigand_cannon_1_audio_line"><![CDATA[Awe and Ire]]></entry>
    <entry id="str_plot_kill_brigand_cannon_2_audio_line"><![CDATA[The Application of Force]]></entry>
    <entry id="str_plot_kill_brigand_cannon_3_audio_line"><![CDATA[Compliance and Order]]></entry>
    <entry id="str_plot_kill_swine_prince_1_audio_line"><![CDATA[Ways and Rituals]]></entry>
    <entry id="str_plot_kill_swine_prince_2_audio_line"><![CDATA[Flesh of Man]]></entry>
    <entry id="str_plot_kill_swine_prince_3_audio_line"><![CDATA[The Great Thing]]></entry>
    <entry id="str_plot_kill_formless_flesh_1_audio_line"><![CDATA[A Troubling Surplus]]></entry>
    <entry id="str_plot_kill_formless_flesh_2_audio_line"><![CDATA[The Sewer's Solution]]></entry>
    <entry id="str_plot_kill_formless_flesh_3_audio_line"><![CDATA[A Loathsome Pile]]></entry>
    <entry id="str_plot_kill_siren_1_audio_line"><![CDATA[Faithful as the Tide]]></entry>
    <entry id="str_plot_kill_siren_2_audio_line"><![CDATA[The 其它 Item]]></entry>
    <entry id="str_plot_kill_siren_3_audio_line"><![CDATA[A Small Push]]></entry>
    <entry id="str_plot_kill_drowned_crew_1_audio_line"><![CDATA[Marine Shipments]]></entry>
    <entry id="str_plot_kill_drowned_crew_2_audio_line"><![CDATA[An Alternative Payment]]></entry>
    <entry id="str_plot_kill_drowned_crew_3_audio_line"><![CDATA[Black Waters]]></entry>
    <entry id="str_ugc_title"><![CDATA[Choose Mods to Enable]]></entry>
    <entry id="str_ugc_sub_title"><![CDATA[Drag Mods to Prioritize. Top of list has highest priority.]]></entry>
  </language>
</root>