<?xml version="1.0" encoding="UTF-8"?>
<root>
  <language id="english">
    <entry id="party_name_default"><![CDATA[Build a Party From the Roster]]></entry>
    <entry id="party_name_0"><![CDATA[The Usual Suspects]]></entry>
    <entry id="party_name_1"><![CDATA[The Privateers]]></entry>
    <entry id="party_name_2"><![CDATA[Blood Money]]></entry>
    <entry id="party_name_3"><![CDATA[Make it Bleed]]></entry>
    <entry id="party_name_4"><![CDATA[The Femme Fatales]]></entry>
    <entry id="party_name_5"><![CDATA[World of Tanks]]></entry>
    <entry id="party_name_6"><![CDATA[Undying Light]]></entry>
    <entry id="party_name_7"><![CDATA[The Black Plague]]></entry>
    <entry id="party_name_8"><![CDATA[The Last Crusade]]></entry>
    <entry id="party_name_9"><![CDATA[Stunrise Stunset]]></entry>
    <entry id="party_name_10"><![CDATA[Tip of the Spear]]></entry>
    <entry id="party_name_11"><![CDATA[Of Blight And Blood]]></entry>
    <entry id="party_name_12"><![CDATA[Leper Colony]]></entry>
    <entry id="party_name_13"><![CDATA[Critical Condition]]></entry>
    <entry id="party_name_14"><![CDATA[Deathwatch]]></entry>
    <entry id="party_name_15"><![CDATA[Vagabonds]]></entry>
    <entry id="party_name_16"><![CDATA[Trouble]]></entry>
    <entry id="party_name_17"><![CDATA[Crusaders on March]]></entry>
    <entry id="party_name_18"><![CDATA[Blinding Light]]></entry>
    <entry id="party_name_19"><![CDATA[Axe Brigade]]></entry>
    <entry id="party_name_20"><![CDATA[The Inverted Bunch]]></entry>
    <entry id="party_name_21"><![CDATA[The Bait and Switch]]></entry>
    <entry id="party_name_22"><![CDATA[The Vagrants]]></entry>
    <entry id="party_name_23"><![CDATA[Tomb Raiders]]></entry>
    <entry id="party_name_24"><![CDATA[The Wolf Pack]]></entry>
    <entry id="party_name_25"><![CDATA[Highway Robbery]]></entry>
    <entry id="party_name_26"><![CDATA[Smokey and Bandit]]></entry>
    <entry id="party_name_27"><![CDATA[Judge and Execution]]></entry>
    <entry id="party_name_28"><![CDATA[The Mercenaries]]></entry>
    <entry id="party_name_29"><![CDATA[The Exorcists]]></entry>
    <entry id="party_name_30"><![CDATA[The Cleanup Crew]]></entry>
    <entry id="party_name_31"><![CDATA[Hell's Belles]]></entry>
    <entry id="party_name_32"><![CDATA[Cutthroats]]></entry>
    <entry id="party_name_33"><![CDATA[The Quick and the Dead]]></entry>
    <entry id="party_name_34"><![CDATA[The Lawless]]></entry>
    <entry id="party_name_35"><![CDATA[Chain Gang]]></entry>
    <entry id="party_name_36"><![CDATA[The Stance Dance]]></entry>
    <entry id="party_name_37"><![CDATA[Bountiful Ballad]]></entry>
    <entry id="party_name_38"><![CDATA[Bloody Party]]></entry>
    <entry id="party_name_39"><![CDATA[Motley Misfits]]></entry>
    <entry id="party_name_40"><![CDATA[A Merry Band of Misfits]]></entry>
    <entry id="party_name_41"><![CDATA[The Guilty]]></entry>
    <entry id="party_name_42"><![CDATA[Criminal Minds]]></entry>
    <entry id="party_name_43"><![CDATA[Stout Hearts]]></entry>
    <entry id="party_name_44"><![CDATA[Gang of Thieves]]></entry>
    <entry id="party_name_45"><![CDATA[Misfits]]></entry>
    <entry id="party_name_46"><![CDATA[Jokes And Folks]]></entry>
    <entry id="party_name_47"><![CDATA[Fools Rush In]]></entry>
    <entry id="party_name_48"><![CDATA[The Covenant]]></entry>
    <entry id="party_name_49"><![CDATA[Heathens]]></entry>
    <entry id="party_name_50"><![CDATA[Circus Freaks]]></entry>
    <entry id="party_name_51"><![CDATA[Masquerade Ball]]></entry>
    <entry id="party_name_52"><![CDATA[Tainted Devotion]]></entry>
    <entry id="party_name_53"><![CDATA[The Mercs]]></entry>
    <entry id="party_name_54"><![CDATA[The Motley]]></entry>
    <entry id="party_name_55"><![CDATA[All for One]]></entry>
    <entry id="party_name_56"><![CDATA[Rot Squad]]></entry>
    <entry id="party_name_57"><![CDATA[The Wild Hunt]]></entry>
    <entry id="party_name_58"><![CDATA[The Blockade]]></entry>
    <entry id="party_name_59"><![CDATA[Crit Happens]]></entry>
    <entry id="party_name_60"><![CDATA[The Killers]]></entry>
    <entry id="party_name_61"><![CDATA[Kingdom Undone]]></entry>
    <entry id="party_name_62"><![CDATA[Pit and Pendulum]]></entry>
    <entry id="party_name_63"><![CDATA[Dark Soul's Night]]></entry>
    <entry id="party_name_64"><![CDATA[The Outcasts]]></entry>
    <entry id="party_name_65"><![CDATA[Criminal Intent]]></entry>
    <entry id="party_name_66"><![CDATA[Nothing Sacred]]></entry>
    <entry id="party_name_67"><![CDATA[Dysfunctional Family]]></entry>
    <entry id="party_name_68"><![CDATA[The Fallen]]></entry>
    <entry id="party_name_69"><![CDATA[Darkness Within]]></entry>
    <entry id="party_name_70"><![CDATA[Bruiser Brigade]]></entry>
    <entry id="party_name_71"><![CDATA[Cleaving Time]]></entry>
    <entry id="party_name_72"><![CDATA[Merry Men]]></entry>
    <entry id="party_name_73"><![CDATA[Brothers in Arms]]></entry>
    <entry id="party_name_74"><![CDATA[The Mad Gamble]]></entry>
    <entry id="party_name_75"><![CDATA[Who's Laughing Now?]]></entry>
    <entry id="party_name_76"><![CDATA[Cast Out]]></entry>
    <entry id="party_name_77"><![CDATA[The Oddballs]]></entry>
    <entry id="party_name_78"><![CDATA[Nightshift]]></entry>
    <entry id="party_name_79"><![CDATA[Eldritch Slayers]]></entry>
    <entry id="party_name_80"><![CDATA[R'yleh R'yleh Ole!]]></entry>
    <entry id="party_name_81"><![CDATA[Forefront]]></entry>
    <entry id="party_name_82"><![CDATA[Status Mayhem]]></entry>
    <entry id="party_name_83"><![CDATA[Geysers of Blood]]></entry>
    <entry id="party_name_84"><![CDATA[Plague Bearers]]></entry>
    <entry id="party_name_85"><![CDATA[The Pagan Warriors]]></entry>
    <entry id="party_name_86"><![CDATA[Uncultured Filth]]></entry>
    <entry id="party_name_87"><![CDATA[The Godless]]></entry>
    <entry id="party_name_88"><![CDATA[Mixed Bag]]></entry>
    <entry id="party_name_89"><![CDATA[Merciless]]></entry>
    <entry id="party_name_90"><![CDATA[The Forsaken]]></entry>
    <entry id="party_name_91"><![CDATA[Devil's Playthings]]></entry>
    <entry id="party_name_92"><![CDATA[Traveling Circus]]></entry>
    <entry id="party_name_93"><![CDATA[The Dark Brigade]]></entry>
    <entry id="party_name_94"><![CDATA[Accursed Ones]]></entry>
    <entry id="party_name_95"><![CDATA[The Cleaning Crew]]></entry>
    <entry id="party_name_96"><![CDATA[Inferno Paradise]]></entry>
    <entry id="party_name_97"><![CDATA[Tank N' Spank]]></entry>
    <entry id="party_name_98"><![CDATA[Hell's Angels]]></entry>
    <entry id="party_name_99"><![CDATA[Insurmountable Four]]></entry>
    <entry id="party_name_100"><![CDATA[Holy Quaternity]]></entry>
    <entry id="party_name_101"><![CDATA[Unhallowed Hand]]></entry>
    <entry id="party_name_102"><![CDATA[The Veterans]]></entry>
    <entry id="party_name_103"><![CDATA[Scavengers]]></entry>
    <entry id="party_name_104"><![CDATA[The Damned Company]]></entry>
    <entry id="party_name_105"><![CDATA[Shock and Awe]]></entry>
    <entry id="party_name_106"><![CDATA[The Dancing Sisters]]></entry>
    <entry id="party_name_107"><![CDATA[The Shunned]]></entry>
    <entry id="party_name_108"><![CDATA[Death Dealers]]></entry>
    <entry id="party_name_109"><![CDATA[Danse Macabre]]></entry>
    <entry id="party_name_110"><![CDATA[The Breakers]]></entry>
    <entry id="party_name_111"><![CDATA[Valkyries]]></entry>
    <entry id="party_name_112"><![CDATA[Dangerous Lonesome]]></entry>
    <entry id="party_name_113"><![CDATA[Tricky Glory]]></entry>
    <entry id="party_name_114"><![CDATA[The Faces of Stress]]></entry>
    <entry id="party_name_115"><![CDATA[Shrouded Ones]]></entry>
    <entry id="party_name_116"><![CDATA[Commedia dell'arte]]></entry>
    <entry id="party_name_117"><![CDATA[Medieval Spirits]]></entry>
    <entry id="party_name_118"><![CDATA[Black Death]]></entry>
    <entry id="party_name_119"><![CDATA[Pragmatic]]></entry>
    <entry id="party_name_120"><![CDATA[Blight's Out]]></entry>
    <entry id="party_name_121"><![CDATA[Outsiders]]></entry>
    <entry id="party_name_122"><![CDATA[Bloody Stunners]]></entry>
    <entry id="party_name_123"><![CDATA[Blood and Blight]]></entry>
    <entry id="party_name_124"><![CDATA[Walking Death]]></entry>
    <entry id="party_name_125"><![CDATA[The Scorned]]></entry>
    <entry id="party_name_126"><![CDATA[Doctor and Patient]]></entry>
    <entry id="party_name_127"><![CDATA[The Plague Robbers]]></entry>
    <entry id="party_name_128"><![CDATA[Plague Party]]></entry>
    <entry id="party_name_129"><![CDATA[Plague Cart]]></entry>
    <entry id="party_name_130"><![CDATA[The Stalwart]]></entry>
    <entry id="party_name_131"><![CDATA[Eldritch Angels]]></entry>
    <entry id="party_name_132"><![CDATA[Red Hook]]></entry>
    <entry id="party_name_133"><![CDATA[Circle of Light]]></entry>
    <entry id="party_name_134"><![CDATA[Hook Line and YAWP!]]></entry>
    <entry id="party_name_135"><![CDATA[Dented Steel]]></entry>
    <entry id="party_name_136"><![CDATA[The Vanguard]]></entry>
    <entry id="party_name_137"><![CDATA[Hunting Party]]></entry>
    <entry id="party_name_138"><![CDATA[The Fierce]]></entry>
    <entry id="party_name_139"><![CDATA[Holier Than Thou]]></entry>
    <entry id="party_name_140"><![CDATA[Glorious Gold]]></entry>
    <entry id="party_name_141"><![CDATA[Scalion's Hunters]]></entry>
    <entry id="party_name_142"><![CDATA[Vengeance Dire]]></entry>
    <entry id="party_name_143"><![CDATA[Stun Smash Parade]]></entry>
    <entry id="party_name_144"><![CDATA[The Forgotten Ones]]></entry>
    <entry id="party_name_145"><![CDATA[Jack of All Trades]]></entry>
    <entry id="party_name_146"><![CDATA[The Bloodletters]]></entry>
    <entry id="party_name_147"><![CDATA[Old Faithful]]></entry>
    <entry id="party_name_148"><![CDATA[The Crimson Hand]]></entry>
    <entry id="party_name_149"><![CDATA[Good Bad and Ugly]]></entry>
    <entry id="party_name_150"><![CDATA[Merry Go Round]]></entry>
    <entry id="party_name_151"><![CDATA[Gun and Roses]]></entry>
    <entry id="party_name_152"><![CDATA[The Hellhounds]]></entry>
    <entry id="party_name_153"><![CDATA[Single Ray of Humor]]></entry>
    <entry id="party_name_154"><![CDATA[Wine, Women, Song]]></entry>
    <entry id="party_name_155"><![CDATA[Unlikely Lively]]></entry>
    <entry id="party_name_156"><![CDATA[Delvers in the Dark]]></entry>
    <entry id="party_name_157"><![CDATA[Charging Madness]]></entry>
    <entry id="party_name_158"><![CDATA[Ghost Busters]]></entry>
    <entry id="party_name_159"><![CDATA[The Lost Band]]></entry>
    <entry id="party_name_160"><![CDATA[Sacred and Profane]]></entry>
    <entry id="party_name_161"><![CDATA[Lords of Position]]></entry>
    <entry id="party_name_162"><![CDATA[Heaven and Hell]]></entry>
    <entry id="party_name_163"><![CDATA[Saints and Sinners]]></entry>
    <entry id="party_name_164"><![CDATA[Heroes and Heretics]]></entry>
    <entry id="party_name_165"><![CDATA[Faith and Fury]]></entry>
    <entry id="party_name_166"><![CDATA[The Black Shield]]></entry>
    <entry id="party_name_167"><![CDATA[The Wardens]]></entry>
    <entry id="party_name_168"><![CDATA[The Inquisition]]></entry>
    <entry id="party_name_169"><![CDATA[Good Cop Bad Cop]]></entry>
    <entry id="party_name_170"><![CDATA[Witch Hunt]]></entry>
    <entry id="party_name_171"><![CDATA[The Strays]]></entry>
    <entry id="party_name_172"><![CDATA[The Copper Faithful]]></entry>
    <entry id="party_name_173"><![CDATA[The Cautious]]></entry>
    <entry id="party_name_174"><![CDATA[Witch Hunters]]></entry>
    <entry id="party_name_175"><![CDATA[Soultrain]]></entry>
    <entry id="party_name_176"><![CDATA[King's Court]]></entry>
    <entry id="party_name_177"><![CDATA[The Masquerade]]></entry>
    <entry id="party_name_178"><![CDATA[The Greater Good]]></entry>
    <entry id="party_name_179"><![CDATA[The Holy Flame]]></entry>
    <entry id="party_name_180"><![CDATA[Holy Rollers]]></entry>
    <entry id="party_name_181"><![CDATA[Holy Shooter]]></entry>
    <entry id="party_name_182"><![CDATA[Safe Shot]]></entry>
    <entry id="party_name_183"><![CDATA[Nuns With Puns]]></entry>
    <entry id="party_name_184"><![CDATA[Men at Work]]></entry>
    <entry id="party_name_185"><![CDATA[Gatling Gun]]></entry>
    <entry id="party_name_186"><![CDATA[Leviticus]]></entry>
    <entry id="party_name_187"><![CDATA[Red Riding Hood]]></entry>
    <entry id="party_name_188"><![CDATA[The Dregs]]></entry>
    <entry id="party_name_189"><![CDATA[The Beasts]]></entry>
    <entry id="party_name_190"><![CDATA[Spice and Wolf]]></entry>
    <entry id="party_name_191"><![CDATA[Antiques Roadshow]]></entry>
    <entry id="party_name_192"><![CDATA[Sightseeing Tour]]></entry>
    <entry id="party_name_193"><![CDATA[Blood Money]]></entry>
    <entry id="party_name_194"><![CDATA[Critters and Glitters]]></entry>
    <entry id="party_name_195"><![CDATA[Old Dog, New Trick]]></entry>
    <entry id="party_name_196"><![CDATA[Pilfering Pillagers]]></entry>
    <entry id="party_name_197"><![CDATA[Hired Muscle]]></entry>
    <entry id="party_name_198"><![CDATA[The Logisticians]]></entry>
    <entry id="party_name_199"><![CDATA[The Murine Clique]]></entry>
    <entry id="party_name_200"><![CDATA[The Relentless Tide]]></entry>
    <entry id="party_name_201"><![CDATA[Fortune Seekers]]></entry>
    <entry id="party_name_202"><![CDATA[Penny Pinchers]]></entry>
    <entry id="party_name_203"><![CDATA[Dreadlings]]></entry>
    <entry id="party_name_204"><![CDATA[The Wicked]]></entry>
    <entry id="party_name_205"><![CDATA[Misfortune]]></entry>
    <entry id="party_name_206"><![CDATA[Beasts of Burden]]></entry>
    <entry id="party_name_207"><![CDATA[The Reflex]]></entry>
    <entry id="party_name_208"><![CDATA[The Quick and the Dead]]></entry>
    <entry id="party_name_209"><![CDATA[Despair Faction]]></entry>
    <entry id="party_name_210"><![CDATA[Basuras]]></entry>
    <entry id="party_name_211"><![CDATA[The Profiteers]]></entry>
    <entry id="party_name_212"><![CDATA[Divina Commedia]]></entry>
    <entry id="party_name_213"><![CDATA[Curiosity Circus]]></entry>
    <entry id="party_name_214"><![CDATA[The Seekers]]></entry>
    <entry id="party_name_215"><![CDATA[Soldiers of Fortune]]></entry>
    <entry id="party_name_216"><![CDATA[Dead Man's Party]]></entry>
    <entry id="party_name_217"><![CDATA[Glory Seekers]]></entry>
    <entry id="party_name_218"><![CDATA[Tomb Raiders]]></entry>
    <entry id="party_name_219"><![CDATA[Eldritch Combatants]]></entry>
    <entry id="party_name_220"><![CDATA[The Lost and the Damned]]></entry>
    <entry id="party_name_221"><![CDATA[Blasphemous Scavengers]]></entry>
    <entry id="party_name_222"><![CDATA[The Collection]]></entry>
    <entry id="party_name_223"><![CDATA[Seekers of the Grail]]></entry>
    <entry id="party_name_224"><![CDATA[The Abyssal Vanguard]]></entry>
    <entry id="party_name_225"><![CDATA[AAAH!]]></entry>
    <entry id="party_name_226"><![CDATA[The A Team]]></entry>
    <entry id="party_name_227"><![CDATA[Easy Money]]></entry>
    <entry id="party_name_228"><![CDATA[Protective Howl]]></entry>
    <entry id="party_name_229"><![CDATA[Motley Crew]]></entry>
    <entry id="party_name_230"><![CDATA[Jin-Roh]]></entry>
    <entry id="party_name_231"><![CDATA[Missile Command]]></entry>
    <entry id="party_name_232"><![CDATA[Head Hunters]]></entry>
    <entry id="party_name_233"><![CDATA[Artema's Dance]]></entry>
    <entry id="party_name_234"><![CDATA[Beauties and the Beast]]></entry>
    <entry id="party_name_235"><![CDATA[Never Miss A Beat]]></entry>
    <entry id="party_name_236"><![CDATA[Rebel Yell]]></entry>
    <entry id="party_name_237"><![CDATA[Firing Squad]]></entry>
    <entry id="party_name_238"><![CDATA[Deadly Mercenaries]]></entry>
    <entry id="party_name_239"><![CDATA[Theory of Relativity]]></entry>
    <entry id="party_name_240"><![CDATA[Dark Deeds]]></entry>
    <entry id="party_name_241"><![CDATA[Dogs of War]]></entry>
    <entry id="party_name_242"><![CDATA[Long Arm of the Law]]></entry>
    <entry id="party_name_243"><![CDATA[On Your Mark]]></entry>
    <entry id="party_name_244"><![CDATA[Soldier On]]></entry>
    <entry id="party_name_245"><![CDATA[Let there be blood]]></entry>
    <entry id="party_name_246"><![CDATA[Armored Core]]></entry>
    <entry id="party_name_247"><![CDATA[All or nothing]]></entry>
    <entry id="party_name_248"><![CDATA[Marked for Death]]></entry>
    <entry id="party_name_249"><![CDATA[Hounds of War]]></entry>
    <entry id="party_name_250"><![CDATA[Hit Squad]]></entry>
    <entry id="party_name_251"><![CDATA[Jericho]]></entry>
    <entry id="party_name_252"><![CDATA[War Party]]></entry>
    <entry id="party_name_253"><![CDATA[Stun and Gun]]></entry>
    <entry id="party_name_254"><![CDATA[Discount Medicine]]></entry>
    <entry id="party_name_255"><![CDATA[Quarantine Specialist]]></entry>
    <entry id="party_name_256"><![CDATA[Indestructible]]></entry>
    <entry id="party_name_257"><![CDATA[Heavy Metal]]></entry>
    <entry id="party_name_258"><![CDATA[Sisterhood]]></entry>
    <entry id="party_name_259"><![CDATA[The Huntsmen Corps]]></entry>
    <entry id="party_name_260"><![CDATA[K-9 Unit]]></entry>
    <entry id="party_name_261"><![CDATA[The Iron Fist]]></entry>
    <entry id="party_name_262"><![CDATA[Battlefield Squad]]></entry>
    <entry id="party_name_263"><![CDATA[Wall of Steel]]></entry>
    <entry id="party_name_264"><![CDATA[Movers and Shakers]]></entry>
    <entry id="party_name_265"><![CDATA[The Dance of Death]]></entry>
    <entry id="party_name_266"><![CDATA[Les Miserables]]></entry>
    <entry id="party_name_267"><![CDATA[The Four Horsemen]]></entry>
    <entry id="party_name_268"><![CDATA[Backlash]]></entry>
    <entry id="party_name_269"><![CDATA[Charlie's Angels]]></entry>
    <entry id="party_name_270"><![CDATA[Highway to hellion]]></entry>
    <entry id="party_name_271"><![CDATA[Master of the Hounds]]></entry>
    <entry id="party_name_272"><![CDATA[Manhunt]]></entry>
    <entry id="party_name_273"><![CDATA[Meat Grinder]]></entry>
    <entry id="party_name_274"><![CDATA[The Messy Four]]></entry>
    <entry id="party_name_275"><![CDATA[The Untouchables]]></entry>
    <entry id="party_name_276"><![CDATA[Wild Bunch]]></entry>
    <entry id="party_name_277"><![CDATA[Board and Kennel]]></entry>
    <entry id="party_name_278"><![CDATA[Boba Fetch]]></entry>
    <entry id="party_name_279"><![CDATA[Persephone and Cerberus]]></entry>
    <entry id="party_name_280"><![CDATA[Diamond Dogs]]></entry>
    <entry id="party_name_281"><![CDATA[The Howlers]]></entry>
    <entry id="party_name_282"><![CDATA[Cry Havoc]]></entry>
    <entry id="party_name_283"><![CDATA[Raining Blood]]></entry>
    <entry id="party_name_284"><![CDATA[Poetic Justice]]></entry>
    <entry id="party_name_285"><![CDATA[Bloody Murder]]></entry>
    <entry id="party_name_286"><![CDATA[Squad on Patrol]]></entry>
    <entry id="party_name_287"><![CDATA[Mark and Bark]]></entry>
    <entry id="party_name_288"><![CDATA[Garston's Garrison]]></entry>
    <entry id="party_name_289"><![CDATA[The Travelling Fools]]></entry>
    <entry id="party_name_290"><![CDATA[We Die Like Heroes]]></entry>
    <entry id="party_name_291"><![CDATA[The Hunchback of Notre Dame]]></entry>
    <entry id="party_name_292"><![CDATA[The Bloody Mummers]]></entry>
    <entry id="party_name_293"><![CDATA[Court of Beasts]]></entry>
    <entry id="party_name_294"><![CDATA[Freakshow]]></entry>
    <entry id="party_name_295"><![CDATA[The Ugly Kid]]></entry>
    <entry id="party_name_296"><![CDATA[Dance With The Devil]]></entry>
    <entry id="party_name_297"><![CDATA[The Shunned]]></entry>
    <entry id="party_name_298"><![CDATA[Suicide Squad]]></entry>
    <entry id="party_name_299"><![CDATA[Rocky Roady Warriors]]></entry>
    <entry id="party_name_300"><![CDATA[Bodyguards]]></entry>
    <entry id="party_name_301"><![CDATA[Left For Dead]]></entry>
    <entry id="party_name_302"><![CDATA[Rats In The Walls]]></entry>
    <entry id="party_name_303"><![CDATA[Command and Conquer]]></entry>
    <entry id="party_name_304"><![CDATA[The Walking Heads]]></entry>
    <entry id="party_name_305"><![CDATA[Belle and the Beasts]]></entry>
    <entry id="party_name_306"><![CDATA[The Travelers]]></entry>
    <entry id="party_name_307"><![CDATA[Lost and Damned]]></entry>
    <entry id="party_name_308"><![CDATA[Black Gold]]></entry>
    <entry id="party_name_309"><![CDATA[Crypt Robbers]]></entry>
    <entry id="party_name_310"><![CDATA[Lullaby]]></entry>
    <entry id="party_name_311"><![CDATA[Custodian Crew]]></entry>
    <entry id="party_name_312"><![CDATA[Bite the Bullet]]></entry>
    <entry id="party_name_313"><![CDATA[Open Season]]></entry>
    <entry id="party_name_314"><![CDATA[Blood Money]]></entry>
    <entry id="party_name_315"><![CDATA[Bad Karma]]></entry>
    <entry id="party_name_316"><![CDATA[Heaven's Devils]]></entry>
    <entry id="party_name_317"><![CDATA[Redemption]]></entry>
    <entry id="party_name_318"><![CDATA[Gallows Walk]]></entry>
    <entry id="party_name_319"><![CDATA[Bloodbourne]]></entry>
    <entry id="party_name_320"><![CDATA[Death sentence]]></entry>
    <entry id="party_name_321"><![CDATA[Bard And Guard]]></entry>
    <entry id="party_name_322"><![CDATA[Monster Within]]></entry>
    <entry id="party_name_323"><![CDATA[The Last Resort]]></entry>
    <entry id="party_name_324"><![CDATA[Highway to Hell]]></entry>
    <entry id="party_name_325"><![CDATA[The Hounds of Hell]]></entry>
    <entry id="party_name_326"><![CDATA[Cruel Fates]]></entry>
    <entry id="party_name_327"><![CDATA[The Wolf Parade]]></entry>
    <entry id="party_name_328"><![CDATA[Freak Show]]></entry>
    <entry id="party_name_329"><![CDATA[Cirque des Damnes]]></entry>
    <entry id="party_name_330"><![CDATA[Singer For The Stained]]></entry>
    <entry id="party_name_331"><![CDATA[We of Little Faith]]></entry>
    <entry id="party_name_332"><![CDATA[Metal Before Madness]]></entry>
    <entry id="party_name_333"><![CDATA[Inglorious Bastards]]></entry>
    <entry id="party_name_334"><![CDATA[Cirque du Slay]]></entry>
    <entry id="party_name_335"><![CDATA[Blood Drive]]></entry>
    <entry id="party_name_336"><![CDATA[Darkest Humour]]></entry>
    <entry id="party_name_337"><![CDATA[Fire With Fire]]></entry>
    <entry id="party_name_338"><![CDATA[Unspoken Horror]]></entry>
    <entry id="party_name_339"><![CDATA[Heathen Yell]]></entry>
    <entry id="party_name_340"><![CDATA[Grindhouse]]></entry>
    <entry id="party_name_341"><![CDATA[The Trench]]></entry>
    <entry id="party_name_342"><![CDATA[League of the Damned]]></entry>
    <entry id="party_name_343"><![CDATA[The Unlikely Tetret]]></entry>
    <entry id="party_name_344"><![CDATA[Killing Joke]]></entry>
    <entry id="party_name_345"><![CDATA[Chain the Beast]]></entry>
    <entry id="party_name_346"><![CDATA[Toxic Teammates]]></entry>
    <entry id="party_name_347"><![CDATA[The Blighters]]></entry>
    <entry id="party_name_348"><![CDATA[Damned and Forgotten]]></entry>
    <entry id="party_name_349"><![CDATA[Meddling Kids]]></entry>
    <entry id="party_name_350"><![CDATA[Riot Control]]></entry>
    <entry id="party_name_351"><![CDATA[Containment]]></entry>
    <entry id="party_name_352"><![CDATA[Masked Avengers]]></entry>
    <entry id="party_name_353"><![CDATA[Eldritch Plague]]></entry>
    <entry id="party_name_354"><![CDATA[The Forsaken]]></entry>
    <entry id="party_name_355"><![CDATA[Observational Study]]></entry>
    <entry id="party_name_356"><![CDATA[Slow Advance]]></entry>
    <entry id="party_name_357"><![CDATA[Cloak and Dagger]]></entry>
    <entry id="party_name_358"><![CDATA[Trial and Conviction]]></entry>
    <entry id="party_name_359"><![CDATA[The Hard Way]]></entry>
    <entry id="party_name_360"><![CDATA[Protect The Weak]]></entry>
    <entry id="party_name_361"><![CDATA[Rival Collector]]></entry>
    <entry id="party_name_362"><![CDATA[The Caged Beast]]></entry>
    <entry id="party_name_363"><![CDATA[The Relentless Crusade]]></entry>
    <entry id="party_name_364"><![CDATA[Greed is Need]]></entry>
    <entry id="party_name_365"><![CDATA[Gold in the Grave]]></entry>
    <entry id="party_name_366"><![CDATA[Composition Equilibre]]></entry>
    <entry id="party_name_367"><![CDATA[Raiders of the Oft Dark]]></entry>
    <entry id="party_name_368"><![CDATA[Headhunters]]></entry>
    <entry id="party_name_369"><![CDATA[Contingency Plan]]></entry>
    <entry id="party_name_370"><![CDATA[Law and Order]]></entry>
    <entry id="party_name_371"><![CDATA[The Hunting Hounds of Hell]]></entry>
    <entry id="party_name_372"><![CDATA[Attrition Disposition]]></entry>
    <entry id="party_name_373"><![CDATA[King's Court]]></entry>
    <entry id="party_name_374"><![CDATA[Vox Machina]]></entry>
    <entry id="party_name_375"><![CDATA[Blood and Guts]]></entry>
    <entry id="party_name_376"><![CDATA[The Wall]]></entry>
    <entry id="party_name_377"><![CDATA[Ramming Speed]]></entry>
    <entry id="party_name_378"><![CDATA[Sages of Ancient Ways]]></entry>
    <entry id="party_name_379"><![CDATA[Better Safe, Than Sorry]]></entry>
    <entry id="party_name_380"><![CDATA[Bloody Stunday]]></entry>
    <entry id="party_name_381"><![CDATA[Scholars of War]]></entry>
  </language>
</root>

