<?xml version="1.0" encoding="UTF-8"?>
<root>
  <language id="english">
    <entry id="str_controls_room_context"><![CDATA[Room]]></entry>
    <entry id="str_controls_hallway_context"><![CDATA[Hallway]]></entry>
    <entry id="str_controls_combat_context"><![CDATA[Combat]]></entry>
    <entry id="str_controls_camping_context"><![CDATA[Camping]]></entry>
    <entry id="str_controls_town_context"><![CDATA[Hamlet]]></entry>
    <entry id="str_controls_hero_activity_context"><![CDATA[Tavern, Abbey, Sanitarium]]></entry>
    <entry id="str_controls_hero_action_context"><![CDATA[Blacksmith, Guild]]></entry>
    <entry id="str_controls_stage_coach_context"><![CDATA[Stagecoach]]></entry>
    <entry id="str_controls_nomad_wagon_context"><![CDATA[Nomad Wagon]]></entry>
    <entry id="str_controls_quest_select_context"><![CDATA[Quest Select]]></entry>
    <entry id="str_controls_provision_context"><![CDATA[Provisioning]]></entry>
    <entry id="str_controls_inventory_context"><![CDATA[Inventory]]></entry>
    <entry id="str_controls_panel_title"><![CDATA[Controls]]></entry>
    <entry id="str_controls_panel_prev"><![CDATA[Previous Context]]></entry>
    <entry id="str_controls_panel_next"><![CDATA[Next Context]]></entry>
    <entry id="str_controls_town_stage_coach_context"><![CDATA[Stage Coach]]></entry>
    <entry id="str_controls_town_blacksmith_context"><![CDATA[Blacksmith]]></entry>
    <entry id="str_controls_town_guild_context"><![CDATA[Guild]]></entry>
    <entry id="str_controls_town_camping_trainer_context"><![CDATA[Camping Trainer]]></entry>
    <entry id="str_controls_town_tavern_context"><![CDATA[Tavern]]></entry>
    <entry id="str_controls_town_abbey_context"><![CDATA[Abbey]]></entry>
    <entry id="str_controls_town_sanitarium_context"><![CDATA[Sanitarium]]></entry>
    <entry id="str_controls_town_nomad_wagon_context"><![CDATA[Nomad Wagon]]></entry>
    <entry id="str_controls_town_quest_select_context"><![CDATA[Quest Select]]></entry>
    <entry id="str_controls_raid_room_context"><![CDATA[Room]]></entry>
    <entry id="str_controls_raid_hallway_context"><![CDATA[Hallway]]></entry>
    <entry id="str_controls_raid_combat_context"><![CDATA[Combat]]></entry>
    <entry id="str_controls_raid_camping_context"><![CDATA[Camping]]></entry>
    <entry id="hallway_start1"><![CDATA[Menu]]></entry>
    <entry id="[psv]hallway_start2"><![CDATA[Abandon Quest]]></entry>
    <entry id="hallway_dpad_u"><![CDATA[Inventory/Map]]></entry>
    <entry id="hallway_dpad_d"><![CDATA[Inventory/Map]]></entry>
    <entry id="hallway_dpad_l_alternate_dpad_left_right"><![CDATA[Prev Hero]]></entry>
    <entry id="hallway_dpad_r_alternate_dpad_left_right"><![CDATA[Next Hero]]></entry>
    <entry id="hallway_primary1"><![CDATA[Interact / Move Hero]]></entry>
    <entry id="hallway_secondary1"><![CDATA[Hero Details]]></entry>
    <entry id="hallway_analog_stick_l"><![CDATA[Move Party/Selection]]></entry>
    <entry id="hallway_shoulder_l"><![CDATA[(L1) Prev Hero]]></entry>
    <entry id="hallway_shoulder_r"><![CDATA[(R1) Next Hero]]></entry>
    <entry id="hallway_trigger_l"><![CDATA[(L2 HOLD) Status Info]]></entry>
    <entry id="hallway_trigger_r"><![CDATA[(R2 HOLD) Map Controls]]></entry>
    <entry id="[psv]hallway_shoulder_l"><![CDATA[(rear touch pad left) 
Prev Hero]]></entry>
    <entry id="[psv]hallway_shoulder_r"><![CDATA[(rear touch pad right) 
Next Hero]]></entry>
    <entry id="[psv]hallway_shoulder_l_rear_touchpad_enabled"><![CDATA[(rear touch pad left) 
Disabled by Option]]></entry>
    <entry id="[psv]hallway_shoulder_r_rear_touchpad_enabled"><![CDATA[(rear touch pad right)
Disabled by Option]]></entry>
    <entry id="[psv]hallway_trigger_l"><![CDATA[(HOLD) Status Info]]></entry>
    <entry id="[psv]hallway_trigger_r"><![CDATA[(HOLD) Map Controls]]></entry>
    <entry id="hallway_tpad_l"><![CDATA[Help]]></entry>
    <entry id="hallway_tpad_r"><![CDATA[Abandon Quest]]></entry>
    <entry id="[psv]hallway_touch_screen_l_rear_touchpad_enabled"><![CDATA[(touchscreen left)
Prev Hero]]></entry>
    <entry id="[psv]hallway_touch_screen_r_rear_touchpad_enabled"><![CDATA[(touchscreen right)
Next Hero]]></entry>
    <entry id="room_start1"><![CDATA[Menu]]></entry>
    <entry id="[psv]room_start2"><![CDATA[Abandon Quest]]></entry>
    <entry id="room_dpad_u"><![CDATA[Inventory/Map]]></entry>
    <entry id="room_dpad_d"><![CDATA[Inventory/Map]]></entry>
    <entry id="room_dpad_l_alternate_dpad_left_right"><![CDATA[Prev Hero]]></entry>
    <entry id="room_dpad_r_alternate_dpad_left_right"><![CDATA[Next Hero]]></entry>
    <entry id="room_primary1"><![CDATA[Interact / Move Hero]]></entry>
    <entry id="room_secondary1"><![CDATA[Hero Details]]></entry>
    <entry id="room_analog_stick_l"><![CDATA[Move Party/Selection]]></entry>
    <entry id="room_analog_stick_r"><![CDATA[Select Next Room]]></entry>
    <entry id="room_shoulder_l"><![CDATA[(L1) Prev Hero]]></entry>
    <entry id="room_shoulder_r"><![CDATA[(R1) Next Hero]]></entry>
    <entry id="room_trigger_l"><![CDATA[(L2 HOLD) Status Info]]></entry>
    <entry id="room_trigger_r"><![CDATA[(R2 HOLD) Map Controls]]></entry>
    <entry id="[psv]room_shoulder_l"><![CDATA[(rear touch pad left) 
Prev Hero]]></entry>
    <entry id="[psv]room_shoulder_r"><![CDATA[(rear touch pad right) 
Next Hero]]></entry>
    <entry id="[psv]room_shoulder_l_rear_touchpad_enabled"><![CDATA[(rear touch pad left) 
Disabled by Option]]></entry>
    <entry id="[psv]room_shoulder_r_rear_touchpad_enabled"><![CDATA[(rear touch pad right)
Disabled by Option]]></entry>
    <entry id="[psv]room_trigger_l"><![CDATA[(HOLD) Status Info]]></entry>
    <entry id="[psv]room_trigger_r"><![CDATA[(HOLD) Map Controls]]></entry>
    <entry id="room_tpad_l"><![CDATA[Help]]></entry>
    <entry id="room_tpad_r"><![CDATA[Abandon Quest]]></entry>
    <entry id="[psv]room_touch_screen_l_rear_touchpad_enabled"><![CDATA[(touchscreen left)
Prev Hero]]></entry>
    <entry id="[psv]room_touch_screen_r_rear_touchpad_enabled"><![CDATA[(touchscreen right)
Next Hero]]></entry>
    <entry id="combat_start1"><![CDATA[Menu]]></entry>
    <entry id="[psv]combat_start2"><![CDATA[Retreat]]></entry>
    <entry id="combat_dpad_u"><![CDATA[Inventory/Map]]></entry>
    <entry id="combat_dpad_d"><![CDATA[Inventory/Map]]></entry>
    <entry id="combat_primary2"><![CDATA[Cancel/Close]]></entry>
    <entry id="combat_primary1"><![CDATA[Select/Use]]></entry>
    <entry id="combat_secondary1"><![CDATA[Hero Details]]></entry>
    <entry id="combat_analog_stick_l"><![CDATA[Skill/Target Selection]]></entry>
    <entry id="combat_trigger_l"><![CDATA[(L2 HOLD) Status Info]]></entry>
    <entry id="combat_trigger_r"><![CDATA[(R2 HOLD) Map Controls]]></entry>
    <entry id="[psv]combat_trigger_l"><![CDATA[(HOLD) Status Info]]></entry>
    <entry id="[psv]combat_trigger_r"><![CDATA[(HOLD) Map Controls]]></entry>
    <entry id="combat_tpad_l"><![CDATA[Help]]></entry>
    <entry id="combat_tpad_r"><![CDATA[Retreat]]></entry>
    <entry id="camping_start1"><![CDATA[Menu]]></entry>
    <entry id="camping_dpad_u"><![CDATA[Inventory/Map]]></entry>
    <entry id="camping_dpad_d"><![CDATA[Inventory/Map]]></entry>
    <entry id="camping_dpad_l_alternate_dpad_left_right"><![CDATA[Prev Hero]]></entry>
    <entry id="camping_dpad_r_alternate_dpad_left_right"><![CDATA[Next Hero]]></entry>
    <entry id="camping_primary2"><![CDATA[Cancel/Close]]></entry>
    <entry id="camping_primary1"><![CDATA[Select/Use]]></entry>
    <entry id="camping_secondary1"><![CDATA[Hero Details]]></entry>
    <entry id="camping_analog_stick_l"><![CDATA[Skill/Target Selection]]></entry>
    <entry id="camping_shoulder_l"><![CDATA[(L1) Prev Hero]]></entry>
    <entry id="camping_shoulder_r"><![CDATA[(R1) Next Hero]]></entry>
    <entry id="camping_trigger_l"><![CDATA[(L2 HOLD) Status Info]]></entry>
    <entry id="camping_trigger_r"><![CDATA[(R2 HOLD) Map Controls]]></entry>
    <entry id="[psv]camping_shoulder_l"><![CDATA[(rear touch pad left) 
Prev Hero]]></entry>
    <entry id="[psv]camping_shoulder_r"><![CDATA[(rear touch pad right) 
Next Hero]]></entry>
    <entry id="[psv]camping_shoulder_l_rear_touchpad_enabled"><![CDATA[(rear touch pad left) 
Disabled by Option]]></entry>
    <entry id="[psv]camping_shoulder_r_rear_touchpad_enabled"><![CDATA[(rear touch pad right)
Disabled by Option]]></entry>
    <entry id="[psv]camping_trigger_l"><![CDATA[(HOLD) Status Info]]></entry>
    <entry id="[psv]camping_trigger_r"><![CDATA[(HOLD) Map Controls]]></entry>
    <entry id="camping_tpad_l"><![CDATA[Help]]></entry>
    <entry id="[psv]camping_touch_screen_l_rear_touchpad_enabled"><![CDATA[(touchscreen left)
Prev Hero]]></entry>
    <entry id="[psv]camping_touch_screen_r_rear_touchpad_enabled"><![CDATA[(touchscreen right)
Next Hero]]></entry>
    <entry id="town_start1"><![CDATA[Menu]]></entry>
    <entry id="[psv]town_start2"><![CDATA[Embark]]></entry>
    <entry id="town_secondary2"><![CDATA[Trinket Inventory]]></entry>
    <entry id="town_primary2"><![CDATA[Cancel/Back]]></entry>
    <entry id="town_primary1"><![CDATA[Enter Building]]></entry>
    <entry id="town_analog_stick_l"><![CDATA[Navigate Buildings]]></entry>
    <entry id="town_shoulder_l"><![CDATA[(L1) Town Events]]></entry>
    <entry id="town_shoulder_r"><![CDATA[(R1) Activity Log]]></entry>
    <entry id="[psv]town_shoulder_l_rear_touchpad_enabled"><![CDATA[(rear touch pad left) 
Disabled by Option]]></entry>
    <entry id="[psv]town_shoulder_r_rear_touchpad_enabled"><![CDATA[(rear touch pad right)
Disabled by Option]]></entry>
    <entry id="town_trigger_r"><![CDATA[(R2 HOLD) Roster Focus]]></entry>
    <entry id="[psv]town_shoulder_l"><![CDATA[(rear touch pad left) 
Town Events]]></entry>
    <entry id="[psv]town_shoulder_r"><![CDATA[(rear touch pad right)
Activity Log]]></entry>
    <entry id="[psv]town_trigger_r"><![CDATA[(HOLD) Roster Focus]]></entry>
    <entry id="town_stick_l"><![CDATA[[CLICK] Heirloom Exchange]]></entry>
    <entry id="town_tpad_l"><![CDATA[Help]]></entry>
    <entry id="town_tpad_r"><![CDATA[Embark]]></entry>
    <entry id="[psv]town_touch_screen_l_rear_touchpad_enabled"><![CDATA[(touchscreen left)
Town Events]]></entry>
    <entry id="[psv]town_touch_screen_r_rear_touchpad_enabled"><![CDATA[(touchscreen right)
Activity Log]]></entry>
    <entry id="hero_activity_start1"><![CDATA[Menu]]></entry>
    <entry id="hero_activity_primary2"><![CDATA[Cancel/Back]]></entry>
    <entry id="hero_activity_primary1"><![CDATA[Place Hero/Confirm Treatment]]></entry>
    <entry id="hero_activity_analog_stick_l"><![CDATA[Indicate Slot/Hero]]></entry>
    <entry id="hero_activity_trigger_l"><![CDATA[(L2 HOLD) Building Upgrades]]></entry>
    <entry id="hero_activity_trigger_r"><![CDATA[(R2 HOLD) Roster Focus]]></entry>
    <entry id="[psv]hero_activity_trigger_l"><![CDATA[(HOLD) Building Upgrades]]></entry>
    <entry id="[psv]hero_activity_trigger_r"><![CDATA[(HOLD) Roster Focus]]></entry>
    <entry id="hero_activity_tpad_l"><![CDATA[Help]]></entry>
    <entry id="hero_action_start1"><![CDATA[Menu]]></entry>
    <entry id="hero_action_primary2"><![CDATA[Cancel/Back]]></entry>
    <entry id="hero_action_primary1"><![CDATA[Purchase Upgrade]]></entry>
    <entry id="hero_action_analog_stick_l"><![CDATA[Indicate Hero]]></entry>
    <entry id="hero_action_shoulder_l"><![CDATA[Prev Hero]]></entry>
    <entry id="hero_action_shoulder_r"><![CDATA[Next Hero]]></entry>
    <entry id="hero_action_trigger_l"><![CDATA[(L2 HOLD) Building Upgrades]]></entry>
    <entry id="hero_action_trigger_r"><![CDATA[(R2 HOLD) Roster Focus]]></entry>
    <entry id="[psv]hero_action_shoulder_l"><![CDATA[(rear touch pad left) 
Prev Hero]]></entry>
    <entry id="[psv]hero_action_shoulder_r"><![CDATA[(rear touch pad right) 
Next Hero]]></entry>
    <entry id="[psv]hero_action_shoulder_l_rear_touchpad_enabled"><![CDATA[(rear touch pad left) 
Disabled by Option]]></entry>
    <entry id="[psv]hero_action_shoulder_r_rear_touchpad_enabled"><![CDATA[(rear touch pad right)
Disabled by Option]]></entry>
    <entry id="[psv]hero_action_trigger_l"><![CDATA[(HOLD) Building Upgrades]]></entry>
    <entry id="[psv]hero_action_trigger_r"><![CDATA[(HOLD) Roster Focus]]></entry>
    <entry id="hero_action_tpad_l"><![CDATA[Help]]></entry>
    <entry id="[psv]hero_action_touch_screen_l_rear_touchpad_enabled"><![CDATA[(touchscreen left) 
Prev Hero]]></entry>
    <entry id="[psv]hero_action_touch_screen_r_rear_touchpad_enabled"><![CDATA[(touchscreen right) 
Next Hero]]></entry>
    <entry id="nomad_wagon_start1"><![CDATA[Menu]]></entry>
    <entry id="nomad_wagon_primary2"><![CDATA[Cancel/Back]]></entry>
    <entry id="nomad_wagon_primary1"><![CDATA[Buy Trinket]]></entry>
    <entry id="nomad_wagon_analog_stick_l"><![CDATA[Navigate Trinkets]]></entry>
    <entry id="nomad_wagon_trigger_l"><![CDATA[(L2 HOLD) Building Upgrades]]></entry>
    <entry id="nomad_wagon_trigger_r"><![CDATA[(R2 HOLD) Roster Focus]]></entry>
    <entry id="[psv]nomad_wagon_trigger_l"><![CDATA[(HOLD) Building Upgrades]]></entry>
    <entry id="[psv]nomad_wagon_trigger_r"><![CDATA[(HOLD) Roster Focus]]></entry>
    <entry id="nomad_wagon_tpad_l"><![CDATA[Help]]></entry>
    <entry id="stage_coach_start1"><![CDATA[Menu]]></entry>
    <entry id="stage_coach_primary2"><![CDATA[Cancel/Back]]></entry>
    <entry id="stage_coach_primary1"><![CDATA[Hire Recruit/Place in Roster]]></entry>
    <entry id="stage_coach_secondary1"><![CDATA[Hero Details]]></entry>
    <entry id="stage_coach_analog_stick_l"><![CDATA[Indicate Recruit]]></entry>
    <entry id="stage_coach_trigger_l"><![CDATA[(L2 HOLD) Building Upgrades]]></entry>
    <entry id="stage_coach_trigger_r"><![CDATA[(R2 HOLD) Roster Focus]]></entry>
    <entry id="[psv]stage_coach_trigger_l"><![CDATA[(HOLD) Building Upgrades]]></entry>
    <entry id="[psv]stage_coach_trigger_r"><![CDATA[(HOLD) Roster Focus]]></entry>
    <entry id="stage_coach_tpad_l"><![CDATA[Help]]></entry>
    <entry id="quest_select_start1"><![CDATA[Menu]]></entry>
    <entry id="[psv]quest_select_start2"><![CDATA[Embark]]></entry>
    <entry id="quest_select_primary2"><![CDATA[Cancel/Back]]></entry>
    <entry id="quest_select_primary1"><![CDATA[Place/Remove Hero in Party]]></entry>
    <entry id="quest_select_analog_stick_l"><![CDATA[Select Quest]]></entry>
    <entry id="quest_select_trigger_r"><![CDATA[(R2 HOLD) Roster Focus]]></entry>
    <entry id="[psv]quest_select_trigger_r"><![CDATA[(HOLD) Roster Focus]]></entry>
    <entry id="quest_select_tpad_l"><![CDATA[Help]]></entry>
    <entry id="quest_select_tpad_r"><![CDATA[Embark]]></entry>
    <entry id="provision_start1"><![CDATA[Menu]]></entry>
    <entry id="[psv]provision_start2"><![CDATA[Embark]]></entry>
    <entry id="provision_primary2"><![CDATA[Cancel/Back]]></entry>
    <entry id="provision_primary1"><![CDATA[Purchase/Sell Supplies]]></entry>
    <entry id="provision_analog_stick_l"><![CDATA[Select Supplies]]></entry>
    <entry id="provision_trigger_r"><![CDATA[(R2 HOLD) Roster Focus]]></entry>
    <entry id="[psv]provision_trigger_r"><![CDATA[(HOLD) Roster Focus]]></entry>
    <entry id="provision_tpad_l"><![CDATA[Help]]></entry>
    <entry id="provision_tpad_r"><![CDATA[Embark]]></entry>
    <entry id="inventory_secondary2"><![CDATA[Use/(HOLD) Discard]]></entry>
    <entry id="inventory_primary1"><![CDATA[Move or Equip Item]]></entry>
    <entry id="inventory_analog_stick_l"><![CDATA[Select Item]]></entry>
    <entry id="inventory_trigger_l"><![CDATA[(L2 HOLD) Item Info]]></entry>
    <entry id="[psv]inventory_trigger_l"><![CDATA[(HOLD) Item Info]]></entry>
    <entry id="tutorial_popup_embark_title"><![CDATA[Embark!]]></entry>
    <entry id="tutorial_popup_embark_description"><![CDATA[There isn't much more you can do in town right now. It's time to EMBARK on a quest!

Click on the {colour_start|notable}[EMBARK]{colour_end} button at the buttom of the screen!]]></entry>
    <entry id="[ps4]tutorial_popup_embark_description"><![CDATA[There isn't much more you can do in town right now. It's time to EMBARK on a quest!

Press {colour_start|notable}[TOUCH PAD RIGHT]{colour_end} to embark!]]></entry>
    <entry id="[psv]tutorial_popup_embark_description"><![CDATA[There isn't much more you can do in town right now. It's time to EMBARK on a quest!

Press {colour_start|notable}[START]{colour_end}!]]></entry>
    <entry id="tutorial_popup_loot_title"><![CDATA[Loot!]]></entry>
    <entry id="tutorial_popup_loot_description"><![CDATA[Each item, if you take it, will occupy space in your inventory.

{colour_start|notable}Mouse over{colour_end} items to show details about them. This works in your inventory, too!

Press {colour_start|town_activity_log_positive_result}[CIRCLE BUTTON]{colour_end} to close this window.)]]></entry>
    <entry id="[ps4]tutorial_popup_loot_description"><![CDATA[Each item, if you take it, will occupy space in your inventory.

Hold {colour_start|notable}[L2] and use [LEFT STICK]{colour_end} to show details about the items available to loot. This works in your inventory, too!

(Press {colour_start|town_activity_log_positive_result}[CIRCLE BUTTON]{colour_end} to close this window.)]]></entry>
    <entry id="[psv]tutorial_popup_loot_description"><![CDATA[Each item, if you take it, will occupy space in your inventory.

Hold {colour_start|notable}[L BUTTON] and use [LEFT STICK]{colour_end} to show details about the items available to loot. This works in your inventory, too!

(Press {colour_start|town_activity_log_positive_result}[CIRCLE BUTTON]{colour_end} to close this window.)]]></entry>
    <entry id="[ps4]tutorial_popup_supplies_description"><![CDATA[You'll want to take {colour_start|notable}different supplies{colour_end} depending on what {colour_start|notable}region{colour_end} you are going to, how {colour_start|notable}long{colour_end} the quest is, and your own preferences. But always bring some {colour_start|notable}food{colour_end} and {colour_start|notable}torches{colour_end}!

For your first short quest, try bringing at least 8 food and 4 torches.

To see details about any item, hold {colour_start|notable}[L2]{colour_end}. This works for inventory and loot windows, too!]]></entry>
    <entry id="[psv]tutorial_popup_supplies_description"><![CDATA[You'll want to take {colour_start|notable}different supplies{colour_end} depending on what {colour_start|notable}region{colour_end} you are going to, how {colour_start|notable}long{colour_end} the quest is, and your own preferences.

For your first short quest, try bringing at least 8 food and 4 torches.

To see details about any item, hold {colour_start|notable}[L Button]{colour_end}. This works for inventory and loot windows, too!]]></entry>
    <entry id="tutorial_popup_quest_select_title"><![CDATA[Quests and Parties]]></entry>
    <entry id="tutorial_popup_quest_select_description"><![CDATA[This is where you select a quest and form an adventuring party of four heroes to embark on it. 

{colour_start|notable}[CLICK]{colour_end} on quests to see their details.

{colour_start|notable}[DRAG]{colour_end} heroes into slots at the bottom of the screen to form your party and default party order.]]></entry>
    <entry id="[ps4]tutorial_popup_quest_select_description"><![CDATA[This is where you select a quest and form an adventuring party of four heroes to embark on it. 

{colour_start|notable}[SELECT]{colour_end} quests with {colour_start|notable}[LEFT STICK]{colour_end} to see their details.

Place heroes into slots at the bottom of the screen to form your party by holding{colour_start|notable}[R2]{colour_end} and using the {colour_start|notable}[CROSS BUTTON]{colour_end}.]]></entry>
    <entry id="[psv]tutorial_popup_quest_select_description"><![CDATA[This is where you select a quest and form an adventuring party of four heroes to embark on it. 

Select quests with {colour_start|notable}[LEFT STICK]{colour_end} to see their details.

Place heroes into slots at the bottom of the screen to form your party by holding{colour_start|notable}[R]{colour_end} and using the {colour_start|notable}[CROSS BUTTON]{colour_end}.]]></entry>
    <entry id="tutorial_popup_stage_coach_description"><![CDATA[You'll need to {colour_start|notable}recruit all of these heroes{colour_end} to fill out a party of four. 

{colour_start|town_activity_log_positive_result}[Drag and drop]{colour_end} them into your roster.]]></entry>
    <entry id="[ps4|psv]tutorial_popup_stage_coach_description"><![CDATA[You'll need to {colour_start|notable}recruit all of these heroes{colour_end} to fill out a party of four.

Select each hero with {colour_start|notable}[LEFT STICK] plus [CROSS BUTTON]{colour_end} and then use {colour_start|notable}[LEFT STICK] plus [CROSS BUTTON]{colour_end} again to place the hero in your active roster on the right.]]></entry>
    <entry id="tutorial_popup_stage_coach2_title"><![CDATA[Upgrade the Stage Coach Network]]></entry>
    <entry id="tutorial_popup_stage_coach2_description"><![CDATA[While you're here, spend some of your starting heirlooms on {colour_start|notable}upgrading the Stagecoach Network{colour_end}. This will increase the number of heroes available here in the future.

To upgrade, click the {colour_start|town_activity_log_positive_result}[+]{colour_end} symbol on the left, and then click the upgrade.]]></entry>
    <entry id="[ps4]tutorial_popup_stage_coach2_description"><![CDATA[While you're here, spend some of your starting heirlooms on {colour_start|notable}upgrading the Stagecoach Network{colour_end}. This will increase the number of heroes available here in the future.

To upgrade, hold {colour_start|town_activity_log_positive_result}[L2]{colour_end} to access the upgrades menu and then use {colour_start|notable}[LEFT STICK] plus [X BUTTON]{colour_end} to purchase upgrades.]]></entry>
    <entry id="[psv]tutorial_popup_stage_coach2_description"><![CDATA[While you're here, spend some of your starting heirlooms on {colour_start|notable}upgrading the Stagecoach Network{colour_end}. This will increase the number of heroes available here in the future.

To upgrade, hold {colour_start|town_activity_log_positive_result}[L BUTTON]{colour_end} to access the upgrades menu and then use {colour_start|notable}[LEFT STICK] plus [X BUTTON]{colour_end} to purchase upgrades.]]></entry>
    <entry id="[ps4]tutorial_popup_quest_complete_description"><![CDATA[After you've completed the requirements of a quest, you have the option to {colour_start|notable}return to town{colour_end} at any time--just press {colour_start|notable}[TOUCH PAD RIGHT]{colour_end}. You don't need to return to the starting room of the dungeon to exit.

(Press {colour_start|town_activity_log_positive_result}[CIRCLE BUTTON]{colour_end} to close this window.)]]></entry>
    <entry id="[psv]tutorial_popup_quest_complete_description"><![CDATA[After you've completed the requirements of a quest, you have the option to {colour_start|notable}return to town{colour_end} at any time--just {colour_start|notable}[press START BUTTON]{colour_end}. You don't need to return to the starting room of the dungeon to exit.

(Press {colour_start|town_activity_log_positive_result}[CIRCLE BUTTON]{colour_end} to close this window.)]]></entry>
    <entry id="[ps4|psv]tutorial_popup_hero_panel_description"><![CDATA[When a hero is selected, press {colour_start|town_activity_log_positive_result}[SQUARE BUTTON]{colour_end} to bring up a detailed panel showing all of the hero's {colour_start|notable}quirks{colour_end}, {colour_start|notable}skills{colour_end}, and {colour_start|notable}resistances{colour_end}.]]></entry>
    <entry id="[ps4]tutorial_popup_press_h_description"><![CDATA[On any screen in the game, press {colour_start|town_activity_log_positive_result}[TOUCH PAD LEFT]{colour_end} to see contextual help.

Try it while in town, exploring, fighting, camping, and more.]]></entry>
    <entry id="[psv]tutorial_popup_press_h_description"><![CDATA[On any screen in the game, press {colour_start|town_activity_log_positive_result}[SELECT BUTTON]{colour_end} and choose {colour_start|town_activity_log_positive_result}[HELP]{colour_end} to see contextual help.

Try it while in town, exploring, fighting, camping, and more.]]></entry>
    <entry id="[ps4|psv]tutorial_popup_combat_description"><![CDATA[Combat is {colour_start|notable}turn-based{colour_end}. On your hero's turn, {colour_start|town_activity_log_positive_result}[SELECT]{colour_end} a skill icon and then {colour_start|town_activity_log_positive_result}[SELECT]{colour_end} a target. 

If you can't select a particular skill, it's because that hero needs to be {colour_start|notable}standing in a different spot{colour_end} or there are {colour_start|notable}no valid targets{colour_end}. {colour_start|town_activity_log_positive_result}[HIGHLIGHT]{colour_end} the skill to see the requirements.]]></entry>
    <entry id="[ps4]tutorial_popup_map_nav_description"><![CDATA[You are currently in a {colour_start|notable}room{colour_end}.

To move towards another room, use {colour_start|town_activity_log_positive_result}[RIGHT STICK]{colour_end} to select a {colour_start|notable}destination room{colour_end} on the {colour_start|notable}map{colour_end}. This will take you to the {colour_start|notable}connecting hallway{colour_end}.

(Press {colour_start|town_activity_log_positive_result}[CIRCLE BUTTON]{colour_end} to close this window.)]]></entry>
    <entry id="[psv]tutorial_popup_map_nav_description"><![CDATA[You are currently in a {colour_start|notable}room{colour_end}.

To move towards another room, use {colour_start|town_activity_log_positive_result}[RIGHT STICK]{colour_end} to select a {colour_start|notable}destination room{colour_end} on the {colour_start|notable}map{colour_end}. This will take you to the {colour_start|notable}connecting hallway{colour_end}.]]></entry>
    <entry id="[ps4|psv]tutorial_popup_hallway_nav_description"><![CDATA[While in a {colour_start|notable}hallway{colour_end}, use {colour_start|town_activity_log_positive_result}[LEFT STICK]{colour_end} to move forward or backward.

(Press {colour_start|town_activity_log_positive_result}[CIRCLE BUTTON]{colour_end} to close this window.)]]></entry>
    <entry id="[ps4|psv]tutorial_popup_curio_description"><![CDATA[While exploring, you will often find {colour_start|notable}interactive objects{colour_end}. Press {colour_start|town_activity_log_positive_result}[CROSS BUTTON]{colour_end} to investigate them with the active hero. Take a look at this tent...

(Press {colour_start|town_activity_log_positive_result}[CIRCLE BUTTON]{colour_end} to close this window.)]]></entry>
    <entry id="[ps4|psv]tutorial_popup_bandage_description"><![CDATA[Your hero is {colour_start|pop_text_bleed}bleeding{colour_end}!

If you wish, you can use a {colour_start|notable}bandage{colour_end} from inventory to stop the flow. Select the bandage and press {colour_start|town_activity_log_positive_result}[TRIANGLE BUTTON]{colour_end} to use it when it's the injured hero's turn.]]></entry>
    <entry id="[ps4|psv]tutorial_popup_antivenom_description"><![CDATA[Select and use Anti-Venom, Bandages, or Medicinal Herbs from inventory with {colour_start|town_activity_log_positive_result}[LEFT STICK]{colour_end} and {colour_start|town_activity_log_positive_result}[TRIANGLE BUTTON]{colour_end} to heal BLIGHT, BLEED, or DEBUFFS on the current hero, respectively.]]></entry>
    <entry id="[ps4|psv]tutorial_popup_torch_description"><![CDATA[The {colour_start|notable}light{colour_end} is fading! The current {colour_start|notable}torch level greatly affects many mechanics{colour_end} in the game. The darker it gets, the harder things get but the better the rewards. Select a torch in inventory and press {colour_start|town_activity_log_positive_result}[TRIANGLE BUTTON]{colour_end} to consume it and boost the light back up.]]></entry>
    <entry id="[ps4|psv]tutorial_popup_camping_quest_description"><![CDATA[This quest involves {colour_start|notable}Camping{colour_end} and Camping requires {colour_start|notable}firewood{colour_end}. Firewood is {colour_start|notable}given automatically{colour_end} to you on appropriate quests.

{colour_start|notable}Camping{colour_end} gives heroes a chance to {colour_start|notable}recuperate while in the dungeon{colour_end}. When you are wounded or stressed and wish to camp, select firewood in your inventory and press {colour_start|town_activity_log_positive_result}[TRIANGLE BUTTON]{colour_end}.]]></entry>
    <entry id="[ps4|psv]tutorial_popup_disarm_trap_description"><![CDATA[Scouted {colour_start|trap}traps{colour_end} will be {colour_start|notable}visible on the ground{colour_end} as you approach them. Select a hero and then press {colour_start|town_activity_log_positive_result}[CROSS BUTTON]{colour_end} while near the {colour_start|trap}trap{colour_end} to attempt to {colour_start|notable}disarm it{colour_end}.

When heroes are within range of a scouted trap, the trap icon will show up in their status bars.

Some heroes are better than others at disarming.]]></entry>
    <entry id="[ps4|psv]tutorial_popup_using_doors_description"><![CDATA[To enter a {colour_start|notable}door{colour_end}, press {colour_start|town_activity_log_positive_result}[CROSS BUTTON]{colour_end} when standing in front of it.]]></entry>
    <entry id="[ps4|psv]tutorial_popup_trinkets_description"><![CDATA[Each hero has slots to equip two items, called {colour_start|notable}trinkets{colour_end}. Just select the trinket in inventory and press {colour_start|notable}[CROSS BUTTON] {colour_end} to equip it. {colour_start|notable}Trinkets{colour_end} generally have a trade-off: something good, something bad. Some are also restricted to one hero class.]]></entry>
    <entry id="[ps4|psv]tutorial_popup_selling_trinkets_description"><![CDATA[You can sell back unwanted trinkets from your Trinket Inventory and make some money. Open the Trinket Inventory with {colour_start|notable}[TRIANGLE BUTTON]{colour_end}, select a trinket you don't want, and then sell it with [SQUARE BUTTON].]]></entry>
    <entry id="[ps4|psv]tutorial_popup_scout_hidden_door_description"><![CDATA[A critical scouting success will sometimes reveal a {colour_start|notable}Secret Room{colour_end}! Advance to the tile marked with a star, and press {colour_start|notable}[CROSS BUTTON]{colour_end} to enter. Fabulous wealth and riches await those equipped with a {colour_start|notable}key{colour_end}...]]></entry>
    <entry id="[ps4]str_help_town_0"><![CDATA[Select a hero with {colour_start|town_activity_log_positive_result}[R2 plus LEFT STICK]{colour_end} and then press {colour_start|town_activity_log_positive_result}[SQUARE BUTTON]{colour_end} to inspect their character sheet. Skills can be selected, clothing color can be changed, and they can be renamed or dismissed permanently.]]></entry>
    <entry id="[psv]str_help_town_0"><![CDATA[Select a hero with {colour_start|town_activity_log_positive_result}[R Button plus LEFT STICK]{colour_end} and then press {colour_start|town_activity_log_positive_result}[SQUARE BUTTON]{colour_end} to inspect their character sheet. Skills can be selected, clothing color can be changed, and they can be renamed or dismissed permanently.]]></entry>
    <entry id="[ps4|psv]str_help_town_1"><![CDATA[Use {colour_start|town_activity_log_positive_result}[L STICK and CROSS BUTTON]{colour_end} to enter buildings.]]></entry>
    <entry id="[ps4|psv]str_help_town_2"><![CDATA[STAGECOACH: recruit new heroes]]></entry>
    <entry id="[ps4|psv]str_help_town_3"><![CDATA[BLACKSMITH, GUILD, SURVIVALIST: upgrade hero skills and equipment]]></entry>
    <entry id="[ps4|psv]str_help_town_4"><![CDATA[TAVERN, ABBEY: send heroes for {colour_start|stressNOT1}stress{colour_end} relief]]></entry>
    <entry id="[ps4|psv]str_help_town_5"><![CDATA[SANITARIUM: treat heroes' quirks and diseases]]></entry>
    <entry id="[ps4|psv]str_help_town_6"><![CDATA[NOMAD'S WAGON: purchase rare items]]></entry>
    <entry id="[ps4]str_help_town_7"><![CDATA[Press {colour_start|town_activity_log_positive_result}[TOUCH PAD RIGHT]{colour_end} when ready to {colour_start|town_activity_log_positive_result}EMBARK ON A QUEST{colour_end}.]]></entry>
    <entry id="[psv]str_help_town_7"><![CDATA[Press {colour_start|town_activity_log_positive_result}[START BUTTON]{colour_end} when ready to {colour_start|town_activity_log_positive_result}EMBARK ON A QUEST{colour_end}.]]></entry>
    <entry id="[ps4]str_help_town_stage_coach_0"><![CDATA[Hold {colour_start|town_activity_log_positive_result}[L2]{colour_end} to access upgrades for this building.]]></entry>
    <entry id="[psv]str_help_town_stage_coach_0"><![CDATA[Hold {colour_start|town_activity_log_positive_result}[L Button]{colour_end} to access upgrades for this building.]]></entry>
    <entry id="[ps4|psv]str_help_town_stage_coach_1"><![CDATA[With a hero selected, press {colour_start|town_activity_log_positive_result}[SQUARE BUTTON]{colour_end} to inspect them.]]></entry>
    <entry id="[ps4|psv]str_help_town_stage_coach_2"><![CDATA[Use {colour_start|town_activity_log_positive_result}[CROSS BUTTON]{colour_end} to hire and place new heroes into your roster.]]></entry>
    <entry id="[ps4]str_help_town_blacksmith_0"><![CDATA[Hold {colour_start|town_activity_log_positive_result}[L2]{colour_end} to access upgrades for this building.]]></entry>
    <entry id="[psv]str_help_town_blacksmith_0"><![CDATA[Hold {colour_start|town_activity_log_positive_result}[L Button]{colour_end} to access upgrades for this building.]]></entry>
    <entry id="[ps4|psv]str_help_town_blacksmith_1"><![CDATA[{colour_start|town_activity_log_positive_result}[Place]{colour_end} a hero from your roster into the Blacksmith slot to see their weapon and armor upgrade options.]]></entry>
    <entry id="[ps4|psv]str_help_town_blacksmith_2"><![CDATA[{colour_start|town_activity_log_positive_result}[Select]{colour_end} upgrades and press {colour_start|town_activity_log_positive_result}[CROSS BUTTON]{colour_end} to purchase them. You may need to upgrade the Blacksmith before purchasing certain hero upgrades.]]></entry>
    <entry id="[ps4]str_help_town_guild_0"><![CDATA[Hold {colour_start|town_activity_log_positive_result}[L2]{colour_end} to access upgrades for this building.]]></entry>
    <entry id="[psv]str_help_town_guild_0"><![CDATA[Hold {colour_start|town_activity_log_positive_result}[L Button]{colour_end} to access upgrades for this building.]]></entry>
    <entry id="[ps4|psv]str_help_town_guild_1"><![CDATA[{colour_start|town_activity_log_positive_result}[Place]{colour_end} a hero from your roster into the Guild to see their skill upgrade options.]]></entry>
    <entry id="[ps4|psv]str_help_town_guild_2"><![CDATA[{colour_start|town_activity_log_positive_result}[Select]{colour_end} combat skills or combat skill upgrades and press {colour_start|town_activity_log_positive_result}[CROSS BUTTON]{colour_end} to purchase them. You may need to upgrade the Guild before purchasing certain hero upgrades.]]></entry>
    <entry id="[ps4]str_help_town_camping_trainer_0"><![CDATA[Hold {colour_start|town_activity_log_positive_result}[L2]{colour_end} to access upgrades for this building.]]></entry>
    <entry id="[psv]str_help_town_camping_trainer_0"><![CDATA[Hold {colour_start|town_activity_log_positive_result}[L Button]{colour_end} to access upgrades for this building.]]></entry>
    <entry id="[ps4|psv]str_help_town_camping_trainer_1"><![CDATA[{colour_start|town_activity_log_positive_result}[Place]{colour_end} a hero from your roster into the Survivalist to see their Camping skill upgrade options.]]></entry>
    <entry id="[ps4|psv]str_help_town_camping_trainer_2"><![CDATA[{colour_start|town_activity_log_positive_result}[Select]{colour_end} skills or upgrades and press {colour_start|town_activity_log_positive_result}[CROSS BUTTON]{colour_end} to purchase them. You may need to upgrade the Survivalist before purchasing certain hero upgrades.]]></entry>
    <entry id="[ps4]str_help_town_tavern_0"><![CDATA[Hold {colour_start|town_activity_log_positive_result}[L2]{colour_end} to access upgrades for this building.]]></entry>
    <entry id="[psv]str_help_town_tavern_0"><![CDATA[Hold {colour_start|town_activity_log_positive_result}[L Button]{colour_end} to access upgrades for this building.]]></entry>
    <entry id="[ps4|psv]str_help_town_tavern_1"><![CDATA[{colour_start|town_activity_log_positive_result}[Place]{colour_end} a hero from your roster into the appropriate slot and confirm payment with {colour_start|town_activity_log_positive_result}[CROSS BUTTON]{colour_end} to begin a stress-relieving activity.]]></entry>
    <entry id="[ps4|psv]str_help_town_tavern_2"><![CDATA[Some quirks will block a hero from taking part in that activity.]]></entry>
    <entry id="[ps4|psv]str_help_town_tavern_3"><![CDATA[Each activity has different costs, {colour_start|stressNOT1}stress{colour_end} relief values, and possible side-effects. You will have to discover some of them through play.]]></entry>
    <entry id="[ps4|psv]str_help_town_tavern_4"><![CDATA[Committing the hero to the activity will make them unavailable for the next quest.]]></entry>
    <entry id="[ps4|psv]str_help_town_tavern_5"><![CDATA[You will need to upgrade the building to unlock additional activity slots.]]></entry>
    <entry id="[ps4|psv]str_help_town_tavern_6"><![CDATA[Select an unoccupied building slot and press {colour_start|town_activity_log_positive_result}[CROSS BUTTON]{colour_end} to eject the hero from the building activity prematurely. You will not be refunded the money spent.]]></entry>
    <entry id="[ps4]str_help_town_abbey_0"><![CDATA[Hold {colour_start|town_activity_log_positive_result}[L2]{colour_end} to access upgrades for this building.]]></entry>
    <entry id="[psv]str_help_town_abbey_0"><![CDATA[Hold {colour_start|town_activity_log_positive_result}[L Button]{colour_end} to access upgrades for this building.]]></entry>
    <entry id="[ps4|psv]str_help_town_abbey_1"><![CDATA[{colour_start|town_activity_log_positive_result}[Place]{colour_end} a hero from your roster into the appropriate slot and confirm payment with {colour_start|town_activity_log_positive_result}[CROSS BUTTON]{colour_end} to begin a stress-relieving activity.]]></entry>
    <entry id="[ps4|psv]str_help_town_abbey_2"><![CDATA[Some quirks will block a hero from taking part in that activity.]]></entry>
    <entry id="[ps4|psv]str_help_town_abbey_3"><![CDATA[Each activity has different costs, {colour_start|stressNOT1}stress{colour_end} relief values, and possible side-effects. You will have to discover some of them through play.]]></entry>
    <entry id="[ps4|psv]str_help_town_abbey_4"><![CDATA[Committing the hero to the activity will make them unavailable for the next quest.]]></entry>
    <entry id="[ps4|psv]str_help_town_abbey_5"><![CDATA[You will need to upgrade the building to unlock additional activity slots.]]></entry>
    <entry id="[ps4|psv]str_help_town_abbey_6"><![CDATA[Select an unoccupied building slot and press {colour_start|town_activity_log_positive_result}[CROSS BUTTON]{colour_end} to eject the hero from the building activity prematurely. You will not be refunded the money spent.]]></entry>
    <entry id="[ps4]str_help_town_sanitarium_0"><![CDATA[Hold {colour_start|town_activity_log_positive_result}[L2]{colour_end} to access upgrades for this building.]]></entry>
    <entry id="[psv]str_help_town_sanitarium_0"><![CDATA[Hold {colour_start|town_activity_log_positive_result}[L Button]{colour_end} to access upgrades for this building.]]></entry>
    <entry id="[ps4|psv]str_help_town_sanitarium_1"><![CDATA[Treating quirks: {colour_start|town_activity_log_positive_result}[Place]{colour_end} a hero into a treatment ward slot and select a positive quirk to reinforce and/or a negative quirk to remove. Severe quirks cost more to remove.]]></entry>
    <entry id="[ps4|psv]str_help_town_sanitarium_2"><![CDATA[Treating diseases: {colour_start|town_activity_log_positive_result}[Place]{colour_end} a hero into a medical ward slot and select a disease to treat. Sometimes extra diseases will also be cured.]]></entry>
    <entry id="[ps4|psv]str_help_town_sanitarium_3"><![CDATA[Committing the hero to treatment will make them unavailable for the next quest.]]></entry>
    <entry id="[ps4|psv]str_help_town_sanitarium_4"><![CDATA[You will need to upgrade the building to unlock additional treatment slots.]]></entry>
    <entry id="[ps4|psv]str_help_town_sanitarium_5"><![CDATA[Select an unoccupied building slot and press {colour_start|town_activity_log_positive_result}[CROSS BUTTON]{colour_end} to eject the hero from the building activity prematurely. You will not be refunded the money spent.]]></entry>
    <entry id="[ps4]str_help_town_nomad_wagon_0"><![CDATA[Hold {colour_start|town_activity_log_positive_result}[L2]{colour_end} to access upgrades for this building.]]></entry>
    <entry id="[psv]str_help_town_nomad_wagon_0"><![CDATA[Hold {colour_start|town_activity_log_positive_result}[L Button]{colour_end} to access upgrades for this building.]]></entry>
    <entry id="[ps4|psv]str_help_town_nomad_wagon_1"><![CDATA[{colour_start|town_activity_log_positive_result}[Select]{colour_end} an available item and press {colour_start|town_activity_log_positive_result}[CROSS BUTTON]{colour_end} to purchase it.]]></entry>
    <entry id="[ps4|psv]str_help_town_quest_select_0"><![CDATA[{colour_start|town_activity_log_positive_result}[Select]{colour_end} available quests to inspect them.]]></entry>
    <entry id="[ps4|psv]str_help_town_quest_select_1"><![CDATA[{colour_start|town_activity_log_positive_result}[Select]{colour_end} heroes and press {colour_start|town_activity_log_positive_result}[CROSS BUTTON]{colour_end} to add them into the adventuring party.]]></entry>
    <entry id="[ps4|psv]str_help_town_quest_select_2"><![CDATA[Heroes that are in the Tavern, Abbey, or Sanitarium will be unavailable for use.]]></entry>
    <entry id="[ps4|psv]str_help_town_quest_select_3"><![CDATA[Complete quests in regions to advance your Mastery in that region and open up new quest types.]]></entry>
    <entry id="[ps4]str_help_town_quest_select_4"><![CDATA[Press {colour_start|town_activity_log_positive_result}[TOUCH PAD RIGHT]{colour_end} when ready to proceed to Provisioning.]]></entry>
    <entry id="[psv]str_help_town_quest_select_4"><![CDATA[Press {colour_start|town_activity_log_positive_result}[START BUTTON]{colour_end} when ready to proceed to Provisioning.]]></entry>
    <entry id="[ps4|psv]str_help_town_provision_0"><![CDATA[{colour_start|town_activity_log_positive_result}[Select]{colour_end} items in the shop and press {colour_start|town_activity_log_positive_result}[CROSS BUTTON]{colour_end} to purchase them for the expedition.]]></entry>
    <entry id="[ps4|psv]str_help_town_provision_1"><![CDATA[At quest end, unused provisions will be discarded without repayment. Buy only as much as you need!]]></entry>
    <entry id="[ps4|psv]str_help_town_provision_2"><![CDATA[You'll always want to carry some food and torches! Each hero generally eats 1 food unit per meal (Camping or Hunger event) and even on short quests you'll want at least 8 torches.]]></entry>
    <entry id="[ps4|psv]str_help_raid_room_0"><![CDATA[Use {colour_start|town_activity_log_positive_result}[RIGHT STICK]{colour_end} to choose a new room destination and enter the connecting hallway.]]></entry>
    <entry id="[ps4]str_help_raid_room_1"><![CDATA[Use {colour_start|town_activity_log_positive_result}[R1 and L1]{colour_end} to change active hero.]]></entry>
    <entry id="[psv]str_help_raid_room_1"><![CDATA[Tap {colour_start|town_activity_log_positive_result}[REAR TOUCH PAD]{colour_end} to change active hero.]]></entry>
    <entry id="[ps4|psv]str_help_raid_room_2"><![CDATA[Use {colour_start|town_activity_log_positive_result}[UP BUTTON and DOWN BUTTON]{colour_end} to toggle between INVENTORY and MAP.]]></entry>
    <entry id="[ps4]str_help_raid_room_3"><![CDATA[Press {colour_start|town_activity_log_positive_result}[CROSS BUTTON]{colour_end} to move a hero within the party. {colour_start|town_activity_log_positive_result}[Hold CROSS BUTTON]{colour_end} to restore default order.]]></entry>
    <entry id="[psv]str_help_raid_room_3"><![CDATA[Press {colour_start|town_activity_log_positive_result}[CROSS BUTTON]{colour_end} to move a hero within the party.]]></entry>
    <entry id="[ps4|psv]str_help_raid_room_4"><![CDATA[To start CAMPING, select firewood in inventory (if you have any) and press {colour_start|town_activity_log_positive_result}[TRIANGLE BUTTON]{colour_end}.]]></entry>
    <entry id="[ps4]str_help_raid_room_5"><![CDATA[Hold {colour_start|town_activity_log_positive_result}[L2]{colour_end} to view gameplay effects like light level and hero status conditions.]]></entry>
    <entry id="[psv]str_help_raid_room_5"><![CDATA[Hold {colour_start|town_activity_log_positive_result}[L Button]{colour_end} to view gameplay info.]]></entry>
    <entry id="[ps4]str_help_raid_room_6"><![CDATA[Press {colour_start|town_activity_log_positive_result}[TOUCH PAD RIGHT]{colour_end} to abandon the quest and return to the Hamlet.]]></entry>
    <entry id="[psv]str_help_raid_room_6"><![CDATA[Press {colour_start|town_activity_log_positive_result}[START BUTTON]{colour_end} to abandon the quest and return to the Hamlet.]]></entry>
    <entry id="[ps4]str_help_raid_room_7"><![CDATA[Hold {colour_start|town_activity_log_positive_result}[R2]{colour_end} to access map controls.]]></entry>
    <entry id="[psv]str_help_raid_room_7"><![CDATA[Hold {colour_start|town_activity_log_positive_result}[R Button]{colour_end} to access map controls.]]></entry>
    <entry id="[ps4|psv]str_help_raid_room_8"><![CDATA[Press {colour_start|town_activity_log_positive_result}[SQUARE BUTTON]{colour_end} to see a hero's detailed character sheet.]]></entry>
    <entry id="[ps4|psv]str_help_raid_hallway_0"><![CDATA[Use {colour_start|town_activity_log_positive_result}[RIGHT STICK]{colour_end} to walk forward or backward.]]></entry>
    <entry id="[ps4|psv]str_help_raid_hallway_1"><![CDATA[Press {colour_start|town_activity_log_positive_result}[CROSS BUTTON]{colour_end} to enter doors.]]></entry>
    <entry id="[ps4|psv]str_help_raid_hallway_2"><![CDATA[Use {colour_start|town_activity_log_positive_result}[UP BUTTON and DOWN BUTTON]{colour_end} to toggle between INVENTORY and MAP.]]></entry>
    <entry id="[ps4]str_help_raid_hallway_3"><![CDATA[Use {colour_start|town_activity_log_positive_result}[R1 and L1]{colour_end} to change hero selection.]]></entry>
    <entry id="[psv]str_help_raid_hallway_3"><![CDATA[Tap {colour_start|town_activity_log_positive_result}[REAR TOUCH PAD]{colour_end} to change active hero.]]></entry>
    <entry id="[ps4]str_help_raid_hallway_4"><![CDATA[Press {colour_start|town_activity_log_positive_result}[CROSS BUTTON]{colour_end} to move a hero within the party. {colour_start|town_activity_log_positive_result}[Hold CROSS BUTTON]{colour_end} to restore default order.]]></entry>
    <entry id="[psv]str_help_raid_hallway_4"><![CDATA[Press {colour_start|town_activity_log_positive_result}[CROSS BUTTON]{colour_end} to move a hero within the party.]]></entry>
    <entry id="[ps4]str_help_raid_hallway_5"><![CDATA[Hold {colour_start|town_activity_log_positive_result}[L2]{colour_end} to view gameplay effects like light level and hero status conditions.]]></entry>
    <entry id="[psv]str_help_raid_hallway_5"><![CDATA[Hold {colour_start|town_activity_log_positive_result}[L Button]{colour_end} to view gameplay effects like light level and hero status conditions.]]></entry>
    <entry id="[ps4]str_help_raid_hallway_6"><![CDATA[Hold {colour_start|town_activity_log_positive_result}[R2]{colour_end} to access map controls.]]></entry>
    <entry id="[psv]str_help_raid_hallway_6"><![CDATA[Hold {colour_start|town_activity_log_positive_result}[R Button]{colour_end} to access map controls.]]></entry>
    <entry id="[ps4]str_help_raid_hallway_7"><![CDATA[Press {colour_start|town_activity_log_positive_result}[TOUCH PAD RIGHT]{colour_end} to abandon the quest and return to the Hamlet.]]></entry>
    <entry id="[psv]str_help_raid_hallway_7"><![CDATA[Press {colour_start|town_activity_log_positive_result}[START BUTTON]{colour_end} to abandon the quest and return to the Hamlet.]]></entry>
    <entry id="[ps4|psv]str_help_raid_combat_0"><![CDATA[On hero's turn, use {colour_start|town_activity_log_positive_result}[LEFT STICK]{colour_end} and {colour_start|town_activity_log_positive_result}[CROSS BUTTON]{colour_end} to select a valid combat skill and then a target.]]></entry>
    <entry id="[ps4|psv]str_help_raid_combat_1"><![CDATA[Each skill has requirements for where the hero needs to be standing and what enemies they can target. Select a skill with {colour_start|town_activity_log_positive_result}[LEFT STICK]{colour_end} to see the requirements.]]></entry>
    <entry id="[ps4|psv]str_help_raid_combat_2"><![CDATA[When selecting a target with {colour_start|town_activity_log_positive_result}[LEFT STICK]{colour_end}, you can see that enemy's stats and the hero's chance to hit / damage values with the currently selected skill.]]></entry>
    <entry id="[ps4|psv]str_help_raid_combat_3"><![CDATA[Press {colour_start|town_activity_log_positive_result}[SQUARE BUTTON]{colour_end} to see a hero's detailed character sheet.]]></entry>
    <entry id="[ps4]str_help_raid_combat_4"><![CDATA[Hold {colour_start|town_activity_log_positive_result}[L2]{colour_end} to view current light level and hero / monster status effects.]]></entry>
    <entry id="[psv]str_help_raid_combat_4"><![CDATA[Hold {colour_start|town_activity_log_positive_result}[L Button]{colour_end} to view gameplay effects like light level and hero status conditions.]]></entry>
    <entry id="[ps4|psv]str_help_raid_combat_5"><![CDATA[Select and use Anti-Venom, Bandages, or Medicinal Herbs from inventory with {colour_start|town_activity_log_positive_result}[TRIANGLE BUTTON]{colour_end} to heal BLIGHT, BLEED, or DEBUFFS on the current hero, respectively.]]></entry>
    <entry id="[ps4|psv]str_help_raid_camping_0"><![CDATA[Use {colour_start|town_activity_log_positive_result}[LEFT STICK]{colour_end} to highlight a meal option and press {colour_start|town_activity_log_positive_result}[CROSS BUTTON]{colour_end} to eat. You are limited by how much food you have in inventory.]]></entry>
    <entry id="[ps4|psv]str_help_raid_camping_1"><![CDATA[Your party has {colour_start|town_activity_log_positive_result}[12 RESPITE POINTS]{colour_end} to spend on using Camping skills.]]></entry>
    <entry id="[ps4]str_help_raid_camping_2"><![CDATA[Use {colour_start|town_activity_log_positive_result}[L1 and R1]{colour_end} to select a hero and then {colour_start|town_activity_log_positive_result}[LEFT STICK and CROSS BUTTON]{colour_end} to use a skill. Some skills require a target to be selected.]]></entry>
    <entry id="[psv]str_help_raid_camping_2"><![CDATA[Use {colour_start|town_activity_log_positive_result}[REAR TOUCH PAD]{colour_end} to select a hero and then {colour_start|town_activity_log_positive_result}[LEFT STICK and CROSS BUTTON]{colour_end} to use a skill. Some skills require a target to be selected.]]></entry>
    <entry id="[ps4|psv]str_help_raid_camping_3"><![CDATA[When done spending RESPITE POINTS, press {colour_start|town_activity_log_positive_result}[TRIANGLE BUTTON]{colour_end} to finish camping.]]></entry>
    <entry id="[ps4]str_navigate_via_map"><![CDATA[Use {colour_start|town_activity_log_positive_result}[RIGHT STICK]{colour_end} to select a destination room on the map.]]></entry>
    <entry id="[ps4]str_reduce_torch_tip"><![CDATA[Hold [L2] and press [CIRCLE BUTTON] to reduce torchlight.]]></entry>
    <entry id="[ps4]str_snuff_torch_tip"><![CDATA[Hold [L2] and press [CIRCLE BUTTON] repeatedly to snuff out the torch.]]></entry>
    <entry id="[ps4|psv]action_select_hero"><![CDATA[Place a hero here.]]></entry>
    <entry id="[ps4|psv]corrupt_save_confirm_question"><![CDATA[Your save file appears to have been corrupted. Estate cannot be loaded.]]></entry>
    <entry id="[ps4|psv]menu_options_element_tooltip_bark_dismissal"><![CDATA[Press [CROSS BUTTON] to dismiss hero word balloons.]]></entry>
    <entry id="[ps4|psv]provision_sell_back_info"><![CDATA[Sell back with [CROSS BUTTON]]]></entry>
    <entry id="input_command_realm_inventory_hold_to_unequip_instruction"><![CDATA[[Hold] Unequip]]></entry>
    <entry id="input_command_realm_inventory_sort_instruction"><![CDATA[Sort]]></entry>
    <entry id="[ps4|psv]str_discard_item_instructions"><![CDATA[[Hold TRIANGLE BUTTON] to discard an item.]]></entry>
    <entry id="[ps4|psv]str_hero_slot_unlocked_disease_treatment"><![CDATA[[CROSS BUTTON] to commit hero for treatment.]]></entry>
    <entry id="[ps4|psv]str_hero_slot_unlocked_stagecoach_tt"><![CDATA[Press {colour_start|town_activity_log_positive_result}[CROSS BUTTON]{colour_end} to recruit into roster.]]></entry>
    <entry id="[ps4|psv]str_hero_slot_unlocked_treatment"><![CDATA[[CROSS BUTTON] to commit hero for treatment.]]></entry>
    <entry id="[ps4|psv]str_loading_screen_continue"><![CDATA[Press {colour_start|town_activity_log_positive_result}[ANY BUTTON]{colour_end} to Continue]]></entry>
    <entry id="[ps4|psv]str_save_pre_click"><![CDATA[Select the letter to begin...]]></entry>
    <entry id="[ps4|psv]town_name_realm_inventory"><![CDATA[Trinkets]]></entry>
    <entry id="[psv]str_navigate_via_map"><![CDATA[Use {colour_start|town_activity_log_positive_result}[RIGHT STICK]{colour_end} to select a destination room on the map.]]></entry>
    <entry id="[psv]str_reduce_torch_tip"><![CDATA[Hold [L BUTTON] and press [CIRCLE BUTTON] to reduce torchlight.]]></entry>
    <entry id="[psv]str_snuff_torch_tip"><![CDATA[Hold [L BUTTON] and press [CIRCLE BUTTON] repeatedly to snuff out the torch.]]></entry>
    <entry id="controller_discard_item_confirm_dialog_no"><![CDATA[No]]></entry>
    <entry id="controller_discard_item_confirm_dialog_question"><![CDATA[Discard this item?]]></entry>
    <entry id="controller_discard_item_confirm_dialog_yes"><![CDATA[Yes]]></entry>
    <entry id="curio_tooltip_pass_controller"><![CDATA[Ignore]]></entry>
    <entry id="dialog_confirm_store_downloaded_estate_in_unused_slot"><![CDATA[Replace empty slot with downloaded estate [%s]?]]></entry>
    <entry id="dialog_confirm_store_downloaded_estate_in_unused_slot_no"><![CDATA[No]]></entry>
    <entry id="dialog_confirm_store_downloaded_estate_in_unused_slot_yes"><![CDATA[Yes]]></entry>
    <entry id="dialog_confirm_store_downloaded_estate_in_used_slot"><![CDATA[Replace local slot [%s] with downloaded estate [%s]?]]></entry>
    <entry id="dialog_confirm_store_downloaded_estate_in_used_slot_no"><![CDATA[No]]></entry>
    <entry id="dialog_confirm_store_downloaded_estate_in_used_slot_yes"><![CDATA[Yes]]></entry>
    <entry id="dialog_msg_cloud_corrupt"><![CDATA[Downloaded data is not a recognizable Estate save. Cross-Save storage may be corrupt.]]></entry>
    <entry id="dialog_msg_cloud_empty"><![CDATA[Cross-Save storage is empty.]]></entry>
    <entry id="dialog_try_download_estate"><![CDATA[Try to download from Cross-Save to this slot?]]></entry>
    <entry id="dialog_try_download_estate_no"><![CDATA[No]]></entry>
    <entry id="dialog_try_download_estate_yes"><![CDATA[Yes]]></entry>
    <entry id="dialog_try_upload_estate"><![CDATA[Try to upload this estate to Cross-Save?]]></entry>
    <entry id="dialog_try_upload_estate_no"><![CDATA[No]]></entry>
    <entry id="dialog_try_upload_estate_yes"><![CDATA[Yes]]></entry>
    <entry id="front_end_controls_element_begin"><![CDATA[Begin]]></entry>
    <entry id="front_end_controls_element_cancel_name"><![CDATA[Cancel]]></entry>
    <entry id="front_end_controls_element_confirm_name"><![CDATA[Confirm]]></entry>
    <entry id="front_end_controls_element_delete"><![CDATA[Delete Estate]]></entry>
    <entry id="front_end_controls_element_download_empty"><![CDATA[Download Cross-Save]]></entry>
    <entry id="front_end_controls_element_download_existing"><![CDATA[Replace Estate with Cross-Save]]></entry>
    <entry id="front_end_controls_element_load"><![CDATA[Continue Estate]]></entry>
    <entry id="front_end_controls_element_new_game"><![CDATA[New Estate]]></entry>
    <entry id="front_end_controls_element_upload"><![CDATA[Upload Estate to Cross-Save]]></entry>
    <entry id="input_command_dungeon_reduce_torch"><![CDATA[Snuff Torch]]></entry>
    <entry id="input_command_dungeon_use_torch"><![CDATA[Use Torch]]></entry>
    <entry id="input_command_town_sell_trinket"><![CDATA[Sell]]></entry>
    <entry id="map_input_preview_pan"><![CDATA[Pan]]></entry>
    <entry id="map_input_preview_reset"><![CDATA[Reset View]]></entry>
    <entry id="map_input_preview_zoom_in"><![CDATA[Zoom In]]></entry>
    <entry id="map_input_preview_zoom_out"><![CDATA[Zoom Out]]></entry>
    <entry id="menu_base_element_help"><![CDATA[Help]]></entry>
    <entry id="menu_base_element_view_help"><![CDATA[Help]]></entry>
    <entry id="menu_options_element_controller_vibration"><![CDATA[Vibration]]></entry>
    <entry id="obstacle_tooltip_ancestor_talk_controller"><![CDATA[Speak]]></entry>
    <entry id="obstacle_tooltip_clear_by_hand_controller"><![CDATA[Clear]]></entry>
    <entry id="retreat_confirm_battle_controller_no"><![CDATA[No]]></entry>
    <entry id="retreat_confirm_battle_controller_question"><![CDATA[Attempt to retreat?]]></entry>
    <entry id="retreat_confirm_battle_controller_yes"><![CDATA[Yes]]></entry>
    <entry id="str_achievement_description_psplat"><![CDATA[Collect all trophies]]></entry>
    <entry id="str_achievement_title_psplat"><![CDATA[The Iron Crown]]></entry>
    <entry id="str_continue_raid_controller_text"><![CDATA[Remain]]></entry>
    <entry id="str_curio_tooltip_investigate_controller"><![CDATA[Investigate]]></entry>
    <entry id="str_discard_item_confirm"><![CDATA[Discard this equipped trinket?]]></entry>
    <entry id="str_discard_item_confirm_no"><![CDATA[No]]></entry>
    <entry id="str_discard_item_confirm_yes"><![CDATA[Yes]]></entry>
    <entry id="str_overlay_loot_close_controller"><![CDATA[Close]]></entry>
    <entry id="str_overlay_loot_take_all_controller"><![CDATA[Take]]></entry>
    <entry id="str_return_to_controller_text"><![CDATA[Hamlet]]></entry>
    <entry id="str_ui_hunger_choice_eat_controller"><![CDATA[Eat]]></entry>
    <entry id="str_ui_hunger_choice_starve_controller"><![CDATA[Starve]]></entry>
    <entry id="str_unequip_all_trinkets_description"><![CDATA[Unequip all trinkets on heroes?]]></entry>
    <entry id="str_unequip_all_trinkets_no"><![CDATA[No]]></entry>
    <entry id="str_unequip_all_trinkets_yes"><![CDATA[Yes]]></entry>
    <entry id="try_download_waiting_msg"><![CDATA[Accessing Cross-Save...]]></entry>
    <entry id="try_upload_success_msg"><![CDATA[Estate successfully uploaded to Cross-Save.]]></entry>
    <entry id="try_upload_waiting_msg"><![CDATA[Accessing Cross-Save...]]></entry>
    <entry id="input_command_realm_inventory_sell_instruction"><![CDATA[Sell]]></entry>
    <entry id="str_darkest_dungeon_trophies"><![CDATA[Darkest Dungeon Trophies]]></entry>
    <entry id="str_darkest_dungeon_trophy_data"><![CDATA[Trophy Data for Darkest Dungeon]]></entry>
    <entry id="str_save_accessing"><![CDATA[Accessing save data...]]></entry>
    <entry id="str_saving_warning"><![CDATA[Saving... DO NOT CLOSE GAME]]></entry>
    <entry id="[ps4]str_town_tip"><![CDATA[Hold {colour_start|notable}[L2]{colour_end} to see details about torchlight, combat status, inventory items, and more!]]></entry>
    <entry id="[ps4]str_crypts_tip"><![CDATA[Hold {colour_start|notable}[L2]{colour_end} to see details about torchlight, combat status, inventory items, and more!]]></entry>
    <entry id="[ps4]str_weald_tip"><![CDATA[Hold {colour_start|notable}[L2]{colour_end} to see details about torchlight, combat status, inventory items, and more!]]></entry>
    <entry id="[ps4]str_warrens_tip"><![CDATA[Hold {colour_start|notable}[L2]{colour_end} to see details about torchlight, combat status, inventory items, and more!]]></entry>
    <entry id="[ps4]str_cove_tip"><![CDATA[Hold {colour_start|notable}[L2]{colour_end} to see details about torchlight, combat status, inventory items, and more!]]></entry>
    <entry id="[psv]str_town_tip"><![CDATA[Hold {colour_start|notable}[L BUTTON]{colour_end} to see details about torchlight, combat status, inventory items, and more!]]></entry>
    <entry id="[psv]str_crypts_tip"><![CDATA[Hold {colour_start|notable}[L BUTTON]{colour_end} to see details about torchlight, combat status, inventory items, and more!]]></entry>
    <entry id="[psv]str_weald_tip"><![CDATA[Hold {colour_start|notable}[L BUTTON]{colour_end} to see details about torchlight, combat status, inventory items, and more!]]></entry>
    <entry id="[psv]str_warrens_tip"><![CDATA[Hold {colour_start|notable}[L BUTTON]{colour_end} to see details about torchlight, combat status, inventory items, and more!]]></entry>
    <entry id="[psv]str_cove_tip"><![CDATA[Hold {colour_start|notable}[L BUTTON]{colour_end} to see details about torchlight, combat status, inventory items, and more!]]></entry>
    <entry id="[psv]str_town_tip"><![CDATA[Always return to the Main Menu before quitting Darkest Dungeon, to ensure your progress is saved.]]></entry>
    <entry id="[psv]str_crypts_tip"><![CDATA[Always return to the Main Menu before quitting Darkest Dungeon, to ensure your progress is saved.]]></entry>
    <entry id="[psv]str_weald_tip"><![CDATA[Always return to the Main Menu before quitting Darkest Dungeon, to ensure your progress is saved.]]></entry>
    <entry id="[psv]str_warrens_tip"><![CDATA[Always return to the Main Menu before quitting Darkest Dungeon, to ensure your progress is saved.]]></entry>
    <entry id="[psv]str_cove_tip"><![CDATA[Always return to the Main Menu before quitting Darkest Dungeon, to ensure your progress is saved.]]></entry>
    <entry id="[ps4]str_town_tip"><![CDATA[Press {colour_start|notable}[TOUCH PAD LEFT]{colour_end} on any screen to get context-sensitive HELP!]]></entry>
    <entry id="[ps4]str_crypts_tip"><![CDATA[Press {colour_start|notable}[TOUCH PAD LEFT]{colour_end} on any screen to get context-sensitive HELP!]]></entry>
    <entry id="[ps4]str_weald_tip"><![CDATA[Press {colour_start|notable}[TOUCH PAD LEFT]{colour_end} on any screen to get context-sensitive HELP!]]></entry>
    <entry id="[ps4]str_warrens_tip"><![CDATA[Press {colour_start|notable}[TOUCH PAD LEFT]{colour_end} on any screen to get context-sensitive HELP!]]></entry>
    <entry id="[ps4]str_cove_tip"><![CDATA[Press {colour_start|notable}[TOUCH PAD LEFT]{colour_end} on any screen to get context-sensitive HELP!]]></entry>
    <entry id="[ps4|psv]str_town_tip"><![CDATA[Did you know there is a Glossary in the {colour_start|notable}Options Menu{colour_end}?]]></entry>
    <entry id="[ps4|psv]str_crypts_tip"><![CDATA[Did you know there is a Glossary in the {colour_start|notable}Options Menu{colour_end}?]]></entry>
    <entry id="[ps4|psv]str_weald_tip"><![CDATA[Did you know there is a Glossary in the {colour_start|notable}Options Menu{colour_end}?]]></entry>
    <entry id="[ps4|psv]str_warrens_tip"><![CDATA[Did you know there is a Glossary in the {colour_start|notable}Options Menu{colour_end}?]]></entry>
    <entry id="[ps4|psv]str_cove_tip"><![CDATA[Did you know there is a Glossary in the {colour_start|notable}Options Menu{colour_end}?]]></entry>
    <entry id="str_inventory_title_trinketstone_of_patience"><![CDATA[Stone of Patience]]></entry>
    <entry id="str_inventory_title_trinketstone_of_endurance"><![CDATA[Stone of Endurance]]></entry>
    <entry id="str_inventory_title_trinketfortifying_garlic"><![CDATA[Fortifying Garlic]]></entry>
    <entry id="str_inventory_title_trinketethereal_crucifix"><![CDATA[Ethereal Crucifix]]></entry>
    <entry id="str_inventory_title_trinkettempting_goblet"><![CDATA[The Tempting Goblet]]></entry>
    <entry id="menu_base_element_view_glossary"><![CDATA[Glossary]]></entry>
    <entry id="town_event_title_stage_coach_bonus_recruits"><![CDATA[A Day Long Awaited]]></entry>
    <entry id="town_event_description_stage_coach_bonus_recruits"><![CDATA[Word of our predicament has spread, and a new crop of aspiring corpses step from the stagecoach...]]></entry>
    <entry id="town_event_info_format_stage_coach_bonus_recruits"><![CDATA[6 more recruits than usual]]></entry>
    <entry id="input_command_town_show_character_display"><![CDATA[Hero Details]]></entry>
    <entry id="str_language_italian"><![CDATA[Italian]]></entry>
    <entry id="options_category_debug"><![CDATA[Debug]]></entry>
    <entry id="[psv]tutorial_popup_resolve_level_description"><![CDATA[Heroes gain {colour_start|notable}Resolve XP{colour_end} for each successful quest. {colour_start|notable}Resolve XP{colour_end} in turn determines the hero's {colour_start|notable}Resolve Level{colour_end}.
 
 {colour_start|notable}Resolve Level{colour_end} represents the hero's veteranship, and directly acts as {colour_start|notable}Stress Resistance{colour_end} against the horrors encountered in the dungeons.
 
 A low {colour_start|notable}Resolve Level{colour_end} hero that tries a higher level quest will quickly crumble under the unimaginable stresses.]]></entry>
    <entry id="[psv]tutorial_popup_death_class_description"><![CDATA[When most monsters die, they leave corpses. Corpses act as temporary obstacles and will eventually go away on their own. 

You can attack corpses to destroy them faster, but often a better approach is to use ranged skills, push/pull skills, and even corpse-clearing special skills that some heroes possess. 

Monsters killed with bleed, blight, or crits leave no corpses at all!]]></entry>
    <entry id="[psv]str_ui_hero_to_hit"><![CDATA[Hero to Hit]]></entry>
    <entry id="[psv]str_ui_hero_crit"><![CDATA[Hero to Crit]]></entry>
    <entry id="[psv]str_ui_hero_dmg"><![CDATA[Hero DMG]]></entry>
    <entry id="menu_options_element_gamma"><![CDATA[Gamma]]></entry>
    <entry id="[psv]camping_respite_description"><![CDATA[Use Camping skills to help the heroes.]]></entry>
    <entry id="input_command_inspect"><![CDATA[Inspect]]></entry>
    <entry id="[psv]town_quest_description_kill_boss+3+crypts+kill_necromancer"><![CDATA[Deep within the shattered vaults of your ancestral home, a Necromancer is performing unspeakable rituals... even raising the dead! It must be stopped.]]></entry>
    <entry id="[psv]town_quest_description_plot_kill_swine_prince_1"><![CDATA[A man tells of a beast so terrible that the swinefolk have made it their Lord. Perhaps it is only rumor and shadow, but this threat cannot be left to fester.]]></entry>
    <entry id="[psv]town_quest_description_plot_kill_swine_prince_2"><![CDATA[A man tells of a beast so terrible that the swinefolk have made it their Lord. Perhaps it is only rumor and shadow, but this threat cannot be left to fester.]]></entry>
    <entry id="[psv]town_quest_description_plot_kill_swine_prince_3"><![CDATA[A man tells of a beast so terrible that the swinefolk have made it their Lord. Perhaps it is only rumor and shadow, but this threat cannot be left to fester.]]></entry>
    <entry id="[psv]town_quest_description_plot_kill_prophet_1"><![CDATA[Raving madman, doom bearer, apocalyptic herald. Whatever his role, there is a sickness in his wild sermons that must be silenced. Dispose of this "Prophet."]]></entry>
    <entry id="[psv]town_quest_description_plot_kill_prophet_2"><![CDATA[Raving madman, doom bearer, apocalyptic herald. Whatever his role, there is a sickness in his wild sermons that must be silenced. Dispose of this "Prophet."]]></entry>
    <entry id="[psv]town_quest_description_plot_kill_prophet_3"><![CDATA[Raving madman, doom bearer, apocalyptic herald. Whatever his role, there is a sickness in his wild sermons that must be silenced. Dispose of this "Prophet."]]></entry>
    <entry id="[psv]town_quest_description_plot_kill_formless_flesh_1"><![CDATA[Some things were never meant to live. Cleanse the sin of the Ancestor's experimentations and put this abomination into the abyss where it belongs.]]></entry>
    <entry id="[psv]town_quest_description_plot_kill_formless_flesh_2"><![CDATA[Some things were never meant to live. Cleanse the sin of the Ancestor's experimentations and put this abomination into the abyss where it belongs.]]></entry>
    <entry id="[psv]town_quest_description_plot_kill_formless_flesh_3"><![CDATA[Some things were never meant to live. Cleanse the sin of the Ancestor's experimentations and put this abomination into the abyss where it belongs.]]></entry>
    <entry id="[psv]town_quest_description_plot_kill_drowned_crew_1"><![CDATA[The vengeful wraiths threaten to drag all we've built down into their domain of darkness. Give them a sailor's death - once and for all!]]></entry>
    <entry id="[psv]town_quest_description_plot_kill_drowned_crew_2"><![CDATA[The vengeful wraiths threaten to drag all we've built down into their domain of darkness. Give them a sailor's death - once and for all!]]></entry>
    <entry id="[psv]town_quest_description_plot_kill_drowned_crew_3"><![CDATA[The vengeful wraiths threaten to drag all we've built down into their domain of darkness. Give them a sailor's death - once and for all!]]></entry>
    <entry id="[psv]town_quest_description_explore+1+crypts+explore_all_rooms"><![CDATA[Test yourself in the mad realm of your fallen ancestor. Take note of how the creatures have taken over, but don't delve too far.]]></entry>
    <entry id="[psv]town_quest_description_explore+3+crypts+explore_all_rooms"><![CDATA[Is an apocalypse building? Cinch your packs and delve far, far into the tunnels of your fallen family. Make a map of your expedition.]]></entry>
    <entry id="[psv]town_quest_description_inventory_activate+2+crypts+inventory_activate_corrupted_altar"><![CDATA[The unholy abominations inhabiting the crumbling house have turned beacons of Light into vessels for diabolical worship. Cleanse these altars with Consecrated Essence.]]></entry>
    <entry id="[psv]town_quest_description_explore+1+weald+explore_all_rooms"><![CDATA[Take the Old Road into the wood and then pick any of the dozens of dark paths. Test that path and then return with your heads intact.]]></entry>
    <entry id="[psv]town_quest_description_explore+3+weald+explore_all_rooms"><![CDATA[The Weald was nearly inscrutable even before the corruption. Now it is nothing but mystery. Provision well and mount an expedition to map as much ground as you can.]]></entry>
    <entry id="[psv]town_quest_description_gather+2+weald+gather_medicines"><![CDATA[Many a cart-driver has met their end while traversing the Weald. A king's ransom of medicines was recently lost. They would assist in rebuilding this sickly hamlet.]]></entry>
    <entry id="[psv]town_quest_description_inventory_activate+2+weald+inventory_activate_infected_corpse"><![CDATA[Blighted corpses lay strewn about the Old Road, teeming with disease. Journeys to and fro pose constant threat of sickness. Destroy this blight with Potent Salve.]]></entry>
    <entry id="[psv]town_quest_description_gather+2+warrens+gather_grain"><![CDATA[The swine's appetite for comestibles exceeds even their thirst for blood. Winter is always close, and the Hamlet would do well to restock its sparse larder.]]></entry>
    <entry id="[psv]town_quest_description_gather+2+cove+gather_shipments"><![CDATA[Your Ancestor was receiving eldritch relics via marine shipments. Find and return them to town where they can be stored safely out of the hands of greater evils.]]></entry>
    <entry id="[psv]resistance_name_stun"><![CDATA[{colour_start|stun}Stun{colour_end}]]></entry>
    <entry id="[psv]resistance_name_move"><![CDATA[{colour_start|move}Move{colour_end}]]></entry>
    <entry id="[psv]resistance_name_bleed"><![CDATA[{colour_start|bleed}Bleed{colour_end}]]></entry>
    <entry id="dungeon_name_old_road"><![CDATA[The Old Road]]></entry>
    <entry id="str_old_road_tip"><![CDATA[With the stagecoach destroyed and the Caretaker gone, you will have to make the journey to the Hamlet on foot.]]></entry>
    <entry id="input_command_dungeon_check_tooltips_selection"><![CDATA[Navigate Info]]></entry>
    <entry id="[ps4|psv]menu_base_element_exit_campaign"><![CDATA[Save and Exit]]></entry>
    <entry id="[ps4|psv]str_preamble_0"><![CDATA[Darkest Dungeon is about making the most of a bad situation. Quests will fail or must be abandoned. Heroes will die. And when they die, they stay dead. Progress autosaves frequently, so actions are permanent.]]></entry>
    <entry id="quirk_announcement_locked"><![CDATA[Quirk Reinforced!]]></entry>
    <entry id="quirk_announcement_unlocked (not used)"><![CDATA[n/a]]></entry>
    <entry id="menu_options_element_hold_required_in_dungeon"><![CDATA[Hold Required in Dungeon]]></entry>
    <entry id="menu_options_element_tooltip_hold_required_in_dungeon"><![CDATA[While in dungeons, holding left trigger is required before you can swap hero positions, change hero selection, or view character sheets. Turn this on if you frequently start swapping a hero's position when you didn't intend to.]]></entry>
    <entry id="[ps4|psv]menu_options_element_tooltip_hold_required_in_dungeon"><![CDATA[While in dungeons, holding L2 Button is required before you can swap hero positions, change hero selection, or view character sheets. Turn this on if you frequently start swapping a hero's position when you didn't intend to.]]></entry>
    <entry id="[ps4]menu_options_element_tooltip_hold_required_in_dungeon"><![CDATA[While in dungeons, holding L2 Button is required before you can swap hero positions, change hero selection, or view character sheets. Turn this on if you frequently start swapping a hero's position when you didn't intend to.]]></entry>
    <entry id="[psv]menu_options_element_tooltip_hold_required_in_dungeon"><![CDATA[While in dungeons, holding L Button is required before you can swap hero positions, change hero selection, or view character sheets. Turn this on if you frequently start swapping a hero's position when you didn't intend to.]]></entry>
    <entry id="[psv]menu_options_element_alternate_dpad_left_right"><![CDATA[No Rear Touch Pad in Dungeon]]></entry>
    <entry id="[psv]menu_options_element_tooltip_alternate_dpad_left_right"><![CDATA[While walking in dungeons, use Left and Right Buttons for hero swapping instead of Rear Touch Pad. Turn this option ON if you frequently accidentally tap the Rear Touch Pad while exploring.]]></entry>
    <entry id="[ps4]menu_options_element_alternate_dpad_left_right"><![CDATA[Use Left and Right Buttons in Dungeon]]></entry>
    <entry id="[ps4]menu_options_element_tooltip_alternate_dpad_left_right"><![CDATA[While walking in dungeons, use Left and Right Buttons for hero swapping instead of L1 and L2 Buttons.]]></entry>
    <entry id="menu_options_element_left_stick_interact"><![CDATA[Interact with Left Stick Up]]></entry>
    <entry id="[ps4|psv]menu_options_element_left_stick_interact"><![CDATA[Interact with L Stick Up]]></entry>
    <entry id="[ps4|psv]menu_options_element_tooltip_left_stick_interact"><![CDATA[While in dungeons, pressing up on L Stick can be used to enter doors, open curios, and similar actions. (This duplicates Cross Button functionality.)]]></entry>
    <entry id="options_category_controls"><![CDATA[Control Options]]></entry>
    <entry id="menu_options_element_rear_touchpad_enabled"><![CDATA[Rear Touch Pad Enabled]]></entry>
    <entry id="menu_options_element_tooltip_rear_touchpad_enabled"><![CDATA[Turning this off disables rear touch pad inputs and uses the front touchscreen instead for the same things. Do this if you find yourself accidentally tapping the rear touch pad.]]></entry>
  </language>
</root>

