﻿<?xml version="1.0" encoding="utf-8"?>
<root>
  <language id="english">
    <entry id="str_quirk_name_tough"><![CDATA[坚韧]]></entry>
    <entry id="str_quirk_name_fragile"><![CDATA[脆弱]]></entry>
    <entry id="str_quirk_name_hard_skinned"><![CDATA[硬皮]]></entry>
    <entry id="str_quirk_name_soft"><![CDATA[柔弱]]></entry>
    <entry id="str_quirk_name_quick_reflexes"><![CDATA[反应迅速]]></entry>
    <entry id="str_quirk_name_slow_reflexes"><![CDATA[反应迟钝]]></entry>
    <entry id="str_quirk_name_quickdraw"><![CDATA[快速出鞘]]></entry>
    <entry id="str_quirk_name_slowdraw"><![CDATA[慢速出鞘]]></entry>
    <entry id="str_quirk_name_natural_swing"><![CDATA[舞动自然]]></entry>
    <entry id="str_quirk_name_the_yips"><![CDATA[莽撞]]></entry>
    <entry id="str_quirk_name_natural_eye"><![CDATA[自然之眼]]></entry>
    <entry id="str_quirk_name_lazy_eye"><![CDATA[怠惰之眼]]></entry>
    <entry id="str_quirk_name_evasive"><![CDATA[灵活]]></entry>
    <entry id="str_quirk_name_clumsy"><![CDATA[笨拙]]></entry>
    <entry id="str_quirk_name_slugger"><![CDATA[怪力]]></entry>
    <entry id="str_quirk_name_torn_rotator_cuff"><![CDATA[肩膀损伤]]></entry>
    <entry id="str_quirk_name_unerring"><![CDATA[神射]]></entry>
    <entry id="str_quirk_name_scattering"><![CDATA[散射]]></entry>
    <entry id="str_quirk_name_accurate"><![CDATA[致命]]></entry>
    <entry id="str_quirk_name_inaccurate"><![CDATA[失准]]></entry>
    <entry id="str_quirk_name_precision_striker"><![CDATA[精准打击]]></entry>
    <entry id="str_quirk_name_weak_grip"><![CDATA[腕力虚弱]]></entry>
    <entry id="str_quirk_name_eagle_eye"><![CDATA[鹰眼]]></entry>
    <entry id="str_quirk_name_flawed_release"><![CDATA[击发缺陷]]></entry>
    <entry id="str_quirk_name_nervous"><![CDATA[紧张戳击]]></entry>
    <entry id="str_quirk_name_steady"><![CDATA[镇定]]></entry>
    <entry id="str_quirk_name_resilient"><![CDATA[活泼]]></entry>
    <entry id="str_quirk_name_ruminator"><![CDATA[沉思者]]></entry>
    <entry id="str_quirk_name_fated"><![CDATA[宿命]]></entry>
    <entry id="str_quirk_name_hard_noggin"><![CDATA[千杯不醉]]></entry>
    <entry id="str_quirk_name_shocker"><![CDATA[大惊小怪]]></entry>
    <entry id="str_quirk_name_thin_blooded"><![CDATA[气血稀薄]]></entry>
    <entry id="str_quirk_name_thick_blooded"><![CDATA[气血稳健]]></entry>
    <entry id="str_quirk_name_anemic"><![CDATA[贫血]]></entry>
    <entry id="str_quirk_name_clotter"><![CDATA[富血]]></entry>
    <entry id="str_quirk_name_sickly"><![CDATA[病弱]]></entry>
    <entry id="str_quirk_name_robust"><![CDATA[强健]]></entry>
    <entry id="str_quirk_name_dark_temptation"><![CDATA[痴迷黑暗]]></entry>
    <entry id="str_quirk_name_claustrophobia"><![CDATA[幽闭恐惧]]></entry>
    <entry id="str_quirk_name_lurker"><![CDATA[潜伏者]]></entry>
    <entry id="str_quirk_name_alcoholism"><![CDATA[酒鬼]]></entry>
    <entry id="str_quirk_name_resolution"><![CDATA[坚定]]></entry>
    <entry id="str_quirk_name_gambler"><![CDATA[赌徒]]></entry>
    <entry id="str_quirk_name_bad_gambler"><![CDATA[赌术糟糕]]></entry>
    <entry id="str_quirk_name_known_cheat"><![CDATA[知名老千]]></entry>
    <entry id="str_quirk_name_love_interest"><![CDATA[多情]]></entry>
    <entry id="str_quirk_name_deviant_tastes"><![CDATA[重口味重口味]]></entry>
    <entry id="str_quirk_name_enlightened"><![CDATA[冥想启迪]]></entry>
    <entry id="str_quirk_name_improved_balance"><![CDATA[身体平衡]]></entry>
    <entry id="str_quirk_name_meditator"><![CDATA[冥想者]]></entry>
    <entry id="str_quirk_name_calm"><![CDATA[平静]]></entry>
    <entry id="str_quirk_name_unquiet_mind"><![CDATA[焦躁心灵]]></entry>
    <entry id="str_quirk_name_god_fearing"><![CDATA[敬畏上帝]]></entry>
    <entry id="str_quirk_name_tither"><![CDATA[宗教捐赠狂]]></entry>
    <entry id="str_quirk_name_witness"><![CDATA[证人]]></entry>
    <entry id="str_quirk_name_flagellant"><![CDATA[苦修]]></entry>
    <entry id="str_quirk_name_faithless"><![CDATA[无信仰]]></entry>
    <entry id="str_quirk_name_bad_humours"><![CDATA[没幽默感]]></entry>
    <entry id="str_quirk_name_creeping_cough"><![CDATA[剧烈咳嗽]]></entry>
    <entry id="str_quirk_name_hemophilia"><![CDATA[血友病]]></entry>
    <entry id="str_quirk_name_the_runs"><![CDATA[腹泻]]></entry>
    <entry id="str_quirk_name_lethargy"><![CDATA[嗜睡]]></entry>
    <entry id="str_quirk_name_wasting_sickness"><![CDATA[消瘦症]]></entry>
    <entry id="str_quirk_name_tetanus"><![CDATA[破伤风]]></entry>
    <entry id="str_quirk_name_rabies"><![CDATA[狂犬病]]></entry>
    <entry id="str_quirk_name_syphilis"><![CDATA[梅毒]]></entry>
    <entry id="str_quirk_name_spotted_fever"><![CDATA[斑疹热]]></entry>
    <entry id="str_quirk_name_vertigo"><![CDATA[眩晕]]></entry>
    <entry id="str_quirk_name_vampiric_spirits"><![CDATA[渴血症]]></entry>
    <entry id="str_quirk_name_ennui"><![CDATA[倦怠症]]></entry>
    <entry id="str_quirk_name_the_ague"><![CDATA[疟疾]]></entry>
    <entry id="str_quirk_name_hysterical_blindness"><![CDATA[癔病性失明]]></entry>
    <entry id="str_quirk_name_scurvy"><![CDATA[败血症]]></entry>
    <entry id="str_quirk_name_the_worries"><![CDATA[忧郁症]]></entry>
    <entry id="str_quirk_name_the_fits"><![CDATA[癫痫]]></entry>
    <entry id="str_quirk_name_tapeworm"><![CDATA[绦虫病]]></entry>
    <entry id="str_quirk_name_the_red_plague"><![CDATA[红热病]]></entry>
    <entry id="str_quirk_name_the_black_plague"><![CDATA[黑死病]]></entry>
    <entry id="str_quirk_name_kleptomaniac"><![CDATA[盗窃癖]]></entry>
    <entry id="str_quirk_name_curious"><![CDATA[好奇]]></entry>
    <entry id="str_quirk_name_bloodthirsty"><![CDATA[嗜血]]></entry>
    <entry id="str_quirk_name_guilty_conscience"><![CDATA[内疚]]></entry>
    <entry id="str_quirk_name_hieromania"><![CDATA[宗教狂]]></entry>
    <entry id="str_quirk_name_necromania"><![CDATA[恋尸癖]]></entry>
    <entry id="str_quirk_name_mercurial"><![CDATA[喜怒无常]]></entry>
    <entry id="str_quirk_name_irrepressible"><![CDATA[情绪高涨]]></entry>
    <entry id="str_quirk_name_unyielding"><![CDATA[不屈]]></entry>
    <entry id="str_quirk_name_suicidal"><![CDATA[求生意识弱]]></entry>
    <entry id="str_quirk_name_pack_mule"><![CDATA[驮骡之负]]></entry>
    <entry id="str_quirk_name_weapons_haggler"><![CDATA[武器匠]]></entry>
    <entry id="str_quirk_name_armor_haggler"><![CDATA[护甲匠]]></entry>
    <entry id="str_quirk_name_early_riser"><![CDATA[早起者]]></entry>
    <entry id="str_quirk_name_night_owl"><![CDATA[夜猫子]]></entry>
    <entry id="str_quirk_name_night_blindness"><![CDATA[夜盲症]]></entry>
    <entry id="str_quirk_name_sensitive_to_light"><![CDATA[畏光]]></entry>
    <entry id="str_quirk_name_fast_healer"><![CDATA[快速自疗]]></entry>
    <entry id="str_quirk_name_stomach_cramp"><![CDATA[内脏痉挛]]></entry>
    <entry id="str_quirk_name_inspired"><![CDATA[雄心]]></entry>
    <entry id="str_quirk_name_gave_it_all"><![CDATA[激情]]></entry>
    <entry id="str_quirk_name_second_wind"><![CDATA[重振旗鼓]]></entry>
    <entry id="str_quirk_name_tuckered_out"><![CDATA[筋疲力尽]]></entry>
    <entry id="str_quirk_name_last_gasp"><![CDATA[最后一搏]]></entry>
    <entry id="str_quirk_name_winded"><![CDATA[疲软]]></entry>
    <entry id="str_quirk_name_in_the_zone"><![CDATA[专心致志]]></entry>
    <entry id="str_quirk_name_double_vision"><![CDATA[重影]]></entry>
    <entry id="str_quirk_name_too_boastful"><![CDATA[自负]]></entry>
    <entry id="str_quirk_name_on_guard"><![CDATA[警惕]]></entry>
    <entry id="str_quirk_name_off_guard"><![CDATA[疏忽]]></entry>
    <entry id="str_quirk_name_clutch_hitter"><![CDATA[绝境击杀]]></entry>
    <entry id="str_quirk_name_dud_hitter"><![CDATA[绝境失心]]></entry>
    <entry id="str_quirk_name_predator"><![CDATA[铁血]]></entry>
    <entry id="str_quirk_name_cruelty_conscious"><![CDATA[意识残忍]]></entry>
    <entry id="str_quirk_name_stress_faster"><![CDATA[应激性厌食症]]></entry>
    <entry id="str_quirk_name_stress_eater"><![CDATA[应激性暴食症]]></entry>
    <entry id="str_quirk_name_organized"><![CDATA[处变不惊]]></entry>
    <entry id="str_quirk_name_disorganized"><![CDATA[混乱]]></entry>
    <entry id="str_quirk_name_stout"><![CDATA[强壮]]></entry>
    <entry id="str_quirk_name_bulimic"><![CDATA[易饥症]]></entry>
    <entry id="str_quirk_name_gift_of_the_healer"><![CDATA[医生天赋]]></entry>
    <entry id="str_quirk_name_light_sleeper"><![CDATA[光之沉睡者]]></entry>
    <entry id="str_quirk_name_survivalist"><![CDATA[生存专家]]></entry>
    <entry id="str_quirk_name_tootheache"><![CDATA[牙痛]]></entry>
    <entry id="str_quirk_name_fear_of_eldritch"><![CDATA[惧怕异魔]]></entry>
    <entry id="str_quirk_name_fear_of_unholy"><![CDATA[畏惧邪秽]]></entry>
    <entry id="str_quirk_name_fear_of_man"><![CDATA[惧怕人类]]></entry>
    <entry id="str_quirk_name_fear_of_beast"><![CDATA[惧怕野兽]]></entry>
    <entry id="str_quirk_name_hatred_of_eldritch"><![CDATA[仇恨异魔]]></entry>
    <entry id="str_quirk_name_hatred_of_unholy"><![CDATA[仇恨邪秽]]></entry>
    <entry id="str_quirk_name_hatred_of_man"><![CDATA[仇恨人类]]></entry>
    <entry id="str_quirk_name_hatred_of_beast"><![CDATA[仇恨野兽]]></entry>
    <entry id="str_quirk_name_slayer_of_eldritch"><![CDATA[异魔克星]]></entry>
    <entry id="str_quirk_name_slayer_of_unholy"><![CDATA[邪秽克星]]></entry>
    <entry id="str_quirk_name_slayer_of_man"><![CDATA[人类克星]]></entry>
    <entry id="str_quirk_name_slayer_of_beast"><![CDATA[野兽克星]]></entry>
    <entry id="str_quirk_name_ruins_explorer"><![CDATA[遗迹探索者]]></entry>
    <entry id="str_quirk_name_warren_explorer"><![CDATA[兽窟探索者]]></entry>
    <entry id="str_quirk_name_weald_explorer"><![CDATA[荒野探索者]]></entry>
    <entry id="str_quirk_name_cove_explorer"><![CDATA[海湾探索者]]></entry>
    <entry id="str_quirk_name_darkest_dungeon_explorer"><![CDATA[极暗地牢探索者]]></entry>
    <entry id="str_quirk_name_ruins_adventurer"><![CDATA[遗迹冒险者]]></entry>
    <entry id="str_quirk_name_warren_adventurer"><![CDATA[兽窟冒险者]]></entry>
    <entry id="str_quirk_name_weald_adventurer"><![CDATA[荒野冒险者]]></entry>
    <entry id="str_quirk_name_cove_adventurer"><![CDATA[海湾冒险者]]></entry>
    <entry id="str_quirk_name_darkest_dungeon_adventurer"><![CDATA[极暗地牢冒险者]]></entry>
    <entry id="str_quirk_name_ruins_scrounger"><![CDATA[遗迹拾荒者]]></entry>
    <entry id="str_quirk_name_warren_scrounger"><![CDATA[兽窟拾荒者]]></entry>
    <entry id="str_quirk_name_weald_scrounger"><![CDATA[荒野拾荒者]]></entry>
    <entry id="str_quirk_name_cove_scrounger"><![CDATA[海湾拾荒者]]></entry>
    <entry id="str_quirk_name_darkest_dungeon_scrounger"><![CDATA[极暗地牢拾荒者]]></entry>
    <entry id="str_quirk_name_ruins_tactician"><![CDATA[遗迹战术家]]></entry>
    <entry id="str_quirk_name_warren_tactician"><![CDATA[兽窟战术家]]></entry>
    <entry id="str_quirk_name_weald_tactician"><![CDATA[荒野战术家]]></entry>
    <entry id="str_quirk_name_cove_tactician"><![CDATA[海湾战术家]]></entry>
    <entry id="str_quirk_name_darkest_dungeon_tactician"><![CDATA[极暗地牢战术家]]></entry>
    <entry id="str_quirk_name_ruins_survivor"><![CDATA[遗迹生存者]]></entry>
    <entry id="str_quirk_name_warren_survivor"><![CDATA[兽窟生存者]]></entry>
    <entry id="str_quirk_name_weald_survivor"><![CDATA[荒野生存者]]></entry>
    <entry id="str_quirk_name_cove_survivor"><![CDATA[海湾生存者]]></entry>
    <entry id="str_quirk_name_darkest_dungeon_survivor"><![CDATA[极暗地牢生存者]]></entry>
    <entry id="str_quirk_name_ruins_master"><![CDATA[遗迹专家]]></entry>
    <entry id="str_quirk_name_warren_master"><![CDATA[兽窟专家]]></entry>
    <entry id="str_quirk_name_weald_master"><![CDATA[荒野专家]]></entry>
    <entry id="str_quirk_name_cove_master"><![CDATA[海湾专家]]></entry>
    <entry id="str_quirk_name_darkest_dungeon_master"><![CDATA[极暗地牢专家]]></entry>
    <entry id="str_quirk_name_ruins_phobe"><![CDATA[遗迹恐惧症]]></entry>
    <entry id="str_quirk_name_warren_phobe"><![CDATA[兽窟恐惧症]]></entry>
    <entry id="str_quirk_name_weald_phobe"><![CDATA[荒野恐惧症]]></entry>
    <entry id="str_quirk_name_cove_phobe"><![CDATA[海湾恐惧症]]></entry>
    <entry id="str_quirk_name_darkest_dungeon_phobe"><![CDATA[极暗地牢恐惧症]]></entry>
    <entry id="str_quirk_name_ablutomania"><![CDATA[洁癖]]></entry>
    <entry id="str_quirk_name_dacnomania"><![CDATA[杀人狂]]></entry>
    <entry id="str_quirk_name_egomania"><![CDATA[自大狂]]></entry>
    <entry id="str_quirk_name_hylomania"><![CDATA[贪财]]></entry>
    <entry id="str_quirk_name_nymphomania"><![CDATA[色情狂]]></entry>
    <entry id="str_quirk_name_sitiomania"><![CDATA[贪食狂]]></entry>
    <entry id="str_quirk_name_photomania"><![CDATA[喜光]]></entry>
    <entry id="str_quirk_name_plutomania"><![CDATA[敛财狂]]></entry>
    <entry id="str_quirk_name_autophobia"><![CDATA[孤独恐惧症]]></entry>
    <entry id="str_quirk_name_lygophobia"><![CDATA[黑暗恐惧症]]></entry>
    <entry id="str_quirk_name_necrophobia"><![CDATA[恐尸症]]></entry>
    <entry id="str_quirk_name_phengophobia"><![CDATA[畏光]]></entry>
    <entry id="str_quirk_name_zoophobia"><![CDATA[动物恐惧症]]></entry>
    <entry id="str_quirk_name_thanatophobia"><![CDATA[死亡恐惧症]]></entry>
    <entry id="str_quirk_name_satanophobia"><![CDATA[恶魔恐惧症]]></entry>
    <entry id="str_quirk_name_automatonophobia"><![CDATA[人像恐惧症]]></entry>
    <entry id="str_quirk_name_back_tracker"><![CDATA[退路寻路者]]></entry>
    <entry id="str_quirk_name_nocturnal"><![CDATA[夜行动物]]></entry>
    <entry id="str_quirk_name_diurnal"><![CDATA[日落而息]]></entry>
    <entry id="str_quirk_name_warrior_of_light"><![CDATA[光之战士]]></entry>
    <entry id="str_quirk_name_dipsomania"><![CDATA[酗酒]]></entry>
    <entry id="str_quirk_name_paranormania"><![CDATA[热衷异象]]></entry>
    <entry id="str_quirk_name_demonomania"><![CDATA[魔怔]]></entry>
    <entry id="str_quirk_name_compulsive"><![CDATA[强迫症]]></entry>
    <entry id="str_quirk_name_hagiomania"><![CDATA[宗教狂热]]></entry>
    <entry id="str_quirk_description_fated"><![CDATA[有几率把失误变为命中]]></entry>
    <entry id="str_quirk_description_dark_temptation"><![CDATA[倾向于调查黑暗艺术.]]></entry>
    <entry id="str_quirk_description_claustrophobia"><![CDATA[对封闭空间的严重恐惧.]]></entry>
    <entry id="str_quirk_description_lurker"><![CDATA[在黑暗中变得更强.]]></entry>
    <entry id="str_quirk_description_alcoholism"><![CDATA[在城镇只能饮酒.]]></entry>
    <entry id="str_quirk_description_resolution"><![CDATA[在城镇从不饮酒.]]></entry>
    <entry id="str_quirk_description_gambler"><![CDATA[在城镇只能赌博.]]></entry>
    <entry id="str_quirk_description_bad_gambler"><![CDATA[在赌博中输钱的几率上升.]]></entry>
    <entry id="str_quirk_description_known_cheat"><![CDATA[被禁止在城镇上赌博.]]></entry>
    <entry id="str_quirk_description_love_interest"><![CDATA[在城镇只能通过进妓院缓解压力.]]></entry>
    <entry id="str_quirk_description_deviant_tastes"><![CDATA[Is not allowed to visit the Brothel. For reasons best left to discretion.]]></entry>
    <entry id="str_quirk_description_enlightened"><![CDATA[In town, will only Meditate for stress relief.]]></entry>
    <entry id="str_quirk_description_improved_balance"><![CDATA[Chance to resist being pushed or pulled in battle.]]></entry>
    <entry id="str_quirk_description_meditator"><![CDATA[Improved stress reduction while Meditating and while Camping.]]></entry>
    <entry id="str_quirk_description_calm"><![CDATA[Reduced damage for first two rounds of combat.]]></entry>
    <entry id="str_quirk_description_unquiet_mind"><![CDATA[May not Meditate while in town.]]></entry>
    <entry id="str_quirk_description_god_fearing"><![CDATA[In town, will only Pray for stress relief.]]></entry>
    <entry id="str_quirk_description_tither"><![CDATA[Pays extra gold for all Abbey activities.]]></entry>
    <entry id="str_quirk_description_witness"><![CDATA[Will not take part in Prayer activity in town, after certain traumatic events.]]></entry>
    <entry id="str_quirk_description_flagellant"><![CDATA[In town, will only Flagellate for stress relief.]]></entry>
    <entry id="str_quirk_description_faithless"><![CDATA[Will not Pray or Flagellate for stress relief.]]></entry>
    <entry id="str_quirk_description_leprosy"><![CDATA[麻风...]]></entry>
    <entry id="str_quirk_description_wasting_sickness"><![CDATA[每走一步都是在摧残自己...]]></entry>
    <entry id="str_quirk_description_syphilis"><![CDATA[梅毒...淫乱的标志]]></entry>
    <entry id="str_quirk_new"><![CDATA[新特质!]]></entry>
    <entry id="str_disease_new"><![CDATA[新疾病!]]></entry>
    <entry id="str_quirk_description_kleptomaniac"><![CDATA[有可能会偷东西.]]></entry>
    <entry id="str_quirk_description_curious"><![CDATA[Obsessed with the acquisition of knowledge.]]></entry>
    <entry id="str_quirk_description_bloodthirsty"><![CDATA[Fascinated with injury, wounds, and torture.]]></entry>
    <entry id="str_quirk_description_guilty_conscience"><![CDATA[Bears the crushing guilt of deeds real and imagined.]]></entry>
    <entry id="str_quirk_description_hieromania"><![CDATA[Experiences religious visions and delusions.]]></entry>
    <entry id="str_quirk_description_necromania"><![CDATA[Fascinated with corpses.]]></entry>
    <entry id="str_quirk_description_thanatophobia"><![CDATA[Terrified of meeting an untimely end.]]></entry>
    <entry id="str_quirk_description_zoophobia"><![CDATA[害怕野兽.]]></entry>
    <entry id="str_quirk_description_clotter"><![CDATA[止血迅速.]]></entry>
    <entry id="str_quirk_description_necrophobia"><![CDATA[强烈的尸体恐惧.]]></entry>
    <entry id="str_quirk_description_back_tracker"><![CDATA[后退时不会增加压力.]]></entry>
    <entry id="str_quirk_description_ablutomania"><![CDATA[不能容忍身上的脏乱.]]></entry>
    <entry id="str_quirk_description_dacnomania"><![CDATA[嗜杀成性.]]></entry>
    <entry id="str_quirk_description_egomania"><![CDATA[Obsessed with self-worship.]]></entry>
    <entry id="str_quirk_description_hylomania"><![CDATA[Obsessed with material things.]]></entry>
    <entry id="str_quirk_description_sitiomania"><![CDATA[Obsessed with food.]]></entry>
    <entry id="str_quirk_description_plutomania"><![CDATA[爱钱如命.]]></entry>
    <entry id="str_quirk_description_dipsomania"><![CDATA[Intense craving for alcohol.]]></entry>
    <entry id="str_quirk_description_paranormania"><![CDATA[Obsessed with the paranormal.]]></entry>
    <entry id="str_quirk_description_demonomania"><![CDATA[Believes is possessed by demons.]]></entry>
    <entry id="str_quirk_description_hagiomania"><![CDATA[Obsessed with sainthood.]]></entry>
    <entry id="str_quirk_description_compulsive"><![CDATA[Suffers intense need to do specific actions.]]></entry>
  </language>
</root>