<?xml version="1.0" encoding="UTF-8"?>
<root>
  <language id="english">
    <entry id="str_start_screen_scroll"><![CDATA[New RADIANT mode has been added and NG+ has been renamed STYGIAN mode. Also many additions and changes to all modes!]]></entry>
    <entry id="str_start_screen_scroll_no_steam"><![CDATA[New RADIANT mode has been added and NG+ has been renamed STYGIAN mode. Also many additions and changes to all modes!]]></entry>
    <entry id="str_mods_installed"><![CDATA[Mods Installed]]></entry>
    <entry id="str_inventory_title_gemancient_idol"><![CDATA[Jute Tapestry]]></entry>
    <entry id="str_inventory_description_gemancient_idol"><![CDATA[A coarse, time-worn weaving bearing invocations of unutterable alienage.]]></entry>
    <entry id="menu_options_element_deck_based_stage_coach"><![CDATA[Deck-Based Stage Coach]]></entry>
    <entry id="menu_options_element_tooltip_deck_based_stage_coach"><![CDATA[Ensure more even long-term distribution of heroes in the Stage Coach.]]></entry>
    <entry id="camping_skill_selection_party"><![CDATA[Party:]]></entry>
    <entry id="upgrade_tree_tooltip_description_increases_upgraded_recruit_level_format"><![CDATA[Heroes of Resolve Level %d will sometimes appear in the Stage Coach.]]></entry>
    <entry id="options_value_subtitles_off"><![CDATA[Off]]></entry>
    <entry id="options_value_subtitles_low"><![CDATA[Bottom]]></entry>
    <entry id="options_value_subtitles_high"><![CDATA[Top]]></entry>
    <entry id="town_provision_not_enough_food_confirm_format"><![CDATA[You haven't purchased much food for your expedition. It's recommended to take at least %d food for this quest. Still Embark?]]></entry>
    <entry id="town_provision_confirm_yes"><![CDATA[Yes]]></entry>
    <entry id="town_provision_confirm_no"><![CDATA[No]]></entry>
    <entry id="menu_options_element_quest_select_warnings"><![CDATA[Quest Warnings]]></entry>
    <entry id="menu_options_element_tooltip_quest_select_warnings"><![CDATA[Show warnings when advancing from Quest Select to Provisioning phase. This includes such things as trinkets not being equipped, or other party warnings.]]></entry>
    <entry id="menu_options_element_provision_warnings"><![CDATA[Embark Warnings]]></entry>
    <entry id="menu_options_element_tooltip_provision_warnings"><![CDATA[Show warnings related to embarking on a quest. This includes such things as not having much food or torches.]]></entry>
    <entry id="town_quest_quest_select_more_combat_skills_can_be_equipped_confirm"><![CDATA[Some of your heroes do not have all of their combat skills equipped.]]></entry>
    <entry id="town_quest_quest_select_more_camping_skills_can_be_equipped_confirm"><![CDATA[Some of your heroes need their camping skills equipped.]]></entry>
    <entry id="town_confirm_embark_not_enough_heroes_question"><![CDATA[You don't have four heroes available for a quest. 

You will need to recruit more heroes at the Stage Coach or remove some heroes from treatment.]]></entry>
    <entry id="fe_flow_mode_base_confirm"><![CDATA[Darkest]]></entry>
    <entry id="fe_flow_mode_radiant_confirm"><![CDATA[Radiant]]></entry>
    <entry id="fe_flow_mode_new_game_plus_confirm"><![CDATA[Stygian]]></entry>
    <entry id="menu_options_element_keep_battle_quest_fail_trinkets"><![CDATA[KEEP TRINKETS?]]></entry>
    <entry id="menu_options_element_tooltip_keep_battle_quest_fail_trinkets"><![CDATA[This is what happens to carried trinkets when you have a total party wipe.]]></entry>
    <entry id="menu_options_element_never_again"><![CDATA[Never Again]]></entry>
    <entry id="menu_options_element_tooltip_never_again"><![CDATA[Whether heroes who have completed a Darkest Dungeon quest may re-enter that dungeon. Strict: may not enter. Permissive: may enter, but will be stressed out.]]></entry>
    <entry id="menu_options_element_map_follow_party"><![CDATA[Auto-Center Dungeon Map]]></entry>
    <entry id="menu_options_element_tooltip_map_follow_party"><![CDATA[Dungeon map will auto-center on party when idle.]]></entry>
    <entry id="tutorial_popup_quest_restriction_darkest_dungeon_description"><![CDATA[Heroes who have returned from a successful quest in the Darkest Dungeon have seen too much. Depending on which game mode and game options you have selected, they may choose to never go back, or simply will be stressed upon re-entry.]]></entry>
    <entry id="action_verbose_body_camping_trainer_bounty_hunter"><![CDATA[At camp, like in combat, the Bounty Hunter's strength lies in preparedness. He can take time to study his notes, bettering his odds against typical foes or even specifically 'big game'. Scouting ahead can increase a party's knowledge of lurking threats, while tracking increases the party's chance of surprising enemies.]]></entry>
    <entry id="str_quirk_name_devout"><![CDATA[Devout]]></entry>
    <entry id="str_quirk_description_devout"><![CDATA[Rejects pagan beliefs and many occult practices.]]></entry>
    <entry id="str_quirk_name_skilled_gambler"><![CDATA[Skilled Gambler]]></entry>
    <entry id="str_quirk_description_skilled_gambler"><![CDATA[Increased chance of winning while gambling.]]></entry>
    <entry id="str_quest_select_town_event_title"><![CDATA[{colour_start|neutral}Town Event:{colour_end}]]></entry>
    <entry id="options_value_strict"><![CDATA[Strict]]></entry>
    <entry id="options_value_permissive"><![CDATA[Permissive]]></entry>
    <entry id="buff_stat_tooltip_activity_side_effect_chance_remove_currency"><![CDATA[Increased chance of losing gold.]]></entry>
    <entry id="buff_stat_tooltip_activity_side_effect_chance_add_currency"><![CDATA[Increased chance of winning gold.]]></entry>
    <entry id="buff_stat_tooltip_activity_side_effect_chance_remove_trinket"><![CDATA[Increased chance of losing trinkets.]]></entry>
    <entry id="buff_stat_tooltip_activity_side_effect_chance_add_trinket"><![CDATA[Increased chance of winning trinkets.]]></entry>
    <entry id="str_select_campaign"><![CDATA[Select Campaign]]></entry>
    <entry id="str_inventory_title_trinketcrow_wingfeather"><![CDATA[Molted Wingfeather]]></entry>
    <entry id="str_inventory_title_trinketcrow_tailfeather"><![CDATA[Molted Tailfeather]]></entry>
    <entry id="str_inventory_title_trinketcrow_talon"><![CDATA[Callous Talon]]></entry>
    <entry id="str_inventory_title_trinketcrow_eye"><![CDATA[Distended Crowseye]]></entry>
    <entry id="enemy_type_name_thatchery"><![CDATA[Thatchery]]></entry>
    <entry id="town_provision_no_trinkets_equipped"><![CDATA[Your party is not fully outfitted with trinkets. Really embark?]]></entry>
    <entry id="str_game_mode_select_radiant_tooltip"><![CDATA[Radiant campaigns, while still challenging, are adjusted to be faster and more forgiving than normal. Suggested for your first Darkest Dungeon experience.]]></entry>
    <entry id="str_game_mode_select_base_tooltip"><![CDATA[Normal campaigns are the "original" settings for the game. While there is no time limit to win, the campaign will be longer and more challenging than Radiant mode.]]></entry>
    <entry id="str_game_mode_select_new_game_plus_tooltip"><![CDATA[Stygian campaigns are not for the faint of heart. Expect no quarter, no forgiveness. You must conquer the evil within a time and hero death limit. Also, many gameplay settings are locked.]]></entry>
    <entry id="str_achievement_description_o10"><![CDATA[Complete the game on Stygian]]></entry>
    <entry id="trinket_rarity_crow"><![CDATA[Shrieker]]></entry>
    <entry id="town_event_title_trinket_retention_add_from_storage"><![CDATA[A Thief in the Night]]></entry>
    <entry id="town_event_description_trinket_retention_add_from_storage"><![CDATA[In the end, however, the damnable thing managed to get away with its prize; the Hamlet's coffers all the poorer for having hosted the unwanted guest.]]></entry>
    <entry id="town_event_info_format_trinket_retention_add_from_storage"><![CDATA[The Shrieker has stolen %d of your trinkets!]]></entry>
    <entry id="town_event_title_plot_quest_crow_trinket"><![CDATA[Shrieker's Prize]]></entry>
    <entry id="town_event_description_plot_quest_crow_trinket"><![CDATA[Stunned by the apparent value of the thing concealed amidst its putrid feathers, onlookers wondered if a trek to its perch might not be in order...]]></entry>
    <entry id="town_quest_name_plot_crow_trinket"><![CDATA[Shrieker's Prize]]></entry>
    <entry id="town_quest_description_plot_crow_trinket"><![CDATA[Stunned by the apparent value of the thing concealed amidst its putrid feathers, onlookers wondered if a trek to its perch might not be in order...]]></entry>
    <entry id="town_quest_name_plot_trinket_retention_0"><![CDATA[Shrieker's Perch]]></entry>
    <entry id="town_quest_name_plot_trinket_retention_1"><![CDATA[Shrieker's Perch]]></entry>
    <entry id="town_quest_name_plot_trinket_retention_2"><![CDATA[Shrieker's Perch]]></entry>
    <entry id="town_quest_description_plot_trinket_retention_0"><![CDATA[It scours the land, picking up the trinkets left by dead heroes and hoarding them in its rotting nest.]]></entry>
    <entry id="town_quest_description_plot_trinket_retention_1"><![CDATA[It scours the land, picking up the trinkets left by dead heroes and hoarding them in its rotting nest.]]></entry>
    <entry id="town_quest_description_plot_trinket_retention_2"><![CDATA[It scours the land, picking up the trinkets left by dead heroes and hoarding them in its rotting nest.]]></entry>
    <entry id="town_quest_trinket_retention_description_format"><![CDATA[Defeat the Shrieker to recover %d of your lost trinkets.]]></entry>
    <entry id="str_plot_trinket_retention_0_tip"><![CDATA[The Shrieker's call is almost unbearable to human ears.]]></entry>
    <entry id="str_plot_trinket_retention_1_tip"><![CDATA[Crows are fickle things - defeat this ghastly nuisance before it flees!]]></entry>
    <entry id="str_plot_trinket_retention_2_tip"><![CDATA[Survivors of this encounter are sometimes rewarded with unique Quirks!]]></entry>
    <entry id="str_plot_crow_trinket_tip"><![CDATA[The Shrieker's call is almost unbearable to human ears.]]></entry>
    <entry id="str_plot_crow_trinket_tip"><![CDATA[Crows are fickle things - defeat this ghastly nuisance before it flees!]]></entry>
    <entry id="str_plot_crow_trinket_tip"><![CDATA[Survivors of this encounter are sometimes rewarded with unique Quirks!]]></entry>
    <entry id="town_quest_progress_plot_trinket_retention_add_from_storage"><![CDATA[Retrieve your stolen trinkets from the Callous Shrieker!]]></entry>
    <entry id="town_quest_progress_plot_trinket_retention_add_from_storage_0"><![CDATA[Retrieve your stolen trinkets from the Callous Caller!]]></entry>
    <entry id="town_quest_progress_plot_trinket_retention_add_from_storage_1"><![CDATA[Retrieve your stolen trinkets from the Callous Crier!]]></entry>
    <entry id="town_quest_progress_plot_trinket_retention_add_from_storage_2"><![CDATA[Retrieve your stolen trinkets from the Callous Shrieker!]]></entry>
    <entry id="town_quest_progress_plot_crow_trinket"><![CDATA[Hunt for the prized trinket on the Shrieker's Perch!]]></entry>
    <entry id="town_quest_progress_plot_crow_trinket_0"><![CDATA[Hunt for the prized trinket on the Shrieker's Perch!]]></entry>
    <entry id="town_quest_progress_plot_crow_trinket_1"><![CDATA[Hunt for the prized trinket on the Shrieker's Perch!]]></entry>
    <entry id="town_quest_progress_plot_crow_trinket_2"><![CDATA[Hunt for the prized trinket on the Shrieker's Perch!]]></entry>
    <entry id="town_quest_progress_plot_trinket_retention"><![CDATA[Retrieve your fallen heroes' trinkets from the Callous Shrieker!]]></entry>
    <entry id="town_quest_progress_plot_trinket_retention_0"><![CDATA[Retrieve your fallen heroes' trinkets from the Callous Caller!]]></entry>
    <entry id="town_quest_progress_plot_trinket_retention_1"><![CDATA[Retrieve your fallen heroes' trinkets from the Callous Crier!]]></entry>
    <entry id="town_quest_progress_plot_trinket_retention_2"><![CDATA[Retrieve your fallen heroes' trinkets from the Callous Shrieker!]]></entry>
    <entry id="str_embarked_on_plot_trinket_retention_add_from_storage"><![CDATA[{?hero_names}%s are raiding the Shrieker's Perch to recover the purloined trinkets!]]></entry>
    <entry id="str_returned_from_plot_trinket_retention_add_from_storage_success"><![CDATA[{?hero_names}%s were successful in retrieving the stolen trinkets!]]></entry>
    <entry id="str_returned_from_plot_trinket_retention_add_from_storage_failure"><![CDATA[{?hero_names}%s were unable to recover their lost items.]]></entry>
    <entry id="str_embarked_on_plot_crow_trinket"><![CDATA[{?hero_names}%s are raiding the Shrieker's Perch in search of valuable treasures!]]></entry>
    <entry id="str_returned_from_plot_crow_trinket_success"><![CDATA[{?hero_names}%s were successful in retrieving powerful relics from the greedy Shrieker!]]></entry>
    <entry id="str_returned_from_plot_crow_trinket_failure"><![CDATA[{?hero_names}%s were unable to aquire new loot from the fiendish Shrieker!]]></entry>
    <entry id="str_embarked_on_plot_trinket_retention_0"><![CDATA[Set off on the difficult climb to the Skreiker's Perch in hopes of finding lost equipment.]]></entry>
    <entry id="str_embarked_on_plot_trinket_retention_1"><![CDATA[Set off on the difficult climb to the Skreiker's Perch in hopes of finding lost equipment.]]></entry>
    <entry id="str_embarked_on_plot_trinket_retention_2"><![CDATA[Set off on the difficult climb to the Skreiker's Perch in hopes of finding lost equipment.]]></entry>
    <entry id="str_returned_from_plot_trinket_retention_0_failure"><![CDATA[returned empty-handed from their battle with the Shrieker.]]></entry>
    <entry id="str_returned_from_plot_trinket_retention_1_failure"><![CDATA[returned empty-handed from their battle with the Shrieker.]]></entry>
    <entry id="str_returned_from_plot_trinket_retention_2_failure"><![CDATA[returned empty-handed from their battle with the Shrieker.]]></entry>
    <entry id="str_returned_from_plot_trinket_retention_0_success"><![CDATA[{?hero_names}%s were successful in retrieving their trinkets from the avaricious Shrieker!]]></entry>
    <entry id="str_returned_from_plot_trinket_retention_1_success"><![CDATA[{?hero_names}%s were successful in retrieving their trinkets from the avaricious Shrieker!]]></entry>
    <entry id="str_returned_from_plot_trinket_retention_2_success"><![CDATA[{?hero_names}%s were successful in retrieving their trinkets from the avaricious Shrieker!]]></entry>
    <entry id="str_flagellation_add_buff_townFlagellationBleedDebuff_story"><![CDATA[{colour_start|town_activity_log_building_name}{?building_name}%s:{colour_end} {colour_start|notable}{?hero_name}%s{colour_end}'s bloodletting was a bit too {colour_start|town_activity_log_negative_result}{?description}%s{colour_end}.]]></entry>
    <entry id="str_flagellation_add_buff_townFlagellationBleedDebuff_story_desc"><![CDATA[effective]]></entry>
    <entry id="str_drinking_add_buff_townDrinkingHPBuff_story"><![CDATA[{colour_start|town_activity_log_building_name}{?building_name}%s:{colour_end} {colour_start|notable}{?hero_name}%s{colour_end} feels {colour_start|town_activity_log_positive_result}{?description}%s{colour_end} thanks to imbibing strong spirits.]]></entry>
    <entry id="str_drinking_add_buff_townDrinkingHPBuff_story_desc"><![CDATA[fierce and hale]]></entry>
    <entry id="str_brothel_add_buff_townBrothelDestressBuff_story"><![CDATA[{colour_start|town_activity_log_building_name}{?building_name}%s:{colour_end} {colour_start|notable}{?hero_name}%s{colour_end} feels {colour_start|town_activity_log_positive_result}{?description}%s{colour_end} after a night amongst the cushions.]]></entry>
    <entry id="str_brothel_add_buff_townBrothelDestressBuff_story_desc"><![CDATA[sated and relaxed]]></entry>
    <entry id="str_prayer_add_buff_townPrayerDestressBuff_story"><![CDATA[{colour_start|town_activity_log_building_name}{?building_name}%s:{colour_end} {colour_start|notable}{?hero_name}%s{colour_end} is filled with {colour_start|town_activity_log_positive_result}{?description}%s{colour_end} after communing with a Higher Power.]]></entry>
    <entry id="str_prayer_add_buff_townPrayerDestressBuff_story_desc"><![CDATA[hope]]></entry>
    <entry id="str_gambling_add_quirk_skilled_gambler_story"><![CDATA[{colour_start|town_activity_log_building_name}{?building_name}%s:{colour_end} {colour_start|notable}{?hero_name}%s{colour_end} has become a shrewd risk-taker. New Quirk: {?quirk_name}%s]]></entry>
    <entry id="str_brothel_currency_lost_story"><![CDATA[{colour_start|town_activity_log_building_name}{?building_name}%s:{colour_end} {colour_start|notable}{?hero_name}%s{colour_end} {colour_start|town_activity_log_negative_result}can't find {?amount}%d gold{colour_end} after donning all their clothes.]]></entry>
    <entry id="str_prayer_add_trinket_story"><![CDATA[{colour_start|town_activity_log_building_name}{?building_name}%s:{colour_end} {colour_start|notable}{?hero_name}%s{colour_end} has impressed the Abbot with piety and was given a trinket as a gift! {colour_start|town_activity_log_positive_result}{?trinket_name}%s{colour_end}]]></entry>
    <entry id="str_brothel_remove_trinket_story"><![CDATA[{colour_start|town_activity_log_building_name}{?building_name}%s:{colour_end} {colour_start|notable}{?hero_name}%s{colour_end} was "distracted" and misplaced a trinkett: {colour_start|town_activity_log_negative_result}{?trinket_name}%s{colour_end}]]></entry>
    <entry id="buff_stat_tooltip_disable_combat_skill_attribute_heal"><![CDATA[Healing Prevented!]]></entry>
    <entry id="str_bark_stressdot"><![CDATA[The whispers...]]></entry>
    <entry id="str_bark_stressdot"><![CDATA[What am I doing here?]]></entry>
    <entry id="str_bark_stressdot"><![CDATA[They can sense my weakness!]]></entry>
    <entry id="str_bark_stressdot"><![CDATA[My hand shakes.]]></entry>
    <entry id="str_bark_stressdot"><![CDATA[The floor seems to pitch and buckle!]]></entry>
    <entry id="str_bark_stressdot"><![CDATA[I must master my fear!]]></entry>
    <entry id="str_bark_stressdot"><![CDATA[Overwhelming terror!]]></entry>
    <entry id="str_ui_stress_dot"><![CDATA[Horror]]></entry>
    <entry id="tray_icon_tooltip_stress_dot_format"><![CDATA[%d stress per rd (%d rds)]]></entry>
    <entry id="str_quirk_name_corvids_curiosity"><![CDATA[Corvid's Curiosity]]></entry>
    <entry id="str_quirk_name_corvids_appetite"><![CDATA[Corvid's Appetite]]></entry>
    <entry id="str_quirk_name_corvids_blindness"><![CDATA[Corvid's Blindness]]></entry>
    <entry id="str_quirk_name_corvids_grace"><![CDATA[Corvid's Grace]]></entry>
    <entry id="str_quirk_name_corvids_eye"><![CDATA[Corvid's Eye]]></entry>
    <entry id="str_quirk_name_corvids_resilience"><![CDATA[Corvid's Resilience]]></entry>
    <entry id="quirk_curio_tag_explicit_format"><![CDATA[Curio Tag: {?curio_tag_chance}%+d%% chance of interacting with {?curio_tag}%s curios]]></entry>
    <entry id="curio_type_All"><![CDATA[all]]></entry>
    <entry id="curio_type_Unholy"><![CDATA[unholy]]></entry>
    <entry id="curio_type_Workship"><![CDATA[worship]]></entry>
    <entry id="curio_type_Treasure"><![CDATA[treasure]]></entry>
    <entry id="curio_type_Torture"><![CDATA[torture]]></entry>
    <entry id="curio_type_Fountain"><![CDATA[fountain]]></entry>
    <entry id="curio_type_Reflective"><![CDATA[reflective]]></entry>
    <entry id="curio_type_Food"><![CDATA[food]]></entry>
    <entry id="curio_type_Body"><![CDATA[body]]></entry>
    <entry id="curio_type_Drink"><![CDATA[drink]]></entry>
    <entry id="curio_type_Haunted"><![CDATA[haunted]]></entry>
    <entry id="trigger_curio_quirk_corvids_curiosity"><![CDATA[Shiny!]]></entry>
    <entry id="trigger_curio_quirk_corvids_curiosity"><![CDATA[Interesting!]]></entry>
    <entry id="trigger_curio_quirk_corvids_curiosity"><![CDATA[Hmmm...]]></entry>
    <entry id="trigger_curio_quirk_corvids_appetite"><![CDATA[That smell...delicious!]]></entry>
    <entry id="trigger_curio_quirk_corvids_appetite"><![CDATA[An unusual meal, but a meal nonetheless!]]></entry>
    <entry id="trigger_curio_quirk_corvids_appetite"><![CDATA[<stomach grumbles>]]></entry>
    <entry id="str_quirk_description_corvids_curiosity"><![CDATA[Cannot resist the lure of shiny things.]]></entry>
    <entry id="str_quirk_description_corvids_appetite"><![CDATA[Insatiable appetite for carrion.]]></entry>
    <entry id="str_monster_skill_wicked_surge"><![CDATA[Wicked Surge]]></entry>
    <entry id="str_monster_skill_into_the_ranks"><![CDATA[Defend the Icon]]></entry>
    <entry id="str_monster_skill_unholy_rally"><![CDATA[Unholy Rally]]></entry>
    <entry id="str_monster_skill_heinous_icon"><![CDATA[Heinous Icon]]></entry>
    <entry id="str_monster_skill_ruinous_hex"><![CDATA[Ruinous Hex]]></entry>
    <entry id="str_monster_skill_putrefying_breath"><![CDATA[Putrefying Breath]]></entry>
    <entry id="str_monster_skill_from_death_comes_life"><![CDATA[From Death Comes Life]]></entry>
    <entry id="str_monster_skill_sporic_miasma"><![CDATA[Sporic Miasma]]></entry>
    <entry id="str_monster_skill_spit_to_roast"><![CDATA[Spit To Roast]]></entry>
    <entry id="str_monster_skill_cripple_them"><![CDATA[Cripple Them]]></entry>
    <entry id="str_monster_skill_goring_flight"><![CDATA[Goring Flight]]></entry>
    <entry id="str_monster_skill_maddening_shanty"><![CDATA[Maddening Shanty]]></entry>
    <entry id="str_monster_skill_offkilter_jig"><![CDATA[Offkilter Jig]]></entry>
    <entry id="str_monster_skill_caw"><![CDATA[Caw]]></entry>
    <entry id="str_monster_skill_peck"><![CDATA[Peck]]></entry>
    <entry id="str_monster_skill_distract"><![CDATA[Regurgitate]]></entry>
    <entry id="str_monster_skill_flutter"><![CDATA[Call the Murder]]></entry>
    <entry id="str_monster_skill_escape"><![CDATA[Shrieking Flight]]></entry>
    <entry id="str_monster_skill_shield_defend"><![CDATA[Foul Warding]]></entry>
    <entry id="str_monstername_skeleton_bearer_A"><![CDATA[Bone Bearer]]></entry>
    <entry id="str_monstername_skeleton_bearer_B"><![CDATA[Bone Bearer]]></entry>
    <entry id="str_monstername_skeleton_bearer_C"><![CDATA[Bone Bearer]]></entry>
    <entry id="str_monstername_virago_hateful_A"><![CDATA[Hateful Virago]]></entry>
    <entry id="str_monstername_virago_hateful_B"><![CDATA[Hateful Virago]]></entry>
    <entry id="str_monstername_virago_hateful_C"><![CDATA[Hateful Virago]]></entry>
    <entry id="str_monstername_virago_shroom_A"><![CDATA[Necrotic Fungus]]></entry>
    <entry id="str_monstername_virago_shroom_B"><![CDATA[Necrotic Fungus]]></entry>
    <entry id="str_monstername_virago_shroom_C"><![CDATA[Necrotic Fungus]]></entry>
    <entry id="str_monstername_drowned_pirate_A"><![CDATA[Squiffy Ghast]]></entry>
    <entry id="str_monstername_drowned_pirate_B"><![CDATA[Squiffy Ghast]]></entry>
    <entry id="str_monstername_drowned_pirate_C"><![CDATA[Squiffy Ghast]]></entry>
    <entry id="str_monstername_swine_skiver_A"><![CDATA[Swine Skiver]]></entry>
    <entry id="str_monstername_swine_skiver_B"><![CDATA[Swine Skiver]]></entry>
    <entry id="str_monstername_swine_skiver_C"><![CDATA[Swine Skiver]]></entry>
    <entry id="str_monstername_crow_A"><![CDATA[Callous Shrieker]]></entry>
    <entry id="str_monstername_crow_B"><![CDATA[Cretinous Shrieker]]></entry>
    <entry id="str_monstername_crow_C"><![CDATA[Horrid Shrieker]]></entry>
    <entry id="str_monstername_nest_A"><![CDATA[Shrieker's Nest]]></entry>
    <entry id="str_monstername_nest_B"><![CDATA[Shrieker's Nest]]></entry>
    <entry id="str_monstername_nest_C"><![CDATA[Shrieker's Nest]]></entry>
    <entry id="str_achievement_title_r1"><![CDATA[Mine goes to 11]]></entry>
    <entry id="str_achievement_description_r1"><![CDATA[Kill a Squiffy Ghast with a Jester]]></entry>
    <entry id="str_achievement_title_r2"><![CDATA[Murder of Crows]]></entry>
    <entry id="str_achievement_description_r2"><![CDATA[Kill the Shrieker]]></entry>
    <entry id="str_achievement_title_r2"><![CDATA[Four on the Floor]]></entry>
    <entry id="str_achievement_description_r2"><![CDATA[Kill Squiffy Ghast, Swine Skiver, Bone Bearer and Hateful Virago]]></entry>
    <entry id="str_achievement_title_r3"><![CDATA[Entry Level]]></entry>
    <entry id="str_achievement_description_r3"><![CDATA[Complete the game on Radiant]]></entry>
    <entry id="str_achievement_description_o6"><![CDATA[Complete the game on Darkest]]></entry>
  </language>
</root>

